customer_id,cb_person_cred_hist_length,credit_score,previous_loan_defaults_on_file
C001,3,561,No
C002,2,504,Yes
C003,3,635,No
C004,2,675,No
C005,4,586,No
C006,2,532,No
C007,3,701,No
C008,4,585,No
C009,2,544,No
C010,3,640,No
C011,4,621,No
C012,2,651,No
C013,2,573,No
C014,4,708,No
C015,4,583,No
C016,3,670,Yes
C017,4,663,No
C018,4,694,No
C019,4,709,No
C020,2,679,No
C021,4,684,Yes
C022,2,662,No
C023,4,691,No
C024,3,600,Yes
C025,4,691,No
C026,3,654,No
C027,3,626,No
C028,3,607,No
C029,3,700,No
C030,2,553,No
C031,3,589,No
C032,2,586,Yes
C033,3,681,No
C034,3,567,Yes
C035,4,669,No
C036,4,600,No
C037,2,606,No
C038,3,582,No
C039,4,649,No
C040,4,602,No
C041,2,616,No
C042,3,631,No
C043,4,684,Yes
C044,2,637,Yes
C045,4,649,No
C046,3,695,Yes
C047,3,620,No
C048,3,622,No
C049,3,645,No
C050,3,654,No
C051,4,624,No
C052,3,570,No
C053,3,648,No
C054,2,652,No
C055,4,559,No
C056,3,623,Yes
C057,3,602,Yes
C058,4,609,No
C059,4,573,Yes
C060,3,631,Yes
C061,4,623,Yes
C062,2,602,Yes
C063,4,579,No
C064,2,582,No
C065,3,700,No
C066,3,688,No
C067,3,607,Yes
C068,2,661,Yes
C069,2,562,Yes
C070,4,664,Yes
C071,3,564,No
C072,2,598,No
C073,3,557,No
C074,2,677,No
C075,3,690,No
C076,3,599,No
C077,3,604,No
C078,4,663,No
C079,2,601,No
C080,4,634,No
C081,3,671,No
C082,3,789,No
C083,3,622,No
C084,2,538,Yes
C085,4,587,No
C086,4,683,No
C087,2,634,Yes
C088,2,690,No
C089,3,518,No
C090,3,583,No
C091,2,617,Yes
C092,2,668,No
C093,2,673,No
C094,3,706,No
C095,2,536,No
C096,3,557,Yes
C097,3,689,Yes
C098,3,681,No
C099,4,623,Yes
C100,4,595,Yes
C101,3,584,Yes
C102,3,669,No
C103,2,642,Yes
C104,4,622,Yes
C105,3,689,No
C106,4,614,No
C107,3,597,Yes
C108,3,673,No
C109,3,625,No
C110,4,603,No
C111,3,589,No
C112,4,670,Yes
C113,2,637,Yes
C114,2,643,No
C115,4,508,Yes
C116,4,643,No
C117,2,505,No
C118,2,593,No
C119,4,686,No
C120,3,646,No
C121,3,645,No
C122,3,697,No
C123,2,648,No
C124,2,640,Yes
C125,4,681,No
C126,2,646,No
C127,2,615,Yes
C128,3,687,No
C129,3,650,No
C130,2,588,No
C131,2,652,No
C132,4,658,No
C133,2,634,No
C134,3,623,No
C135,4,635,No
C136,4,531,No
C137,2,665,Yes
C138,3,703,No
C139,3,585,Yes
C140,2,594,No
C141,3,618,Yes
C142,2,626,Yes
C143,2,695,No
C144,4,690,No
C145,4,574,No
C146,2,602,No
C147,2,679,No
C148,4,615,No
C149,4,601,No
C150,4,577,Yes
C151,4,588,Yes
C152,2,595,No
C153,4,653,No
C154,4,663,No
C155,3,653,No
C156,3,598,No
C157,4,630,No
C158,2,637,No
C159,3,660,Yes
C160,3,639,No
C161,4,626,No
C162,3,612,No
C163,3,628,No
C164,2,592,No
C165,3,580,No
C166,2,634,No
C167,2,678,No
C168,4,557,Yes
C169,4,672,No
C170,3,613,No
C171,4,566,No
C172,4,718,No
C173,2,484,No
C174,3,634,No
C175,2,653,Yes
C176,2,699,No
C177,4,656,Yes
C178,3,626,Yes
C179,2,659,No
C180,4,604,Yes
C181,2,636,No
C182,3,554,No
C183,4,587,Yes
C184,2,807,No
C185,3,708,Yes
C186,2,669,Yes
C187,3,578,No
C188,3,615,No
C189,2,553,No
C190,4,635,No
C191,2,531,No
C192,4,621,No
C193,3,674,No
C194,3,688,No
C195,2,597,No
C196,3,640,No
C197,2,621,No
C198,3,608,Yes
C199,3,653,No
C200,3,585,No
C201,4,569,No
C202,3,587,No
C203,4,631,No
C204,2,592,No
C205,4,679,No
C206,2,645,No
C207,2,669,No
C208,3,653,No
C209,2,577,No
C210,2,668,Yes
C211,4,629,No
C212,4,643,No
C213,3,626,No
C214,3,560,Yes
C215,4,648,No
C216,4,648,No
C217,4,669,Yes
C218,3,536,Yes
C219,2,548,No
C220,3,667,No
C221,3,676,No
C222,4,570,Yes
C223,2,623,No
C224,2,652,Yes
C225,2,625,No
C226,2,642,No
C227,2,580,No
C228,2,622,No
C229,4,581,No
C230,4,623,No
C231,2,583,No
C232,4,645,No
C233,2,593,Yes
C234,2,659,Yes
C235,4,655,Yes
C236,2,583,Yes
C237,4,582,No
C238,3,504,Yes
C239,2,551,Yes
C240,3,529,Yes
C241,4,674,No
C242,4,595,No
C243,3,597,No
C244,3,566,No
C245,2,666,No
C246,3,695,No
C247,3,576,Yes
C248,4,651,Yes
C249,3,633,Yes
C250,2,566,No
C251,4,583,No
C252,4,586,Yes
C253,4,592,Yes
C254,2,598,Yes
C255,4,637,Yes
C256,4,628,No
C257,4,667,No
C258,3,621,Yes
C259,3,668,No
C260,4,544,No
C261,2,699,No
C262,4,611,No
C263,2,615,No
C264,4,559,Yes
C265,3,577,Yes
C266,4,657,Yes
C267,4,676,Yes
C268,2,601,No
C269,4,647,No
C270,3,576,No
C271,4,612,No
C272,3,678,No
C273,4,542,No
C274,3,709,Yes
C275,3,622,Yes
C276,4,642,Yes
C277,4,660,No
C278,3,587,Yes
C279,4,646,No
C280,3,637,No
C281,4,718,No
C282,2,588,Yes
C283,2,652,No
C284,3,620,Yes
C285,4,667,No
C286,2,688,No
C287,2,667,No
C288,2,692,No
C289,4,562,No
C290,4,625,Yes
C291,3,649,No
C292,4,545,Yes
C293,4,540,No
C294,3,637,Yes
C295,4,600,No
C296,2,633,No
C297,2,588,No
C298,3,624,Yes
C299,3,525,Yes
C300,3,616,Yes
C301,4,675,No
C302,3,662,No
C303,4,585,Yes
C304,3,686,No
C305,4,595,No
C306,2,537,Yes
C307,2,625,No
C308,2,641,Yes
C309,3,661,No
C310,4,577,No
C311,4,537,Yes
C312,4,646,Yes
C313,2,653,No
C314,3,654,No
C315,2,635,No
C316,2,675,Yes
C317,3,618,No
C318,2,609,No
C319,2,545,Yes
C320,2,629,No
C321,4,539,No
C322,4,593,Yes
C323,2,683,No
C324,2,670,Yes
C325,2,662,No
C326,4,681,Yes
C327,3,636,No
C328,3,677,Yes
C329,2,656,Yes
C330,4,674,Yes
C331,4,587,No
C332,2,658,No
C333,3,581,Yes
C334,3,606,Yes
C335,3,648,No
C336,3,563,Yes
C337,2,589,Yes
C338,2,641,No
C339,4,637,No
C340,3,578,Yes
C341,2,660,Yes
C342,2,586,No
C343,4,567,Yes
C344,4,582,Yes
C345,4,712,Yes
C346,3,674,No
C347,3,532,Yes
C348,2,670,No
C349,4,658,No
C350,4,669,No
C351,4,681,Yes
C352,2,618,No
C353,4,573,Yes
C354,3,491,Yes
C355,3,590,No
C356,4,587,No
C357,2,648,No
C358,3,687,No
C359,2,621,No
C360,3,590,Yes
C361,2,676,Yes
C362,2,677,Yes
C363,4,651,Yes
C364,4,602,Yes
C365,4,652,No
C366,4,572,No
C367,4,528,No
C368,3,638,No
C369,3,655,No
C370,4,627,Yes
C371,2,596,No
C372,4,694,No
C373,2,684,Yes
C374,4,547,No
C375,4,586,Yes
C376,4,694,No
C377,4,639,No
C378,4,663,No
C379,4,528,No
C380,3,636,No
C381,4,603,No
C382,2,507,No
C383,2,692,No
C384,2,604,No
C385,3,622,No
C386,3,643,No
C387,2,565,No
C388,2,718,Yes
C389,3,625,Yes
C390,4,614,Yes
C391,3,690,Yes
C392,2,564,Yes
C393,4,579,Yes
C394,4,648,No
C395,2,531,Yes
C396,2,658,No
C397,3,574,No
C398,4,671,No
C399,2,633,No
C400,3,631,Yes
C401,3,652,Yes
C402,3,683,No
C403,3,693,No
C404,4,603,No
C405,2,522,No
C406,3,664,No
C407,2,645,No
C408,2,592,No
C409,3,636,Yes
C410,2,672,No
C411,2,686,Yes
C412,4,590,No
C413,4,636,No
C414,4,580,No
C415,3,674,No
C416,2,601,No
C417,3,620,No
C418,2,642,No
C419,2,616,No
C420,3,588,No
C421,2,585,No
C422,4,632,No
C423,4,556,No
C424,3,602,No
C425,4,639,No
C426,4,603,No
C427,2,689,No
C428,4,672,No
C429,4,499,No
C430,3,643,No
C431,3,589,No
C432,3,646,No
C433,3,613,No
C434,3,567,No
C435,2,603,No
C436,4,647,No
C437,2,645,No
C438,2,672,No
C439,3,648,No
C440,2,653,No
C441,3,590,No
C442,4,704,Yes
C443,4,674,No
C444,2,594,No
C445,4,626,No
C446,4,701,Yes
C447,4,602,No
C448,2,503,No
C449,4,657,No
C450,4,638,No
C451,4,646,Yes
C452,3,678,No
C453,4,684,Yes
C454,2,594,No
C455,3,538,Yes
C456,2,662,No
C457,2,636,Yes
C458,3,613,No
C459,4,573,Yes
C460,2,714,No
C461,3,640,No
C462,4,637,No
C463,4,633,Yes
C464,2,615,No
C465,2,552,Yes
C466,3,670,Yes
C467,2,678,No
C468,2,676,No
C469,3,624,No
C470,2,649,No
C471,4,555,Yes
C472,4,613,No
C473,2,684,No
C474,2,647,No
C475,3,580,No
C476,2,630,No
C477,2,589,No
C478,3,621,No
C479,2,665,No
C480,4,668,No
C481,4,615,Yes
C482,3,604,No
C483,4,620,No
C484,2,558,No
C485,3,603,No
C486,2,683,Yes
C487,2,641,No
C488,4,521,No
C489,2,655,No
C490,3,663,No
C491,2,605,No
C492,4,708,No
C493,3,571,No
C494,3,678,No
C495,2,597,No
C496,2,689,No
C497,4,675,No
C498,3,591,No
C499,2,616,No
C500,4,640,No
C501,2,593,No
C502,2,649,No
C503,3,645,No
C504,4,537,No
C505,2,635,No
C506,3,640,Yes
C507,2,625,No
C508,3,557,No
C509,3,643,No
C510,3,631,No
C511,4,653,Yes
C512,2,623,Yes
C513,2,662,No
C514,3,667,No
C515,4,586,No
C516,3,719,No
C517,2,646,No
C518,3,646,No
C519,4,646,No
C520,3,643,Yes
C521,2,594,No
C522,2,664,No
C523,2,605,No
C524,4,646,No
C525,3,655,No
C526,3,597,No
C527,3,679,No
C528,3,654,No
C529,2,556,No
C530,4,694,No
C531,4,587,No
C532,3,620,No
C533,3,701,No
C534,3,572,Yes
C535,4,671,No
C536,3,599,No
C537,2,610,No
C538,2,588,No
C539,2,691,No
C540,3,645,No
C541,2,618,No
C542,3,672,No
C543,4,650,No
C544,4,687,No
C545,4,535,No
C546,4,604,No
C547,4,601,No
C548,3,612,Yes
C549,4,666,No
C550,2,645,No
C551,4,678,No
C552,3,644,No
C553,4,614,Yes
C554,3,627,No
C555,3,523,Yes
C556,3,571,No
C557,4,546,No
C558,2,640,No
C559,3,648,Yes
C560,4,593,No
C561,3,658,Yes
C562,3,701,No
C563,3,702,No
C564,3,711,Yes
C565,3,570,Yes
C566,3,637,No
C567,2,621,No
C568,3,637,No
C569,2,534,No
C570,3,577,Yes
C571,2,638,No
C572,2,548,No
C573,3,676,No
C574,3,641,No
C575,4,630,Yes
C576,3,805,Yes
C577,2,518,No
C578,2,652,No
C579,3,600,No
C580,4,649,No
C581,4,576,Yes
C582,4,600,No
C583,4,654,No
C584,4,593,No
C585,2,614,No
C586,4,638,No
C587,4,633,No
C588,2,649,No
C589,4,591,No
C590,3,656,No
C591,2,637,No
C592,3,682,Yes
C593,4,645,No
C594,4,602,No
C595,2,637,Yes
C596,3,662,Yes
C597,3,447,No
C598,4,636,No
C599,4,631,No
C600,2,632,No
C601,2,670,No
C602,3,700,No
C603,3,650,No
C604,2,665,No
C605,2,582,No
C606,3,656,No
C607,3,635,No
C608,4,672,No
C609,4,612,Yes
C610,4,615,No
C611,2,725,No
C612,3,639,No
C613,2,691,No
C614,2,681,No
C615,3,604,Yes
C616,4,688,No
C617,3,672,No
C618,3,680,No
C619,3,640,No
C620,3,629,No
C621,2,677,No
C622,4,571,No
C623,3,647,No
C624,4,568,No
C625,4,700,No
C626,3,570,Yes
C627,2,633,No
C628,2,646,No
C629,3,614,No
C630,3,532,No
C631,4,617,No
C632,4,603,No
C633,3,588,No
C634,4,668,No
C635,4,643,No
C636,4,639,No
C637,2,525,No
C638,3,666,No
C639,3,642,No
C640,4,646,No
C641,3,634,Yes
C642,2,655,No
C643,4,682,No
C644,2,631,Yes
C645,2,600,No
C646,4,641,No
C647,2,524,Yes
C648,2,669,Yes
C649,2,593,No
C650,3,654,No
C651,3,665,No
C652,4,649,No
C653,2,579,No
C654,2,671,No
C655,4,693,Yes
C656,2,626,Yes
C657,2,677,No
C658,3,594,No
C659,3,592,No
C660,4,583,No
C661,3,592,No
C662,2,628,No
C663,3,567,No
C664,2,654,No
C665,4,623,No
C666,4,661,Yes
C667,3,658,No
C668,3,667,No
C669,3,602,No
C670,2,687,No
C671,3,626,Yes
C672,4,662,No
C673,2,536,No
C674,4,623,No
C675,4,647,No
C676,4,606,No
C677,4,645,No
C678,2,632,No
C679,4,634,No
C680,3,645,No
C681,3,574,No
C682,4,576,No
C683,3,664,No
C684,2,562,No
C685,2,637,No
C686,3,656,No
C687,2,590,No
C688,3,653,No
C689,3,612,No
C690,2,703,No
C691,3,596,No
C692,4,586,Yes
C693,2,650,Yes
C694,4,610,No
C695,4,650,No
C696,2,579,No
C697,2,534,No
C698,2,540,No
C699,2,584,No
C700,2,584,No
C701,2,639,No
C702,2,607,Yes
C703,2,681,No
C704,4,710,No
C705,4,634,Yes
C706,4,595,No
C707,2,707,Yes
C708,2,627,Yes
C709,4,592,Yes
C710,4,699,No
C711,2,566,Yes
C712,3,667,Yes
C713,3,638,No
C714,4,620,No
C715,2,667,Yes
C716,2,655,No
C717,3,666,No
C718,2,655,No
C719,3,604,Yes
C720,3,672,Yes
C721,3,596,No
C722,4,658,Yes
C723,2,608,No
C724,4,686,Yes
C725,3,687,No
C726,4,652,Yes
C727,3,603,No
C728,3,622,Yes
C729,4,660,No
C730,2,572,Yes
C731,3,641,Yes
C732,3,674,No
C733,4,693,No
C734,3,628,No
C735,3,688,No
C736,3,635,Yes
C737,3,662,No
C738,4,652,No
C739,4,619,Yes
C740,2,655,No
C741,3,653,No
C742,4,565,Yes
C743,2,613,Yes
C744,4,663,No
C745,2,540,Yes
C746,3,598,Yes
C747,2,653,Yes
C748,4,714,Yes
C749,2,460,No
C750,2,643,No
C751,4,632,No
C752,3,578,No
C753,4,642,Yes
C754,4,688,No
C755,4,696,No
C756,4,527,Yes
C757,4,611,No
C758,4,545,Yes
C759,4,644,Yes
C760,4,511,Yes
C761,4,616,Yes
C762,4,656,No
C763,3,656,No
C764,3,581,Yes
C765,4,477,No
C766,4,664,No
C767,2,563,Yes
C768,4,623,Yes
C769,2,704,No
C770,2,691,No
C771,4,648,No
C772,4,662,No
C773,3,569,No
C774,2,642,No
C775,4,663,Yes
C776,2,627,Yes
C777,2,610,Yes
C778,2,534,Yes
C779,2,678,No
C780,2,597,Yes
C781,3,653,Yes
C782,2,571,No
C783,3,659,Yes
C784,3,619,Yes
C785,2,663,No
C786,2,621,Yes
C787,4,575,Yes
C788,4,477,Yes
C789,4,639,Yes
C790,2,611,No
C791,3,630,No
C792,4,560,Yes
C793,3,537,Yes
C794,2,694,No
C795,4,657,Yes
C796,3,572,Yes
C797,4,618,Yes
C798,2,649,No
C799,4,496,Yes
C800,2,680,No
C801,2,606,Yes
C802,3,612,Yes
C803,4,477,Yes
C804,4,606,Yes
C805,2,658,No
C806,2,602,Yes
C807,2,571,No
C808,2,701,No
C809,3,665,No
C810,2,635,Yes
C811,3,643,Yes
C812,2,636,No
C813,4,645,No
C814,4,575,Yes
C815,2,647,Yes
C816,4,569,Yes
C817,4,528,No
C818,4,626,No
C819,3,664,No
C820,3,650,No
C821,2,600,Yes
C822,2,672,No
C823,2,563,Yes
C824,3,665,No
C825,4,605,Yes
C826,4,653,No
C827,2,685,No
C828,3,580,Yes
C829,4,672,Yes
C830,3,646,No
C831,2,636,Yes
C832,3,559,No
C833,2,654,No
C834,4,632,No
C835,3,672,No
C836,3,630,No
C837,3,476,Yes
C838,3,691,Yes
C839,4,672,Yes
C840,2,709,No
C841,3,521,Yes
C842,3,564,No
C843,2,626,No
C844,2,662,No
C845,2,667,No
C846,2,690,No
C847,4,628,Yes
C848,3,562,Yes
C849,3,670,No
C850,4,602,No
C851,2,595,Yes
C852,2,687,No
C853,4,668,Yes
C854,2,657,Yes
C855,2,527,Yes
C856,4,524,Yes
C857,3,606,Yes
C858,4,546,Yes
C859,3,681,No
C860,3,502,No
C861,3,604,No
C862,4,599,Yes
C863,4,644,Yes
C864,3,660,Yes
C865,4,652,No
C866,2,615,No
C867,3,638,Yes
C868,2,680,Yes
C869,2,611,No
C870,4,578,No
C871,4,617,Yes
C872,2,659,No
C873,2,570,No
C874,2,658,Yes
C875,3,484,Yes
C876,4,645,Yes
C877,2,541,No
C878,4,610,No
C879,4,722,No
C880,4,668,No
C881,4,628,Yes
C882,2,667,No
C883,4,540,Yes
C884,4,547,Yes
C885,3,602,Yes
C886,2,611,No
C887,2,669,Yes
C888,3,559,No
C889,3,642,No
C890,4,562,No
C891,4,559,No
C892,3,591,No
C893,3,506,Yes
C894,3,623,No
C895,2,600,Yes
C896,3,599,No
C897,3,604,No
C898,3,619,Yes
C899,4,665,Yes
C900,4,655,Yes
C901,2,606,No
C902,3,562,No
C903,2,648,No
C904,4,645,No
C905,4,610,No
C906,3,607,Yes
C907,4,649,No
C908,4,640,No
C909,4,664,No
C910,2,611,No
C911,2,621,No
C912,4,589,Yes
C913,4,671,Yes
C914,3,653,No
C915,2,642,Yes
C916,2,664,No
C917,2,592,Yes
C918,2,663,No
C919,2,582,Yes
C920,3,655,No
C921,3,632,No
C922,2,505,No
C923,2,661,Yes
C924,3,667,No
C925,4,694,No
C926,3,641,No
C927,2,640,No
C928,3,690,No
C929,4,673,No
C930,3,619,No
C931,3,697,Yes
C932,3,608,Yes
C933,2,605,No
C934,2,592,No
C935,4,642,Yes
C936,2,692,No
C937,3,584,No
C938,2,598,Yes
C939,2,653,No
C940,2,649,No
C941,2,674,Yes
C942,4,655,No
C943,3,636,Yes
C944,3,571,No
C945,4,631,No
C946,3,587,No
C947,3,657,No
C948,3,687,No
C949,2,561,No
C950,4,684,No
C951,3,639,No
C952,2,590,No
C953,3,610,No
C954,2,594,No
C955,3,609,No
C956,3,633,No
C957,2,685,No
C958,4,663,No
C959,4,562,No
C960,4,647,No
C961,3,601,No
C962,2,639,No
C963,4,679,No
C964,2,639,No
C965,4,662,No
C966,3,654,No
C967,4,693,No
C968,4,662,No
C969,3,675,No
C970,4,624,Yes
C971,2,642,No
C972,4,689,Yes
C973,2,603,Yes
C974,2,487,No
C975,2,608,No
C976,4,664,No
C977,2,660,No
C978,3,654,No
C979,2,672,No
C980,2,591,No
C981,3,618,No
C982,3,614,Yes
C983,2,709,No
C984,4,674,No
C985,4,628,No
C986,2,673,No
C987,4,595,Yes
C988,3,651,No
C989,2,618,No
C990,2,620,Yes
C991,4,641,No
C992,4,638,No
C993,4,572,No
C994,4,683,No
C995,2,647,No
C996,3,554,No
C997,2,634,No
C998,3,574,Yes
C999,2,594,No
C1000,4,646,No
C1001,4,506,No
C1002,3,671,No
C1003,2,530,No
C1004,4,609,No
C1005,2,678,No
C1006,3,661,No
C1007,4,667,No
C1008,3,631,Yes
C1009,2,515,Yes
C1010,3,664,No
C1011,4,634,Yes
C1012,3,655,No
C1013,4,513,Yes
C1014,4,562,Yes
C1015,3,618,Yes
C1016,3,659,No
C1017,3,536,Yes
C1018,3,562,Yes
C1019,4,603,No
C1020,3,610,No
C1021,4,675,No
C1022,2,662,No
C1023,3,578,Yes
C1024,2,625,No
C1025,2,591,Yes
C1026,2,668,No
C1027,2,625,Yes
C1028,4,718,No
C1029,2,692,Yes
C1030,4,584,No
C1031,2,600,Yes
C1032,2,597,No
C1033,2,682,Yes
C1034,4,689,No
C1035,4,616,Yes
C1036,2,532,No
C1037,3,578,Yes
C1038,2,617,No
C1039,2,672,No
C1040,2,695,No
C1041,3,655,No
C1042,4,667,Yes
C1043,3,661,Yes
C1044,2,568,Yes
C1045,3,613,No
C1046,2,658,Yes
C1047,4,540,No
C1048,2,606,Yes
C1049,3,674,No
C1050,2,652,No
C1051,4,578,No
C1052,3,692,Yes
C1053,2,661,No
C1054,4,652,Yes
C1055,2,691,Yes
C1056,2,709,No
C1057,4,687,No
C1058,4,684,Yes
C1059,4,520,Yes
C1060,3,541,Yes
C1061,3,555,Yes
C1062,4,609,Yes
C1063,3,677,No
C1064,4,675,No
C1065,3,624,Yes
C1066,3,642,Yes
C1067,3,618,Yes
C1068,3,599,No
C1069,4,671,No
C1070,3,589,Yes
C1071,3,632,Yes
C1072,2,689,No
C1073,3,588,No
C1074,3,706,No
C1075,2,614,Yes
C1076,4,631,No
C1077,2,580,Yes
C1078,3,626,No
C1079,4,608,Yes
C1080,3,581,Yes
C1081,4,632,No
C1082,2,674,Yes
C1083,2,658,Yes
C1084,2,671,No
C1085,4,687,No
C1086,2,637,Yes
C1087,2,638,Yes
C1088,4,575,No
C1089,3,594,No
C1090,4,590,No
C1091,2,576,No
C1092,4,634,Yes
C1093,4,616,Yes
C1094,4,546,No
C1095,4,634,Yes
C1096,3,638,Yes
C1097,4,601,No
C1098,4,603,No
C1099,2,572,No
C1100,4,530,No
C1101,2,606,No
C1102,3,652,No
C1103,4,661,Yes
C1104,4,613,Yes
C1105,4,663,No
C1106,2,659,Yes
C1107,2,648,No
C1108,2,622,Yes
C1109,3,685,Yes
C1110,2,618,No
C1111,2,628,No
C1112,2,670,No
C1113,3,677,Yes
C1114,4,637,No
C1115,2,619,Yes
C1116,4,525,Yes
C1117,3,702,No
C1118,2,658,No
C1119,2,724,No
C1120,2,656,Yes
C1121,4,669,No
C1122,3,632,No
C1123,4,666,No
C1124,3,642,No
C1125,2,578,No
C1126,4,592,No
C1127,3,623,No
C1128,3,653,No
C1129,2,634,No
C1130,2,689,Yes
C1131,4,625,No
C1132,2,700,No
C1133,2,610,No
C1134,4,610,Yes
C1135,4,686,No
C1136,3,649,No
C1137,4,619,No
C1138,2,567,Yes
C1139,3,614,Yes
C1140,4,577,No
C1141,2,636,Yes
C1142,2,625,Yes
C1143,2,710,No
C1144,4,649,Yes
C1145,3,685,Yes
C1146,2,578,Yes
C1147,3,645,Yes
C1148,3,558,Yes
C1149,2,669,Yes
C1150,3,647,No
C1151,3,651,No
C1152,4,718,Yes
C1153,2,688,Yes
C1154,4,683,No
C1155,3,541,No
C1156,3,572,No
C1157,3,641,Yes
C1158,2,514,Yes
C1159,3,669,No
C1160,3,501,Yes
C1161,4,625,No
C1162,4,674,No
C1163,2,609,Yes
C1164,2,511,Yes
C1165,4,660,No
C1166,3,577,No
C1167,2,538,Yes
C1168,4,661,No
C1169,4,637,Yes
C1170,2,681,Yes
C1171,2,547,Yes
C1172,3,580,No
C1173,3,670,No
C1174,3,671,Yes
C1175,2,661,No
C1176,3,619,No
C1177,3,605,No
C1178,4,652,Yes
C1179,4,549,Yes
C1180,4,720,No
C1181,3,632,Yes
C1182,4,690,No
C1183,4,676,No
C1184,3,650,No
C1185,3,668,No
C1186,2,486,Yes
C1187,3,634,No
C1188,4,616,No
C1189,4,520,No
C1190,2,660,No
C1191,3,628,Yes
C1192,4,660,No
C1193,2,612,Yes
C1194,3,655,No
C1195,2,615,No
C1196,4,515,No
C1197,3,615,No
C1198,4,607,No
C1199,4,611,No
C1200,3,688,No
C1201,3,650,No
C1202,4,688,No
C1203,3,682,Yes
C1204,2,576,No
C1205,4,686,No
C1206,2,621,No
C1207,4,640,No
C1208,4,643,No
C1209,4,675,No
C1210,3,645,Yes
C1211,3,572,Yes
C1212,3,608,No
C1213,2,570,No
C1214,2,655,No
C1215,4,670,No
C1216,4,665,No
C1217,3,628,No
C1218,4,651,No
C1219,2,634,No
C1220,3,687,Yes
C1221,2,632,No
C1222,3,592,No
C1223,3,658,No
C1224,2,655,No
C1225,2,641,No
C1226,3,652,No
C1227,4,678,No
C1228,2,613,No
C1229,3,658,No
C1230,4,535,No
C1231,3,612,No
C1232,2,551,No
C1233,3,551,No
C1234,2,696,No
C1235,3,631,No
C1236,3,656,No
C1237,2,677,No
C1238,2,628,Yes
C1239,2,653,Yes
C1240,4,609,No
C1241,2,600,No
C1242,2,687,No
C1243,4,640,No
C1244,3,630,No
C1245,2,658,Yes
C1246,3,629,No
C1247,4,597,No
C1248,3,700,Yes
C1249,2,537,No
C1250,4,672,Yes
C1251,2,648,No
C1252,3,531,Yes
C1253,2,609,No
C1254,3,644,No
C1255,2,668,No
C1256,4,679,No
C1257,4,569,No
C1258,3,537,No
C1259,4,548,No
C1260,2,628,No
C1261,3,651,No
C1262,2,666,No
C1263,3,623,Yes
C1264,2,656,No
C1265,3,642,No
C1266,3,610,No
C1267,4,658,No
C1268,4,610,No
C1269,4,683,Yes
C1270,4,627,Yes
C1271,2,716,No
C1272,4,672,No
C1273,3,595,Yes
C1274,2,679,No
C1275,2,616,No
C1276,3,574,Yes
C1277,2,660,Yes
C1278,3,635,No
C1279,4,603,No
C1280,3,609,No
C1281,3,648,No
C1282,2,624,Yes
C1283,4,694,No
C1284,2,638,No
C1285,3,592,No
C1286,2,644,Yes
C1287,2,551,Yes
C1288,3,617,Yes
C1289,4,522,Yes
C1290,2,677,No
C1291,4,532,No
C1292,4,554,Yes
C1293,3,625,No
C1294,2,626,No
C1295,3,671,No
C1296,2,684,No
C1297,4,648,Yes
C1298,3,666,Yes
C1299,3,654,Yes
C1300,4,680,Yes
C1301,2,561,Yes
C1302,3,668,No
C1303,2,587,No
C1304,4,662,No
C1305,3,465,Yes
C1306,3,509,Yes
C1307,3,562,No
C1308,4,580,Yes
C1309,3,560,No
C1310,3,630,No
C1311,2,560,No
C1312,3,683,No
C1313,2,691,Yes
C1314,4,671,No
C1315,2,680,Yes
C1316,3,618,Yes
C1317,3,636,Yes
C1318,4,545,Yes
C1319,4,665,Yes
C1320,3,622,Yes
C1321,2,615,Yes
C1322,4,633,Yes
C1323,2,655,No
C1324,2,565,Yes
C1325,4,602,No
C1326,2,629,Yes
C1327,3,517,Yes
C1328,2,643,No
C1329,2,542,Yes
C1330,2,633,Yes
C1331,2,682,Yes
C1332,3,631,No
C1333,3,567,No
C1334,2,546,No
C1335,4,444,Yes
C1336,4,641,Yes
C1337,3,560,Yes
C1338,2,682,No
C1339,3,684,No
C1340,2,499,No
C1341,2,686,Yes
C1342,3,599,No
C1343,3,695,No
C1344,2,569,Yes
C1345,4,509,No
C1346,4,627,Yes
C1347,3,624,Yes
C1348,4,631,Yes
C1349,4,634,No
C1350,4,627,Yes
C1351,2,579,Yes
C1352,4,648,Yes
C1353,3,613,Yes
C1354,4,643,Yes
C1355,3,681,No
C1356,4,643,Yes
C1357,3,514,Yes
C1358,2,673,Yes
C1359,4,639,Yes
C1360,2,663,Yes
C1361,2,587,Yes
C1362,2,523,Yes
C1363,4,576,Yes
C1364,2,633,Yes
C1365,4,548,No
C1366,2,628,Yes
C1367,3,710,Yes
C1368,2,482,Yes
C1369,2,590,No
C1370,4,623,Yes
C1371,4,645,Yes
C1372,3,631,Yes
C1373,3,609,Yes
C1374,3,688,No
C1375,3,685,No
C1376,4,675,No
C1377,2,552,Yes
C1378,4,634,No
C1379,2,577,No
C1380,3,600,Yes
C1381,4,687,No
C1382,3,656,Yes
C1383,4,658,No
C1384,3,622,No
C1385,4,643,No
C1386,3,639,Yes
C1387,3,681,No
C1388,3,630,Yes
C1389,2,630,No
C1390,3,654,Yes
C1391,2,548,No
C1392,3,668,Yes
C1393,4,561,Yes
C1394,2,646,No
C1395,3,655,Yes
C1396,2,532,No
C1397,4,560,Yes
C1398,4,670,Yes
C1399,4,604,No
C1400,2,578,No
C1401,2,661,Yes
C1402,3,662,Yes
C1403,2,630,Yes
C1404,3,659,No
C1405,3,692,No
C1406,3,642,No
C1407,3,547,No
C1408,2,544,Yes
C1409,2,558,No
C1410,2,576,Yes
C1411,4,649,No
C1412,3,587,Yes
C1413,3,617,No
C1414,3,589,Yes
C1415,4,614,Yes
C1416,3,668,No
C1417,2,694,Yes
C1418,3,682,Yes
C1419,2,606,Yes
C1420,3,655,No
C1421,3,659,No
C1422,4,632,Yes
C1423,3,698,No
C1424,2,675,Yes
C1425,3,633,Yes
C1426,4,689,No
C1427,3,684,Yes
C1428,4,678,Yes
C1429,4,443,No
C1430,3,608,Yes
C1431,3,629,Yes
C1432,3,549,No
C1433,4,655,No
C1434,2,651,No
C1435,2,654,Yes
C1436,4,678,No
C1437,2,670,No
C1438,3,661,Yes
C1439,3,604,No
C1440,2,624,No
C1441,2,687,Yes
C1442,3,512,Yes
C1443,4,566,Yes
C1444,3,632,Yes
C1445,4,626,No
C1446,4,544,No
C1447,3,659,Yes
C1448,2,630,No
C1449,4,612,Yes
C1450,2,651,No
C1451,4,585,No
C1452,4,636,No
C1453,2,647,No
C1454,2,571,Yes
C1455,2,632,Yes
C1456,2,629,No
C1457,3,638,No
C1458,4,670,No
C1459,2,645,Yes
C1460,3,672,No
C1461,3,632,Yes
C1462,3,648,Yes
C1463,3,564,Yes
C1464,3,570,Yes
C1465,4,581,Yes
C1466,4,641,Yes
C1467,2,669,Yes
C1468,2,588,Yes
C1469,2,664,Yes
C1470,4,635,Yes
C1471,2,535,Yes
C1472,4,579,No
C1473,3,615,Yes
C1474,4,636,No
C1475,4,557,No
C1476,2,556,Yes
C1477,4,569,Yes
C1478,2,670,No
C1479,3,669,Yes
C1480,4,652,Yes
C1481,4,508,No
C1482,4,648,No
C1483,2,612,No
C1484,4,611,Yes
C1485,2,618,Yes
C1486,3,674,No
C1487,3,668,No
C1488,2,666,No
C1489,4,631,No
C1490,3,636,No
C1491,4,518,Yes
C1492,4,606,Yes
C1493,4,647,Yes
C1494,4,665,Yes
C1495,2,655,Yes
C1496,3,667,Yes
C1497,3,615,Yes
C1498,2,523,No
C1499,2,509,No
C1500,4,629,Yes
C1501,4,477,Yes
C1502,3,679,No
C1503,2,700,No
C1504,2,579,No
C1505,3,599,No
C1506,4,653,Yes
C1507,2,700,No
C1508,4,669,No
C1509,4,583,No
C1510,2,552,Yes
C1511,3,669,Yes
C1512,2,641,Yes
C1513,2,591,Yes
C1514,3,583,Yes
C1515,4,655,No
C1516,2,660,No
C1517,3,558,No
C1518,3,631,Yes
C1519,3,620,Yes
C1520,4,642,Yes
C1521,4,586,Yes
C1522,4,635,No
C1523,2,552,Yes
C1524,3,632,Yes
C1525,4,682,Yes
C1526,3,686,Yes
C1527,4,611,Yes
C1528,4,621,No
C1529,4,650,No
C1530,4,704,No
C1531,2,622,Yes
C1532,3,629,Yes
C1533,4,525,No
C1534,4,614,No
C1535,4,637,No
C1536,3,559,Yes
C1537,2,617,No
C1538,4,640,Yes
C1539,4,661,Yes
C1540,3,581,Yes
C1541,4,609,No
C1542,4,666,Yes
C1543,4,624,Yes
C1544,3,578,Yes
C1545,3,699,No
C1546,4,681,No
C1547,2,642,Yes
C1548,3,588,No
C1549,4,666,Yes
C1550,2,645,Yes
C1551,4,521,Yes
C1552,3,661,No
C1553,3,655,Yes
C1554,4,660,No
C1555,3,648,No
C1556,3,640,Yes
C1557,3,679,Yes
C1558,4,684,Yes
C1559,4,526,Yes
C1560,3,652,No
C1561,3,588,No
C1562,2,622,Yes
C1563,3,538,Yes
C1564,3,591,Yes
C1565,2,592,No
C1566,4,690,No
C1567,4,671,No
C1568,2,674,No
C1569,3,581,Yes
C1570,4,662,Yes
C1571,3,587,No
C1572,4,563,Yes
C1573,2,546,Yes
C1574,4,632,Yes
C1575,2,668,Yes
C1576,2,645,No
C1577,2,582,No
C1578,4,671,Yes
C1579,4,642,Yes
C1580,4,656,No
C1581,2,659,No
C1582,4,607,Yes
C1583,3,683,No
C1584,4,638,No
C1585,3,604,Yes
C1586,2,605,No
C1587,2,711,No
C1588,3,646,Yes
C1589,2,555,Yes
C1590,4,656,Yes
C1591,2,617,No
C1592,2,605,Yes
C1593,3,673,No
C1594,2,630,No
C1595,2,664,No
C1596,3,682,Yes
C1597,4,570,Yes
C1598,3,664,No
C1599,4,559,No
C1600,2,660,No
C1601,4,645,No
C1602,3,586,No
C1603,2,685,No
C1604,4,582,Yes
C1605,2,676,No
C1606,4,622,No
C1607,2,598,No
C1608,2,661,No
C1609,3,666,No
C1610,3,696,Yes
C1611,4,613,No
C1612,2,641,No
C1613,3,650,No
C1614,4,691,Yes
C1615,2,454,Yes
C1616,2,608,Yes
C1617,3,607,No
C1618,2,601,No
C1619,4,640,Yes
C1620,3,600,No
C1621,3,690,No
C1622,3,555,No
C1623,4,694,No
C1624,2,617,No
C1625,2,549,Yes
C1626,4,696,No
C1627,3,683,Yes
C1628,2,592,Yes
C1629,4,591,No
C1630,4,636,No
C1631,2,584,Yes
C1632,3,711,Yes
C1633,2,591,Yes
C1634,2,670,Yes
C1635,3,660,No
C1636,3,614,Yes
C1637,2,680,Yes
C1638,4,671,No
C1639,3,562,No
C1640,4,650,Yes
C1641,3,649,Yes
C1642,4,701,No
C1643,3,654,Yes
C1644,4,600,Yes
C1645,2,539,Yes
C1646,2,643,Yes
C1647,4,690,No
C1648,4,649,No
C1649,3,569,Yes
C1650,4,572,No
C1651,4,633,Yes
C1652,4,614,Yes
C1653,2,641,Yes
C1654,3,539,Yes
C1655,2,635,No
C1656,3,604,Yes
C1657,2,638,No
C1658,3,646,No
C1659,3,647,Yes
C1660,2,630,No
C1661,4,547,Yes
C1662,3,578,Yes
C1663,2,666,Yes
C1664,3,666,Yes
C1665,3,581,No
C1666,4,626,Yes
C1667,3,617,Yes
C1668,2,621,No
C1669,3,611,No
C1670,4,694,No
C1671,4,571,Yes
C1672,3,611,Yes
C1673,3,671,No
C1674,2,664,Yes
C1675,2,605,Yes
C1676,2,649,Yes
C1677,2,707,No
C1678,4,571,Yes
C1679,3,583,Yes
C1680,4,659,No
C1681,3,580,Yes
C1682,3,560,No
C1683,3,542,No
C1684,2,667,No
C1685,3,624,No
C1686,3,632,Yes
C1687,3,664,No
C1688,2,544,No
C1689,2,621,No
C1690,4,628,Yes
C1691,3,629,Yes
C1692,2,625,Yes
C1693,3,588,No
C1694,3,659,No
C1695,3,679,Yes
C1696,2,573,Yes
C1697,4,670,Yes
C1698,3,643,Yes
C1699,2,681,Yes
C1700,3,662,Yes
C1701,3,678,No
C1702,2,664,No
C1703,3,550,Yes
C1704,2,679,No
C1705,2,674,No
C1706,3,659,No
C1707,4,594,No
C1708,2,513,No
C1709,2,601,Yes
C1710,2,535,Yes
C1711,3,571,No
C1712,3,625,No
C1713,2,689,No
C1714,3,670,Yes
C1715,4,601,Yes
C1716,4,648,Yes
C1717,4,654,Yes
C1718,3,665,Yes
C1719,2,660,No
C1720,2,586,Yes
C1721,3,678,Yes
C1722,4,622,Yes
C1723,2,701,Yes
C1724,2,653,Yes
C1725,2,651,Yes
C1726,3,526,Yes
C1727,2,613,No
C1728,4,657,No
C1729,3,657,No
C1730,2,644,Yes
C1731,4,680,No
C1732,3,554,No
C1733,2,643,No
C1734,2,665,Yes
C1735,2,594,Yes
C1736,2,581,Yes
C1737,2,684,No
C1738,3,630,Yes
C1739,2,645,No
C1740,3,588,No
C1741,3,571,No
C1742,2,649,Yes
C1743,2,592,Yes
C1744,4,642,No
C1745,2,665,Yes
C1746,3,622,No
C1747,4,576,Yes
C1748,2,575,Yes
C1749,2,661,Yes
C1750,2,623,No
C1751,2,621,Yes
C1752,4,528,No
C1753,4,608,No
C1754,4,539,Yes
C1755,4,669,Yes
C1756,4,668,Yes
C1757,4,651,No
C1758,3,554,Yes
C1759,2,640,Yes
C1760,2,635,No
C1761,4,646,Yes
C1762,4,669,Yes
C1763,4,639,No
C1764,4,597,Yes
C1765,2,602,Yes
C1766,4,603,No
C1767,4,687,Yes
C1768,2,658,No
C1769,4,685,No
C1770,3,651,Yes
C1771,3,462,Yes
C1772,2,484,No
C1773,2,641,Yes
C1774,3,717,No
C1775,4,622,Yes
C1776,4,535,Yes
C1777,4,685,No
C1778,2,696,No
C1779,3,527,Yes
C1780,3,662,No
C1781,2,632,No
C1782,4,576,No
C1783,3,663,Yes
C1784,3,690,Yes
C1785,3,548,Yes
C1786,2,566,No
C1787,2,647,No
C1788,2,727,No
C1789,3,604,No
C1790,3,654,Yes
C1791,2,605,No
C1792,4,651,No
C1793,3,666,No
C1794,2,650,No
C1795,2,612,Yes
C1796,3,638,No
C1797,4,625,Yes
C1798,3,676,Yes
C1799,3,711,No
C1800,4,643,Yes
C1801,2,588,No
C1802,4,645,Yes
C1803,4,650,Yes
C1804,2,549,Yes
C1805,4,603,No
C1806,4,599,Yes
C1807,3,663,Yes
C1808,2,629,No
C1809,2,601,No
C1810,4,666,Yes
C1811,4,617,Yes
C1812,4,659,Yes
C1813,4,584,No
C1814,4,568,No
C1815,2,637,Yes
C1816,4,590,No
C1817,4,698,No
C1818,4,624,No
C1819,3,578,No
C1820,4,629,Yes
C1821,3,637,No
C1822,2,688,Yes
C1823,2,716,No
C1824,2,591,No
C1825,4,540,Yes
C1826,4,715,No
C1827,3,684,Yes
C1828,3,675,No
C1829,4,476,Yes
C1830,2,595,No
C1831,2,673,No
C1832,2,531,Yes
C1833,4,511,Yes
C1834,2,596,No
C1835,3,663,Yes
C1836,3,678,No
C1837,2,646,Yes
C1838,2,636,No
C1839,2,515,Yes
C1840,3,629,No
C1841,4,618,Yes
C1842,4,645,No
C1843,4,631,Yes
C1844,4,645,No
C1845,4,576,No
C1846,2,673,Yes
C1847,2,664,No
C1848,4,642,No
C1849,4,662,Yes
C1850,2,696,Yes
C1851,2,652,Yes
C1852,2,648,Yes
C1853,4,648,Yes
C1854,2,697,Yes
C1855,3,607,Yes
C1856,3,667,No
C1857,3,622,Yes
C1858,3,649,Yes
C1859,3,687,No
C1860,2,521,Yes
C1861,2,543,No
C1862,3,655,Yes
C1863,4,678,No
C1864,2,647,No
C1865,3,630,Yes
C1866,2,670,Yes
C1867,3,581,Yes
C1868,3,659,Yes
C1869,3,675,No
C1870,4,636,Yes
C1871,4,674,Yes
C1872,4,658,No
C1873,4,532,No
C1874,3,702,Yes
C1875,2,672,No
C1876,2,642,No
C1877,4,670,Yes
C1878,4,590,Yes
C1879,3,601,No
C1880,4,689,No
C1881,4,625,Yes
C1882,3,633,No
C1883,3,602,Yes
C1884,2,665,No
C1885,3,598,Yes
C1886,3,682,Yes
C1887,4,505,Yes
C1888,4,527,No
C1889,3,448,No
C1890,3,702,No
C1891,2,674,Yes
C1892,4,593,No
C1893,2,628,Yes
C1894,3,612,No
C1895,4,675,Yes
C1896,4,645,No
C1897,2,577,No
C1898,2,626,Yes
C1899,3,641,No
C1900,3,618,No
C1901,3,593,Yes
C1902,3,565,Yes
C1903,2,655,No
C1904,2,597,No
C1905,2,713,No
C1906,4,691,Yes
C1907,3,657,No
C1908,3,661,No
C1909,4,657,Yes
C1910,4,652,No
C1911,3,647,No
C1912,4,659,Yes
C1913,3,650,No
C1914,2,654,No
C1915,2,604,No
C1916,3,587,Yes
C1917,3,635,No
C1918,3,552,Yes
C1919,2,692,No
C1920,2,585,Yes
C1921,4,581,Yes
C1922,3,663,Yes
C1923,2,619,Yes
C1924,4,641,No
C1925,4,551,Yes
C1926,3,546,Yes
C1927,3,588,Yes
C1928,2,634,No
C1929,2,596,Yes
C1930,4,655,Yes
C1931,4,536,No
C1932,4,620,No
C1933,2,632,Yes
C1934,4,648,Yes
C1935,2,564,No
C1936,2,606,No
C1937,3,626,Yes
C1938,2,659,Yes
C1939,2,589,Yes
C1940,3,609,Yes
C1941,3,571,No
C1942,2,651,Yes
C1943,3,664,No
C1944,3,599,No
C1945,3,694,No
C1946,3,721,No
C1947,4,645,Yes
C1948,2,639,No
C1949,3,700,No
C1950,3,621,Yes
C1951,4,607,Yes
C1952,3,617,Yes
C1953,3,561,No
C1954,3,676,Yes
C1955,3,666,No
C1956,3,620,Yes
C1957,2,654,Yes
C1958,4,542,Yes
C1959,4,628,Yes
C1960,3,644,Yes
C1961,3,596,No
C1962,4,601,Yes
C1963,2,613,Yes
C1964,4,710,Yes
C1965,3,601,No
C1966,2,597,No
C1967,3,591,No
C1968,4,696,Yes
C1969,4,602,Yes
C1970,2,555,Yes
C1971,4,585,Yes
C1972,2,611,Yes
C1973,2,579,Yes
C1974,3,624,Yes
C1975,3,646,No
C1976,3,670,Yes
C1977,2,668,No
C1978,4,549,Yes
C1979,3,622,Yes
C1980,4,594,Yes
C1981,2,528,Yes
C1982,2,619,Yes
C1983,2,622,Yes
C1984,2,589,Yes
C1985,4,645,No
C1986,3,678,Yes
C1987,4,595,Yes
C1988,2,619,Yes
C1989,4,670,No
C1990,2,687,Yes
C1991,3,646,Yes
C1992,3,669,No
C1993,4,591,Yes
C1994,3,624,No
C1995,2,573,No
C1996,3,567,Yes
C1997,2,545,No
C1998,2,538,No
C1999,4,521,Yes
C2000,4,595,No
C2001,3,554,No
C2002,2,624,No
C2003,4,665,No
C2004,3,580,No
C2005,4,624,No
C2006,2,676,No
C2007,4,716,No
C2008,2,640,No
C2009,2,670,No
C2010,4,578,No
C2011,3,505,No
C2012,2,512,No
C2013,3,673,No
C2014,3,616,No
C2015,4,571,No
C2016,2,639,No
C2017,3,608,No
C2018,2,610,No
C2019,3,627,Yes
C2020,4,587,Yes
C2021,4,601,Yes
C2022,3,685,No
C2023,3,585,No
C2024,3,676,Yes
C2025,3,632,No
C2026,3,586,No
C2027,3,617,No
C2028,4,632,Yes
C2029,2,593,Yes
C2030,2,644,No
C2031,3,588,Yes
C2032,4,655,No
C2033,2,620,No
C2034,4,602,Yes
C2035,2,669,No
C2036,2,539,Yes
C2037,3,521,Yes
C2038,3,607,Yes
C2039,4,679,No
C2040,2,690,No
C2041,4,610,Yes
C2042,4,602,Yes
C2043,2,640,No
C2044,4,683,Yes
C2045,2,547,Yes
C2046,4,560,No
C2047,4,659,No
C2048,3,620,Yes
C2049,2,628,Yes
C2050,4,651,Yes
C2051,4,633,No
C2052,4,644,No
C2053,2,675,No
C2054,4,670,Yes
C2055,2,662,No
C2056,2,626,Yes
C2057,2,600,Yes
C2058,2,695,No
C2059,3,603,Yes
C2060,2,537,Yes
C2061,2,603,No
C2062,4,637,Yes
C2063,4,708,No
C2064,4,653,No
C2065,3,598,Yes
C2066,2,665,No
C2067,3,658,No
C2068,3,605,No
C2069,2,610,No
C2070,2,637,No
C2071,2,674,No
C2072,4,565,Yes
C2073,4,568,No
C2074,4,707,No
C2075,2,634,Yes
C2076,3,621,Yes
C2077,2,675,No
C2078,2,560,No
C2079,4,659,Yes
C2080,2,663,Yes
C2081,3,678,No
C2082,4,628,Yes
C2083,2,657,No
C2084,3,592,Yes
C2085,4,632,No
C2086,4,598,No
C2087,4,710,Yes
C2088,4,664,No
C2089,4,665,No
C2090,4,614,No
C2091,4,659,Yes
C2092,3,668,Yes
C2093,3,669,Yes
C2094,3,651,No
C2095,3,590,Yes
C2096,4,664,Yes
C2097,4,676,No
C2098,4,545,No
C2099,2,545,No
C2100,3,633,No
C2101,2,633,No
C2102,3,635,Yes
C2103,4,666,No
C2104,2,659,No
C2105,2,697,No
C2106,4,571,Yes
C2107,3,561,Yes
C2108,4,529,Yes
C2109,4,460,No
C2110,3,561,Yes
C2111,3,652,No
C2112,4,673,No
C2113,2,651,No
C2114,2,687,Yes
C2115,3,643,No
C2116,4,671,Yes
C2117,3,526,Yes
C2118,3,617,Yes
C2119,3,608,Yes
C2120,3,653,No
C2121,4,605,Yes
C2122,2,660,Yes
C2123,2,685,Yes
C2124,4,659,No
C2125,2,592,No
C2126,2,621,Yes
C2127,2,634,No
C2128,4,569,No
C2129,4,580,Yes
C2130,4,631,No
C2131,4,644,No
C2132,4,694,No
C2133,2,632,No
C2134,4,684,Yes
C2135,3,671,No
C2136,4,553,No
C2137,4,694,Yes
C2138,2,598,Yes
C2139,4,632,Yes
C2140,4,607,Yes
C2141,4,621,Yes
C2142,4,614,Yes
C2143,4,589,Yes
C2144,3,720,No
C2145,3,691,Yes
C2146,4,642,Yes
C2147,2,655,Yes
C2148,4,639,Yes
C2149,4,615,Yes
C2150,3,683,Yes
C2151,3,600,No
C2152,3,666,Yes
C2153,3,661,Yes
C2154,3,658,Yes
C2155,4,656,No
C2156,2,605,No
C2157,4,567,Yes
C2158,4,651,No
C2159,4,684,No
C2160,2,514,Yes
C2161,2,698,Yes
C2162,3,638,No
C2163,2,586,Yes
C2164,3,595,Yes
C2165,2,669,Yes
C2166,3,633,Yes
C2167,4,657,No
C2168,4,676,Yes
C2169,2,609,No
C2170,2,551,Yes
C2171,2,637,No
C2172,4,572,No
C2173,2,665,No
C2174,2,635,No
C2175,2,670,Yes
C2176,4,646,No
C2177,3,643,No
C2178,3,592,No
C2179,3,631,Yes
C2180,2,577,Yes
C2181,2,620,No
C2182,2,692,Yes
C2183,2,632,Yes
C2184,2,608,Yes
C2185,3,578,No
C2186,2,673,No
C2187,3,678,Yes
C2188,2,603,Yes
C2189,2,648,No
C2190,2,700,Yes
C2191,4,582,Yes
C2192,2,590,Yes
C2193,3,637,Yes
C2194,2,618,Yes
C2195,4,649,No
C2196,3,648,Yes
C2197,3,482,Yes
C2198,3,671,No
C2199,2,638,No
C2200,4,688,No
C2201,3,603,No
C2202,3,622,No
C2203,2,638,No
C2204,2,664,No
C2205,2,586,No
C2206,4,578,No
C2207,4,656,No
C2208,2,670,No
C2209,2,654,No
C2210,4,621,Yes
C2211,3,673,No
C2212,4,676,No
C2213,3,656,No
C2214,4,585,No
C2215,2,617,No
C2216,3,629,No
C2217,3,593,No
C2218,2,637,No
C2219,2,539,No
C2220,3,639,Yes
C2221,4,650,No
C2222,2,481,Yes
C2223,4,701,No
C2224,4,572,No
C2225,3,537,Yes
C2226,4,649,No
C2227,2,626,No
C2228,4,605,Yes
C2229,4,597,No
C2230,3,583,No
C2231,4,677,No
C2232,4,579,Yes
C2233,3,594,Yes
C2234,4,586,No
C2235,4,612,No
C2236,2,682,No
C2237,2,637,No
C2238,4,713,No
C2239,2,689,Yes
C2240,3,627,No
C2241,3,703,No
C2242,4,634,No
C2243,2,698,No
C2244,4,662,No
C2245,4,686,Yes
C2246,3,686,No
C2247,3,689,No
C2248,2,600,No
C2249,3,577,No
C2250,3,639,No
C2251,2,625,No
C2252,4,649,No
C2253,2,630,No
C2254,2,582,No
C2255,4,600,No
C2256,4,627,Yes
C2257,3,617,No
C2258,2,675,No
C2259,3,671,No
C2260,2,650,No
C2261,4,684,No
C2262,4,723,No
C2263,4,579,No
C2264,2,639,No
C2265,4,664,No
C2266,3,661,No
C2267,3,630,No
C2268,2,593,Yes
C2269,4,540,No
C2270,3,637,No
C2271,3,565,No
C2272,4,547,No
C2273,2,600,No
C2274,2,587,Yes
C2275,4,669,No
C2276,3,611,No
C2277,4,644,No
C2278,2,640,No
C2279,2,665,No
C2280,4,654,Yes
C2281,4,670,No
C2282,4,580,Yes
C2283,3,623,Yes
C2284,2,628,Yes
C2285,2,491,Yes
C2286,4,565,Yes
C2287,2,603,No
C2288,3,654,No
C2289,3,617,Yes
C2290,4,533,Yes
C2291,3,562,No
C2292,3,684,Yes
C2293,3,633,Yes
C2294,3,665,Yes
C2295,2,576,Yes
C2296,4,589,Yes
C2297,4,581,No
C2298,2,632,Yes
C2299,2,679,Yes
C2300,4,693,No
C2301,4,688,No
C2302,2,639,Yes
C2303,2,647,Yes
C2304,3,567,Yes
C2305,2,666,No
C2306,2,518,Yes
C2307,2,575,No
C2308,2,636,No
C2309,2,636,No
C2310,4,690,Yes
C2311,3,650,No
C2312,2,635,No
C2313,4,716,No
C2314,3,625,No
C2315,3,671,Yes
C2316,2,546,Yes
C2317,2,569,No
C2318,2,654,Yes
C2319,4,597,Yes
C2320,4,667,Yes
C2321,2,575,Yes
C2322,4,674,Yes
C2323,4,540,Yes
C2324,3,548,Yes
C2325,2,607,Yes
C2326,2,635,No
C2327,4,617,No
C2328,3,603,Yes
C2329,3,616,No
C2330,2,608,Yes
C2331,2,579,Yes
C2332,3,505,No
C2333,3,634,Yes
C2334,2,619,Yes
C2335,4,654,No
C2336,3,637,Yes
C2337,2,558,Yes
C2338,2,677,Yes
C2339,4,620,No
C2340,2,633,No
C2341,3,584,Yes
C2342,2,623,Yes
C2343,3,567,Yes
C2344,2,603,Yes
C2345,4,637,No
C2346,2,602,No
C2347,4,563,No
C2348,4,644,No
C2349,2,626,Yes
C2350,3,625,Yes
C2351,3,572,Yes
C2352,4,614,No
C2353,2,622,No
C2354,2,684,No
C2355,3,670,Yes
C2356,2,669,Yes
C2357,3,703,Yes
C2358,3,629,Yes
C2359,2,629,Yes
C2360,3,705,No
C2361,3,532,No
C2362,2,650,No
C2363,3,566,No
C2364,2,671,No
C2365,4,483,Yes
C2366,2,681,Yes
C2367,4,550,Yes
C2368,3,646,Yes
C2369,2,589,No
C2370,3,693,No
C2371,2,654,No
C2372,2,556,Yes
C2373,3,689,No
C2374,4,635,Yes
C2375,3,611,Yes
C2376,4,574,Yes
C2377,2,656,No
C2378,2,595,Yes
C2379,4,600,Yes
C2380,3,624,No
C2381,3,626,Yes
C2382,2,662,Yes
C2383,4,641,Yes
C2384,2,677,Yes
C2385,3,672,Yes
C2386,2,662,No
C2387,3,639,No
C2388,2,648,Yes
C2389,2,677,Yes
C2390,3,653,No
C2391,2,632,No
C2392,2,518,Yes
C2393,4,645,Yes
C2394,4,627,Yes
C2395,2,607,No
C2396,2,708,No
C2397,4,613,Yes
C2398,2,673,No
C2399,3,534,Yes
C2400,2,668,No
C2401,2,560,Yes
C2402,4,663,No
C2403,3,625,Yes
C2404,3,643,Yes
C2405,3,675,No
C2406,3,606,No
C2407,2,661,No
C2408,3,540,Yes
C2409,2,563,Yes
C2410,3,559,Yes
C2411,4,633,Yes
C2412,3,554,No
C2413,2,522,Yes
C2414,3,620,No
C2415,4,694,No
C2416,2,629,Yes
C2417,3,610,No
C2418,2,663,No
C2419,3,681,Yes
C2420,4,596,Yes
C2421,3,628,Yes
C2422,4,660,No
C2423,2,740,Yes
C2424,4,563,No
C2425,2,682,No
C2426,2,597,No
C2427,3,664,No
C2428,3,639,Yes
C2429,3,563,No
C2430,4,623,No
C2431,4,702,No
C2432,4,668,No
C2433,4,618,Yes
C2434,4,607,No
C2435,4,684,Yes
C2436,4,542,Yes
C2437,4,618,No
C2438,2,547,Yes
C2439,4,638,No
C2440,2,585,No
C2441,2,647,No
C2442,3,596,No
C2443,3,674,Yes
C2444,3,566,No
C2445,3,600,No
C2446,2,549,Yes
C2447,3,643,No
C2448,2,678,Yes
C2449,4,667,Yes
C2450,3,640,Yes
C2451,4,599,No
C2452,4,623,Yes
C2453,4,703,No
C2454,2,620,Yes
C2455,4,645,Yes
C2456,3,606,No
C2457,3,633,No
C2458,4,643,No
C2459,2,657,Yes
C2460,2,669,Yes
C2461,4,643,No
C2462,2,549,Yes
C2463,2,597,Yes
C2464,4,676,No
C2465,4,656,Yes
C2466,4,625,Yes
C2467,3,667,Yes
C2468,3,619,Yes
C2469,2,647,No
C2470,2,695,No
C2471,3,592,No
C2472,3,640,No
C2473,2,713,No
C2474,4,629,No
C2475,3,566,No
C2476,3,524,No
C2477,3,675,No
C2478,3,685,No
C2479,3,635,No
C2480,2,598,No
C2481,2,664,No
C2482,4,614,No
C2483,2,696,No
C2484,3,561,No
C2485,4,687,No
C2486,4,585,Yes
C2487,3,678,No
C2488,3,656,Yes
C2489,4,688,No
C2490,3,632,No
C2491,2,633,No
C2492,2,668,No
C2493,4,628,No
C2494,4,537,No
C2495,4,650,No
C2496,4,615,No
C2497,3,575,No
C2498,4,529,No
C2499,2,708,No
C2500,2,648,No
C2501,2,642,No
C2502,2,698,No
C2503,2,571,No
C2504,4,687,No
C2505,4,616,Yes
C2506,3,669,No
C2507,2,553,No
C2508,2,579,No
C2509,2,706,No
C2510,4,596,Yes
C2511,2,630,No
C2512,3,711,No
C2513,4,495,No
C2514,4,629,Yes
C2515,2,670,No
C2516,2,530,No
C2517,3,603,No
C2518,4,596,Yes
C2519,4,559,Yes
C2520,2,569,Yes
C2521,2,621,No
C2522,3,662,No
C2523,4,626,No
C2524,3,647,Yes
C2525,4,531,Yes
C2526,4,638,No
C2527,2,708,Yes
C2528,2,568,Yes
C2529,2,648,Yes
C2530,3,534,Yes
C2531,2,648,Yes
C2532,4,586,Yes
C2533,2,589,Yes
C2534,3,673,No
C2535,2,595,Yes
C2536,3,586,Yes
C2537,2,612,Yes
C2538,3,647,Yes
C2539,4,628,Yes
C2540,2,659,No
C2541,3,625,Yes
C2542,4,550,Yes
C2543,2,570,No
C2544,2,559,Yes
C2545,3,567,Yes
C2546,3,641,Yes
C2547,2,625,No
C2548,4,628,No
C2549,2,585,Yes
C2550,3,590,Yes
C2551,3,636,Yes
C2552,4,655,Yes
C2553,2,654,No
C2554,4,506,Yes
C2555,4,625,Yes
C2556,4,631,Yes
C2557,4,582,No
C2558,4,675,No
C2559,4,662,Yes
C2560,2,621,Yes
C2561,4,653,No
C2562,3,612,No
C2563,4,634,No
C2564,2,649,Yes
C2565,4,514,Yes
C2566,2,666,Yes
C2567,4,640,Yes
C2568,3,679,No
C2569,4,611,Yes
C2570,3,693,No
C2571,3,648,Yes
C2572,2,672,No
C2573,2,622,No
C2574,2,679,Yes
C2575,2,641,Yes
C2576,3,661,Yes
C2577,2,641,Yes
C2578,4,619,Yes
C2579,2,673,No
C2580,2,651,No
C2581,4,582,No
C2582,2,701,No
C2583,4,654,Yes
C2584,2,638,Yes
C2585,2,600,No
C2586,2,648,No
C2587,3,635,Yes
C2588,2,530,Yes
C2589,2,637,No
C2590,2,571,Yes
C2591,3,615,Yes
C2592,3,666,No
C2593,4,640,Yes
C2594,3,709,Yes
C2595,3,619,Yes
C2596,2,572,Yes
C2597,2,642,No
C2598,2,643,Yes
C2599,3,660,Yes
C2600,4,667,No
C2601,4,677,Yes
C2602,4,649,No
C2603,3,654,Yes
C2604,2,660,No
C2605,4,658,Yes
C2606,3,626,Yes
C2607,2,628,Yes
C2608,3,622,Yes
C2609,4,649,No
C2610,3,668,No
C2611,3,626,Yes
C2612,4,683,No
C2613,4,626,No
C2614,3,619,No
C2615,3,662,Yes
C2616,3,665,No
C2617,3,638,Yes
C2618,3,668,No
C2619,2,616,Yes
C2620,4,632,Yes
C2621,2,643,No
C2622,4,649,Yes
C2623,2,604,No
C2624,4,459,No
C2625,3,725,Yes
C2626,3,653,No
C2627,3,571,Yes
C2628,2,605,Yes
C2629,4,659,No
C2630,3,588,Yes
C2631,3,634,Yes
C2632,4,566,Yes
C2633,2,650,No
C2634,4,527,Yes
C2635,3,583,Yes
C2636,3,623,Yes
C2637,4,633,Yes
C2638,4,693,Yes
C2639,4,615,Yes
C2640,4,637,Yes
C2641,4,592,Yes
C2642,2,589,No
C2643,4,681,No
C2644,3,707,Yes
C2645,2,653,Yes
C2646,2,682,No
C2647,3,610,Yes
C2648,3,694,No
C2649,3,655,No
C2650,2,664,Yes
C2651,2,649,Yes
C2652,2,649,No
C2653,3,646,Yes
C2654,2,645,Yes
C2655,2,628,Yes
C2656,2,661,No
C2657,3,600,Yes
C2658,2,639,Yes
C2659,2,620,Yes
C2660,3,609,No
C2661,2,647,Yes
C2662,4,609,Yes
C2663,2,489,Yes
C2664,4,547,Yes
C2665,4,641,No
C2666,3,605,Yes
C2667,3,633,Yes
C2668,3,639,Yes
C2669,3,590,Yes
C2670,4,574,No
C2671,2,704,No
C2672,4,673,No
C2673,2,642,Yes
C2674,2,643,No
C2675,4,659,No
C2676,3,618,No
C2677,2,569,Yes
C2678,4,672,No
C2679,3,588,No
C2680,2,631,Yes
C2681,3,616,Yes
C2682,4,574,No
C2683,2,657,No
C2684,2,544,No
C2685,2,579,Yes
C2686,3,575,No
C2687,2,587,No
C2688,4,608,Yes
C2689,3,642,No
C2690,4,653,Yes
C2691,3,577,Yes
C2692,3,649,No
C2693,4,592,Yes
C2694,4,668,Yes
C2695,4,639,Yes
C2696,3,610,Yes
C2697,3,619,Yes
C2698,2,590,No
C2699,4,602,Yes
C2700,2,639,No
C2701,3,668,Yes
C2702,4,656,Yes
C2703,4,671,Yes
C2704,3,654,No
C2705,3,644,No
C2706,3,530,Yes
C2707,3,643,Yes
C2708,4,671,No
C2709,3,669,No
C2710,3,641,Yes
C2711,2,553,No
C2712,4,647,Yes
C2713,4,604,No
C2714,4,647,No
C2715,2,547,Yes
C2716,2,607,Yes
C2717,2,598,Yes
C2718,3,642,No
C2719,2,621,No
C2720,4,609,Yes
C2721,4,660,No
C2722,3,672,No
C2723,4,578,Yes
C2724,3,586,Yes
C2725,2,619,No
C2726,4,631,Yes
C2727,3,674,No
C2728,4,530,No
C2729,4,597,Yes
C2730,3,640,No
C2731,4,614,No
C2732,3,681,Yes
C2733,2,644,Yes
C2734,4,559,Yes
C2735,3,583,Yes
C2736,4,715,Yes
C2737,2,607,No
C2738,2,667,No
C2739,4,610,No
C2740,2,552,No
C2741,4,612,Yes
C2742,3,630,No
C2743,3,587,Yes
C2744,3,484,Yes
C2745,2,633,Yes
C2746,4,625,Yes
C2747,3,661,No
C2748,2,571,No
C2749,3,670,No
C2750,4,623,No
C2751,4,575,Yes
C2752,2,528,Yes
C2753,3,642,No
C2754,4,673,Yes
C2755,2,655,Yes
C2756,4,650,No
C2757,4,659,No
C2758,4,626,Yes
C2759,4,653,No
C2760,3,692,No
C2761,4,601,Yes
C2762,3,685,No
C2763,3,669,Yes
C2764,3,644,Yes
C2765,2,600,No
C2766,2,657,Yes
C2767,2,624,No
C2768,3,650,Yes
C2769,2,563,Yes
C2770,2,671,Yes
C2771,3,664,Yes
C2772,4,577,Yes
C2773,2,678,Yes
C2774,4,669,Yes
C2775,4,676,Yes
C2776,4,652,Yes
C2777,2,655,Yes
C2778,3,651,Yes
C2779,3,665,Yes
C2780,2,668,Yes
C2781,2,532,No
C2782,2,638,Yes
C2783,4,599,Yes
C2784,4,610,No
C2785,3,661,Yes
C2786,4,619,No
C2787,4,657,Yes
C2788,3,687,No
C2789,2,565,Yes
C2790,2,644,Yes
C2791,3,569,No
C2792,3,673,No
C2793,3,611,No
C2794,2,489,Yes
C2795,3,571,Yes
C2796,4,651,No
C2797,2,616,Yes
C2798,4,603,No
C2799,4,692,Yes
C2800,3,659,No
C2801,2,563,Yes
C2802,4,640,No
C2803,2,646,Yes
C2804,4,583,No
C2805,4,638,Yes
C2806,2,696,No
C2807,2,615,Yes
C2808,4,651,No
C2809,4,549,No
C2810,4,675,Yes
C2811,3,661,Yes
C2812,3,625,Yes
C2813,4,538,Yes
C2814,2,634,No
C2815,4,623,No
C2816,2,606,Yes
C2817,4,627,No
C2818,3,631,No
C2819,2,593,No
C2820,2,666,Yes
C2821,2,566,Yes
C2822,4,637,Yes
C2823,3,656,Yes
C2824,2,678,No
C2825,3,596,Yes
C2826,2,611,No
C2827,2,676,No
C2828,2,563,Yes
C2829,2,618,No
C2830,3,460,Yes
C2831,3,614,No
C2832,2,585,Yes
C2833,3,631,Yes
C2834,2,519,Yes
C2835,2,625,Yes
C2836,2,598,Yes
C2837,2,523,Yes
C2838,3,622,No
C2839,4,601,No
C2840,4,707,No
C2841,2,605,Yes
C2842,2,673,No
C2843,2,641,Yes
C2844,2,597,Yes
C2845,3,608,No
C2846,2,507,Yes
C2847,4,609,Yes
C2848,3,661,Yes
C2849,3,681,Yes
C2850,4,657,Yes
C2851,4,681,Yes
C2852,4,628,Yes
C2853,3,550,Yes
C2854,3,586,No
C2855,2,553,No
C2856,3,677,Yes
C2857,2,628,No
C2858,2,586,Yes
C2859,3,615,No
C2860,2,643,No
C2861,4,659,Yes
C2862,3,574,Yes
C2863,4,696,Yes
C2864,2,586,No
C2865,4,672,No
C2866,3,672,No
C2867,4,671,No
C2868,4,626,Yes
C2869,4,701,No
C2870,4,644,Yes
C2871,2,664,No
C2872,3,592,Yes
C2873,3,669,No
C2874,3,676,No
C2875,2,626,Yes
C2876,3,566,No
C2877,2,657,Yes
C2878,3,674,No
C2879,3,659,No
C2880,3,597,Yes
C2881,2,615,Yes
C2882,4,576,Yes
C2883,2,646,No
C2884,2,658,No
C2885,2,595,Yes
C2886,4,648,No
C2887,4,603,No
C2888,4,672,No
C2889,4,677,Yes
C2890,4,704,No
C2891,4,592,Yes
C2892,3,641,No
C2893,2,613,Yes
C2894,4,499,Yes
C2895,2,677,Yes
C2896,2,617,Yes
C2897,3,546,Yes
C2898,2,706,Yes
C2899,4,622,Yes
C2900,3,577,Yes
C2901,3,653,No
C2902,3,620,No
C2903,2,610,Yes
C2904,3,700,Yes
C2905,2,595,Yes
C2906,4,643,Yes
C2907,4,584,Yes
C2908,2,661,No
C2909,4,599,Yes
C2910,2,591,Yes
C2911,3,591,Yes
C2912,4,644,Yes
C2913,2,610,Yes
C2914,3,683,No
C2915,3,608,Yes
C2916,4,627,No
C2917,3,535,Yes
C2918,2,560,No
C2919,3,604,No
C2920,3,626,Yes
C2921,2,682,No
C2922,4,673,No
C2923,4,533,No
C2924,4,641,Yes
C2925,3,503,Yes
C2926,4,588,No
C2927,3,665,Yes
C2928,4,605,No
C2929,2,659,No
C2930,2,545,Yes
C2931,3,574,Yes
C2932,2,668,Yes
C2933,4,574,No
C2934,2,608,No
C2935,4,601,Yes
C2936,2,669,No
C2937,3,591,Yes
C2938,2,646,Yes
C2939,4,625,Yes
C2940,2,638,Yes
C2941,2,642,Yes
C2942,2,580,No
C2943,2,626,Yes
C2944,2,686,No
C2945,3,634,No
C2946,3,612,No
C2947,4,672,No
C2948,4,658,Yes
C2949,2,667,No
C2950,2,570,Yes
C2951,2,673,Yes
C2952,4,640,Yes
C2953,3,668,Yes
C2954,3,560,No
C2955,4,643,Yes
C2956,3,555,Yes
C2957,3,621,Yes
C2958,3,570,Yes
C2959,4,538,No
C2960,4,507,Yes
C2961,4,642,Yes
C2962,4,667,Yes
C2963,4,658,No
C2964,2,679,No
C2965,4,494,Yes
C2966,3,668,No
C2967,2,621,Yes
C2968,2,631,No
C2969,2,634,No
C2970,4,618,No
C2971,2,620,No
C2972,3,609,No
C2973,3,649,No
C2974,4,586,No
C2975,2,583,No
C2976,4,623,Yes
C2977,3,681,No
C2978,4,616,Yes
C2979,2,588,No
C2980,2,578,Yes
C2981,4,642,No
C2982,2,691,Yes
C2983,3,641,No
C2984,4,502,Yes
C2985,4,635,Yes
C2986,4,633,No
C2987,2,690,No
C2988,2,639,No
C2989,2,692,Yes
C2990,2,701,No
C2991,3,633,No
C2992,3,642,No
C2993,4,630,Yes
C2994,4,618,No
C2995,4,690,No
C2996,4,690,Yes
C2997,2,593,Yes
C2998,3,622,Yes
C2999,4,635,Yes
C3000,4,709,No
C3001,2,614,No
C3002,3,688,No
C3003,4,635,No
C3004,3,574,No
C3005,2,613,Yes
C3006,2,680,Yes
C3007,2,539,No
C3008,3,534,No
C3009,4,640,Yes
C3010,4,604,No
C3011,2,647,Yes
C3012,4,674,No
C3013,4,660,No
C3014,3,656,Yes
C3015,3,587,Yes
C3016,4,708,No
C3017,2,618,No
C3018,3,588,Yes
C3019,4,675,No
C3020,2,594,Yes
C3021,3,677,Yes
C3022,4,657,No
C3023,2,629,No
C3024,2,577,No
C3025,2,545,No
C3026,3,509,Yes
C3027,4,661,Yes
C3028,2,662,Yes
C3029,2,593,Yes
C3030,4,680,No
C3031,3,697,No
C3032,2,653,Yes
C3033,2,641,Yes
C3034,3,591,No
C3035,3,595,Yes
C3036,3,648,No
C3037,4,626,No
C3038,3,591,Yes
C3039,4,647,No
C3040,3,692,Yes
C3041,4,528,Yes
C3042,4,651,No
C3043,3,592,Yes
C3044,3,648,No
C3045,4,636,Yes
C3046,3,640,No
C3047,4,669,Yes
C3048,4,611,No
C3049,2,703,Yes
C3050,2,668,No
C3051,2,671,No
C3052,3,609,Yes
C3053,4,603,No
C3054,4,698,No
C3055,2,594,No
C3056,4,619,No
C3057,2,655,No
C3058,4,586,Yes
C3059,4,555,No
C3060,2,664,No
C3061,4,671,No
C3062,2,643,No
C3063,4,631,No
C3064,3,698,Yes
C3065,2,557,Yes
C3066,3,630,Yes
C3067,3,504,Yes
C3068,2,635,No
C3069,3,689,Yes
C3070,3,658,No
C3071,3,663,Yes
C3072,4,631,Yes
C3073,3,663,No
C3074,4,544,Yes
C3075,4,619,No
C3076,4,686,No
C3077,2,691,No
C3078,2,586,Yes
C3079,4,578,Yes
C3080,4,631,No
C3081,3,699,No
C3082,3,607,No
C3083,2,675,Yes
C3084,2,681,Yes
C3085,4,682,Yes
C3086,3,619,Yes
C3087,3,637,Yes
C3088,2,589,No
C3089,4,680,Yes
C3090,3,666,Yes
C3091,3,696,No
C3092,4,607,No
C3093,3,526,Yes
C3094,4,604,No
C3095,3,685,No
C3096,2,590,Yes
C3097,2,630,Yes
C3098,3,649,No
C3099,2,491,Yes
C3100,3,577,No
C3101,4,560,Yes
C3102,4,482,No
C3103,4,636,Yes
C3104,2,523,Yes
C3105,3,691,No
C3106,4,578,No
C3107,2,694,No
C3108,3,619,No
C3109,4,589,No
C3110,2,694,No
C3111,3,570,No
C3112,4,679,No
C3113,4,615,No
C3114,4,661,No
C3115,2,598,No
C3116,2,581,No
C3117,2,641,No
C3118,3,637,No
C3119,2,549,Yes
C3120,3,544,Yes
C3121,3,713,Yes
C3122,2,581,Yes
C3123,2,651,Yes
C3124,3,618,Yes
C3125,2,676,No
C3126,2,627,Yes
C3127,3,633,No
C3128,3,660,No
C3129,4,554,Yes
C3130,3,596,Yes
C3131,3,676,No
C3132,2,623,No
C3133,4,697,Yes
C3134,3,656,Yes
C3135,3,611,Yes
C3136,3,644,No
C3137,3,552,No
C3138,3,647,No
C3139,2,593,Yes
C3140,4,688,No
C3141,2,661,No
C3142,2,655,No
C3143,2,560,Yes
C3144,2,498,Yes
C3145,4,591,No
C3146,4,557,Yes
C3147,4,570,Yes
C3148,2,657,Yes
C3149,4,600,Yes
C3150,3,624,Yes
C3151,3,611,Yes
C3152,4,649,Yes
C3153,2,632,No
C3154,3,547,No
C3155,2,666,No
C3156,4,663,No
C3157,4,630,No
C3158,2,619,Yes
C3159,2,629,Yes
C3160,2,661,Yes
C3161,3,676,Yes
C3162,4,676,Yes
C3163,2,602,Yes
C3164,3,614,Yes
C3165,3,649,Yes
C3166,2,688,Yes
C3167,4,563,Yes
C3168,2,594,No
C3169,3,571,Yes
C3170,4,634,No
C3171,3,605,No
C3172,4,652,Yes
C3173,2,643,Yes
C3174,4,629,Yes
C3175,4,621,No
C3176,2,667,Yes
C3177,2,664,Yes
C3178,2,532,Yes
C3179,4,560,No
C3180,3,659,Yes
C3181,2,593,Yes
C3182,4,640,Yes
C3183,3,638,No
C3184,4,613,No
C3185,4,567,Yes
C3186,3,648,Yes
C3187,4,705,No
C3188,3,643,Yes
C3189,3,606,Yes
C3190,4,596,Yes
C3191,4,678,Yes
C3192,3,530,Yes
C3193,2,561,Yes
C3194,4,722,No
C3195,4,685,No
C3196,3,651,No
C3197,4,653,No
C3198,3,610,Yes
C3199,3,613,Yes
C3200,2,632,No
C3201,4,654,Yes
C3202,2,565,No
C3203,3,642,No
C3204,4,633,Yes
C3205,3,641,Yes
C3206,2,673,Yes
C3207,2,622,No
C3208,3,650,No
C3209,3,488,Yes
C3210,4,591,Yes
C3211,2,660,Yes
C3212,3,683,No
C3213,2,668,No
C3214,2,645,No
C3215,4,496,Yes
C3216,3,612,Yes
C3217,2,619,No
C3218,2,616,Yes
C3219,3,634,No
C3220,4,610,No
C3221,3,672,Yes
C3222,3,615,Yes
C3223,2,686,Yes
C3224,4,663,No
C3225,2,626,Yes
C3226,3,675,Yes
C3227,2,642,Yes
C3228,4,537,Yes
C3229,4,691,No
C3230,2,581,Yes
C3231,2,561,No
C3232,4,528,Yes
C3233,3,574,Yes
C3234,4,708,No
C3235,2,606,Yes
C3236,3,679,Yes
C3237,3,564,Yes
C3238,2,640,No
C3239,3,602,Yes
C3240,3,655,No
C3241,3,679,No
C3242,2,649,Yes
C3243,3,637,No
C3244,3,679,No
C3245,2,628,No
C3246,3,634,Yes
C3247,3,668,No
C3248,4,582,Yes
C3249,4,609,Yes
C3250,2,601,Yes
C3251,4,608,No
C3252,4,653,No
C3253,3,545,Yes
C3254,2,715,Yes
C3255,3,659,No
C3256,4,629,Yes
C3257,3,601,Yes
C3258,3,582,Yes
C3259,3,609,Yes
C3260,3,629,Yes
C3261,4,632,Yes
C3262,3,639,No
C3263,3,605,No
C3264,2,704,No
C3265,3,600,No
C3266,3,664,No
C3267,2,620,No
C3268,2,637,No
C3269,2,499,Yes
C3270,4,555,Yes
C3271,3,683,No
C3272,4,662,Yes
C3273,2,666,No
C3274,4,694,Yes
C3275,3,505,No
C3276,3,509,No
C3277,4,608,No
C3278,4,684,No
C3279,4,663,No
C3280,4,643,No
C3281,2,669,Yes
C3282,3,591,Yes
C3283,4,664,No
C3284,3,596,No
C3285,3,561,No
C3286,3,684,Yes
C3287,4,593,No
C3288,2,650,No
C3289,4,695,No
C3290,3,632,Yes
C3291,3,623,Yes
C3292,4,661,No
C3293,4,663,Yes
C3294,3,619,No
C3295,2,583,Yes
C3296,4,556,Yes
C3297,3,647,Yes
C3298,3,578,Yes
C3299,3,693,Yes
C3300,3,604,Yes
C3301,3,525,Yes
C3302,4,568,Yes
C3303,2,693,Yes
C3304,2,621,Yes
C3305,2,583,Yes
C3306,3,614,Yes
C3307,3,629,Yes
C3308,3,468,Yes
C3309,3,622,No
C3310,3,592,No
C3311,4,490,Yes
C3312,4,571,Yes
C3313,2,657,Yes
C3314,4,601,Yes
C3315,2,576,Yes
C3316,2,578,Yes
C3317,2,703,No
C3318,4,585,No
C3319,4,625,No
C3320,2,619,Yes
C3321,3,604,Yes
C3322,3,606,No
C3323,2,568,Yes
C3324,2,587,No
C3325,3,641,No
C3326,4,582,No
C3327,3,666,No
C3328,2,664,No
C3329,4,594,No
C3330,2,548,No
C3331,3,610,Yes
C3332,3,661,No
C3333,4,528,Yes
C3334,4,549,No
C3335,4,479,Yes
C3336,4,642,Yes
C3337,2,633,Yes
C3338,3,635,No
C3339,2,622,Yes
C3340,3,629,Yes
C3341,3,584,No
C3342,4,668,Yes
C3343,4,596,No
C3344,4,718,No
C3345,4,694,No
C3346,3,601,Yes
C3347,2,634,Yes
C3348,2,639,Yes
C3349,2,673,No
C3350,2,533,Yes
C3351,2,571,No
C3352,2,630,Yes
C3353,2,629,No
C3354,2,569,Yes
C3355,3,528,No
C3356,4,564,Yes
C3357,3,688,No
C3358,3,640,No
C3359,2,653,Yes
C3360,3,598,Yes
C3361,3,695,Yes
C3362,2,651,No
C3363,4,529,No
C3364,3,675,No
C3365,2,541,Yes
C3366,3,685,No
C3367,3,629,Yes
C3368,4,666,No
C3369,2,584,Yes
C3370,2,644,Yes
C3371,3,529,Yes
C3372,3,676,No
C3373,2,591,Yes
C3374,2,721,Yes
C3375,2,536,No
C3376,2,585,Yes
C3377,3,538,No
C3378,3,578,Yes
C3379,4,600,No
C3380,4,621,Yes
C3381,4,614,Yes
C3382,2,539,No
C3383,4,662,Yes
C3384,2,610,No
C3385,2,674,No
C3386,2,625,Yes
C3387,4,628,Yes
C3388,4,682,No
C3389,3,697,Yes
C3390,2,588,Yes
C3391,2,602,No
C3392,2,576,Yes
C3393,2,642,No
C3394,4,519,Yes
C3395,3,583,No
C3396,4,617,Yes
C3397,4,611,Yes
C3398,2,642,No
C3399,2,681,Yes
C3400,4,680,No
C3401,4,657,Yes
C3402,3,583,No
C3403,2,635,Yes
C3404,2,669,No
C3405,4,586,No
C3406,4,675,No
C3407,3,566,No
C3408,4,567,No
C3409,2,667,Yes
C3410,4,666,No
C3411,3,717,Yes
C3412,3,625,No
C3413,4,595,Yes
C3414,2,510,Yes
C3415,4,640,No
C3416,3,553,Yes
C3417,2,629,Yes
C3418,2,630,Yes
C3419,3,703,Yes
C3420,3,559,Yes
C3421,4,547,Yes
C3422,3,594,No
C3423,2,645,Yes
C3424,4,586,No
C3425,2,625,No
C3426,2,617,No
C3427,4,679,No
C3428,4,659,No
C3429,3,562,No
C3430,2,701,No
C3431,4,635,No
C3432,2,655,No
C3433,4,616,No
C3434,3,575,Yes
C3435,3,691,No
C3436,4,638,No
C3437,4,663,No
C3438,3,528,No
C3439,3,660,No
C3440,4,532,Yes
C3441,2,631,Yes
C3442,3,702,No
C3443,4,633,Yes
C3444,2,640,No
C3445,3,619,No
C3446,4,654,Yes
C3447,2,526,No
C3448,2,657,No
C3449,3,633,No
C3450,3,615,No
C3451,3,557,Yes
C3452,2,599,No
C3453,2,630,Yes
C3454,3,630,No
C3455,2,687,Yes
C3456,2,581,Yes
C3457,4,688,No
C3458,4,606,Yes
C3459,3,677,No
C3460,4,550,No
C3461,2,649,Yes
C3462,4,661,Yes
C3463,2,678,Yes
C3464,4,566,No
C3465,3,662,No
C3466,4,642,Yes
C3467,3,669,Yes
C3468,4,656,No
C3469,4,548,Yes
C3470,3,543,Yes
C3471,2,639,No
C3472,4,638,No
C3473,3,652,Yes
C3474,2,529,No
C3475,3,620,No
C3476,3,562,No
C3477,3,627,No
C3478,4,615,Yes
C3479,3,637,Yes
C3480,4,661,No
C3481,3,665,No
C3482,4,660,No
C3483,2,604,No
C3484,3,552,Yes
C3485,4,666,Yes
C3486,3,601,Yes
C3487,2,651,Yes
C3488,3,669,No
C3489,2,682,No
C3490,2,611,No
C3491,4,565,Yes
C3492,3,668,No
C3493,3,621,No
C3494,2,558,Yes
C3495,3,691,No
C3496,4,666,No
C3497,2,643,No
C3498,3,664,Yes
C3499,2,612,No
C3500,2,605,No
C3501,3,642,No
C3502,4,637,No
C3503,4,641,No
C3504,4,584,Yes
C3505,3,627,No
C3506,4,640,Yes
C3507,4,633,No
C3508,2,681,No
C3509,3,631,No
C3510,3,661,No
C3511,3,581,No
C3512,3,643,Yes
C3513,4,676,No
C3514,2,623,No
C3515,2,665,No
C3516,4,630,Yes
C3517,3,649,No
C3518,2,568,No
C3519,2,636,Yes
C3520,2,584,Yes
C3521,4,672,No
C3522,2,684,No
C3523,2,693,Yes
C3524,3,639,Yes
C3525,2,664,Yes
C3526,3,636,Yes
C3527,3,685,Yes
C3528,3,673,Yes
C3529,2,592,Yes
C3530,4,592,Yes
C3531,2,681,No
C3532,4,574,Yes
C3533,2,676,No
C3534,3,524,Yes
C3535,4,611,Yes
C3536,2,568,Yes
C3537,4,501,No
C3538,4,666,Yes
C3539,4,534,No
C3540,2,701,No
C3541,4,522,Yes
C3542,3,650,Yes
C3543,4,593,Yes
C3544,4,573,No
C3545,3,669,No
C3546,3,575,No
C3547,4,682,No
C3548,2,642,No
C3549,4,570,No
C3550,2,644,Yes
C3551,3,551,Yes
C3552,2,660,Yes
C3553,4,528,Yes
C3554,4,670,No
C3555,2,606,Yes
C3556,2,621,No
C3557,3,677,Yes
C3558,4,550,Yes
C3559,3,616,Yes
C3560,3,692,Yes
C3561,3,578,Yes
C3562,3,697,No
C3563,4,612,Yes
C3564,3,680,No
C3565,3,685,No
C3566,4,717,No
C3567,2,649,Yes
C3568,2,652,No
C3569,3,570,No
C3570,3,690,No
C3571,2,620,No
C3572,3,593,Yes
C3573,3,605,Yes
C3574,3,698,Yes
C3575,3,580,No
C3576,4,618,Yes
C3577,2,590,Yes
C3578,4,685,Yes
C3579,3,672,No
C3580,3,694,Yes
C3581,4,629,No
C3582,3,647,No
C3583,2,659,Yes
C3584,2,586,Yes
C3585,2,650,Yes
C3586,2,656,Yes
C3587,4,686,No
C3588,3,489,Yes
C3589,4,633,Yes
C3590,4,585,Yes
C3591,2,619,No
C3592,3,667,No
C3593,2,663,No
C3594,4,662,Yes
C3595,2,678,No
C3596,3,654,Yes
C3597,4,557,No
C3598,4,664,No
C3599,4,647,Yes
C3600,3,533,No
C3601,3,588,Yes
C3602,2,563,Yes
C3603,2,593,No
C3604,2,593,No
C3605,3,592,No
C3606,3,622,Yes
C3607,3,503,No
C3608,2,641,No
C3609,4,657,Yes
C3610,4,667,No
C3611,3,580,No
C3612,2,650,No
C3613,2,650,Yes
C3614,4,641,No
C3615,2,580,Yes
C3616,3,645,Yes
C3617,3,625,Yes
C3618,2,562,Yes
C3619,4,571,Yes
C3620,3,683,Yes
C3621,4,576,Yes
C3622,2,626,Yes
C3623,3,634,Yes
C3624,2,472,Yes
C3625,2,687,No
C3626,2,588,No
C3627,3,543,Yes
C3628,4,568,Yes
C3629,4,650,Yes
C3630,2,583,No
C3631,2,638,Yes
C3632,2,555,Yes
C3633,4,672,No
C3634,4,600,No
C3635,2,705,Yes
C3636,3,652,Yes
C3637,4,670,No
C3638,2,634,No
C3639,4,661,No
C3640,4,662,Yes
C3641,3,658,Yes
C3642,4,608,Yes
C3643,2,619,Yes
C3644,3,656,No
C3645,4,681,Yes
C3646,2,635,No
C3647,4,666,No
C3648,2,592,No
C3649,2,617,No
C3650,3,563,No
C3651,3,586,Yes
C3652,4,634,Yes
C3653,4,679,No
C3654,4,639,Yes
C3655,4,634,No
C3656,2,654,Yes
C3657,4,651,Yes
C3658,3,602,Yes
C3659,3,548,Yes
C3660,2,600,Yes
C3661,3,512,Yes
C3662,2,697,Yes
C3663,4,643,No
C3664,4,635,No
C3665,3,524,No
C3666,4,625,No
C3667,2,643,Yes
C3668,2,606,No
C3669,2,609,No
C3670,3,629,No
C3671,3,573,No
C3672,3,529,No
C3673,3,640,No
C3674,3,664,No
C3675,3,629,No
C3676,4,635,No
C3677,2,643,Yes
C3678,3,608,Yes
C3679,3,563,No
C3680,3,587,Yes
C3681,2,621,No
C3682,2,581,No
C3683,2,583,No
C3684,3,670,Yes
C3685,2,631,No
C3686,3,480,No
C3687,2,657,No
C3688,3,567,No
C3689,2,606,No
C3690,4,597,No
C3691,4,625,No
C3692,4,614,No
C3693,3,622,Yes
C3694,4,674,No
C3695,3,653,No
C3696,2,607,No
C3697,4,643,No
C3698,4,684,No
C3699,4,644,No
C3700,4,676,No
C3701,3,633,No
C3702,4,571,No
C3703,2,623,No
C3704,4,647,No
C3705,3,559,Yes
C3706,3,649,No
C3707,2,670,No
C3708,3,703,No
C3709,3,618,No
C3710,3,506,Yes
C3711,3,580,Yes
C3712,3,506,Yes
C3713,2,421,Yes
C3714,3,574,Yes
C3715,4,609,Yes
C3716,4,616,Yes
C3717,4,573,Yes
C3718,4,632,Yes
C3719,2,576,No
C3720,2,605,No
C3721,2,610,Yes
C3722,2,646,Yes
C3723,3,671,No
C3724,3,696,No
C3725,3,613,Yes
C3726,2,524,Yes
C3727,3,706,Yes
C3728,2,634,No
C3729,4,646,Yes
C3730,3,514,Yes
C3731,3,671,No
C3732,2,696,No
C3733,3,521,Yes
C3734,4,647,Yes
C3735,4,654,No
C3736,3,627,No
C3737,4,652,Yes
C3738,3,648,Yes
C3739,3,684,Yes
C3740,4,579,Yes
C3741,2,662,No
C3742,4,676,No
C3743,4,678,No
C3744,2,585,Yes
C3745,2,677,Yes
C3746,3,670,No
C3747,4,494,Yes
C3748,4,673,No
C3749,4,548,Yes
C3750,3,543,Yes
C3751,3,651,No
C3752,3,650,No
C3753,2,683,Yes
C3754,3,595,No
C3755,2,642,No
C3756,2,667,Yes
C3757,2,573,Yes
C3758,4,582,Yes
C3759,4,610,Yes
C3760,2,651,No
C3761,2,635,No
C3762,4,649,Yes
C3763,4,508,No
C3764,2,617,Yes
C3765,2,579,Yes
C3766,4,663,Yes
C3767,2,473,Yes
C3768,3,683,Yes
C3769,2,585,Yes
C3770,2,631,Yes
C3771,2,500,Yes
C3772,3,609,Yes
C3773,2,585,Yes
C3774,2,607,No
C3775,2,668,Yes
C3776,2,581,Yes
C3777,3,669,No
C3778,2,635,Yes
C3779,2,657,Yes
C3780,3,640,No
C3781,2,603,No
C3782,4,631,No
C3783,3,598,Yes
C3784,2,629,Yes
C3785,4,668,No
C3786,2,686,Yes
C3787,3,626,Yes
C3788,2,602,Yes
C3789,4,673,No
C3790,3,679,No
C3791,2,626,No
C3792,4,586,Yes
C3793,3,582,No
C3794,2,472,Yes
C3795,4,596,Yes
C3796,3,674,Yes
C3797,4,610,Yes
C3798,3,674,No
C3799,3,644,Yes
C3800,2,677,No
C3801,2,630,Yes
C3802,2,643,No
C3803,4,693,No
C3804,4,491,Yes
C3805,3,582,Yes
C3806,4,644,No
C3807,3,654,No
C3808,3,702,Yes
C3809,3,603,No
C3810,2,669,No
C3811,3,595,No
C3812,4,555,Yes
C3813,3,631,No
C3814,3,602,Yes
C3815,3,662,Yes
C3816,3,649,No
C3817,4,628,No
C3818,4,627,Yes
C3819,4,569,No
C3820,4,494,Yes
C3821,3,577,Yes
C3822,4,493,Yes
C3823,3,610,No
C3824,4,674,Yes
C3825,2,608,Yes
C3826,2,582,Yes
C3827,3,519,Yes
C3828,2,542,Yes
C3829,2,691,Yes
C3830,3,626,No
C3831,4,681,Yes
C3832,2,613,Yes
C3833,4,624,No
C3834,3,647,No
C3835,4,690,No
C3836,4,652,No
C3837,4,613,Yes
C3838,4,614,Yes
C3839,3,587,No
C3840,4,660,Yes
C3841,4,643,No
C3842,3,557,Yes
C3843,3,633,Yes
C3844,2,629,Yes
C3845,4,531,Yes
C3846,2,611,Yes
C3847,2,572,Yes
C3848,4,656,No
C3849,4,660,Yes
C3850,3,587,No
C3851,4,611,No
C3852,4,501,No
C3853,4,605,Yes
C3854,2,680,Yes
C3855,3,653,No
C3856,4,623,No
C3857,3,683,No
C3858,4,603,Yes
C3859,4,568,No
C3860,3,642,No
C3861,2,633,No
C3862,3,641,Yes
C3863,2,667,Yes
C3864,2,673,No
C3865,3,619,No
C3866,4,635,No
C3867,2,590,No
C3868,3,606,Yes
C3869,2,646,No
C3870,4,573,No
C3871,4,582,No
C3872,2,600,Yes
C3873,2,588,Yes
C3874,2,565,Yes
C3875,3,546,Yes
C3876,4,483,Yes
C3877,4,658,No
C3878,2,638,Yes
C3879,3,624,Yes
C3880,3,441,Yes
C3881,2,705,Yes
C3882,2,687,Yes
C3883,3,662,No
C3884,3,621,No
C3885,2,722,No
C3886,4,612,Yes
C3887,2,588,Yes
C3888,4,594,Yes
C3889,4,592,Yes
C3890,4,624,Yes
C3891,4,676,Yes
C3892,3,658,No
C3893,4,620,No
C3894,2,634,No
C3895,2,609,No
C3896,3,644,Yes
C3897,3,656,No
C3898,2,637,No
C3899,2,540,No
C3900,2,692,No
C3901,3,675,No
C3902,3,649,No
C3903,2,700,Yes
C3904,2,629,No
C3905,4,683,No
C3906,4,649,Yes
C3907,4,603,Yes
C3908,4,557,No
C3909,4,636,Yes
C3910,4,672,No
C3911,4,632,Yes
C3912,3,675,No
C3913,3,611,No
C3914,2,701,Yes
C3915,3,679,No
C3916,4,584,No
C3917,4,617,No
C3918,3,671,Yes
C3919,4,538,Yes
C3920,4,676,No
C3921,4,620,No
C3922,2,664,No
C3923,4,618,Yes
C3924,4,597,Yes
C3925,3,634,Yes
C3926,4,671,No
C3927,4,529,Yes
C3928,3,570,Yes
C3929,3,671,Yes
C3930,3,631,Yes
C3931,4,681,No
C3932,4,646,Yes
C3933,2,666,Yes
C3934,2,690,Yes
C3935,3,460,Yes
C3936,4,628,Yes
C3937,4,656,No
C3938,3,585,Yes
C3939,2,608,Yes
C3940,3,679,No
C3941,4,590,Yes
C3942,4,569,No
C3943,3,623,Yes
C3944,4,680,Yes
C3945,4,507,Yes
C3946,3,691,Yes
C3947,4,672,Yes
C3948,3,595,Yes
C3949,2,673,No
C3950,4,656,Yes
C3951,4,661,No
C3952,2,681,No
C3953,3,590,No
C3954,3,523,Yes
C3955,3,669,No
C3956,2,640,Yes
C3957,2,666,No
C3958,2,628,No
C3959,2,494,Yes
C3960,4,548,Yes
C3961,2,665,Yes
C3962,4,665,No
C3963,4,629,No
C3964,4,692,No
C3965,2,670,Yes
C3966,2,621,Yes
C3967,3,542,Yes
C3968,4,578,Yes
C3969,3,693,No
C3970,4,620,Yes
C3971,2,626,Yes
C3972,3,710,No
C3973,3,614,No
C3974,3,658,Yes
C3975,2,681,No
C3976,2,616,Yes
C3977,2,584,Yes
C3978,2,632,Yes
C3979,4,661,No
C3980,2,602,Yes
C3981,4,496,Yes
C3982,4,644,Yes
C3983,4,725,No
C3984,4,584,No
C3985,4,678,No
C3986,3,547,No
C3987,3,617,Yes
C3988,3,557,No
C3989,2,702,No
C3990,3,676,Yes
C3991,3,698,No
C3992,2,660,Yes
C3993,3,617,No
C3994,3,634,Yes
C3995,4,681,No
C3996,2,642,No
C3997,3,635,No
C3998,2,640,No
C3999,4,601,No
C4000,2,512,Yes
C4001,2,707,No
C4002,4,667,No
C4003,2,688,Yes
C4004,4,656,Yes
C4005,2,555,No
C4006,4,677,Yes
C4007,4,705,No
C4008,3,538,Yes
C4009,4,697,No
C4010,4,694,Yes
C4011,2,543,Yes
C4012,2,562,No
C4013,4,595,Yes
C4014,2,642,Yes
C4015,2,654,Yes
C4016,3,677,No
C4017,2,659,Yes
C4018,4,632,No
C4019,2,657,Yes
C4020,3,655,Yes
C4021,3,597,No
C4022,4,573,Yes
C4023,3,650,Yes
C4024,2,562,Yes
C4025,3,677,No
C4026,2,671,No
C4027,3,626,Yes
C4028,4,678,Yes
C4029,2,579,Yes
C4030,3,654,No
C4031,3,600,No
C4032,2,665,No
C4033,3,675,Yes
C4034,3,698,Yes
C4035,3,657,Yes
C4036,4,639,Yes
C4037,4,586,Yes
C4038,3,611,Yes
C4039,4,635,No
C4040,3,619,Yes
C4041,2,607,Yes
C4042,2,639,Yes
C4043,2,607,Yes
C4044,4,649,No
C4045,4,632,Yes
C4046,2,685,No
C4047,4,620,No
C4048,2,685,Yes
C4049,3,636,Yes
C4050,2,672,No
C4051,2,710,No
C4052,2,622,No
C4053,3,598,No
C4054,2,635,No
C4055,2,674,No
C4056,4,630,Yes
C4057,4,616,Yes
C4058,4,633,Yes
C4059,4,537,Yes
C4060,4,640,Yes
C4061,4,678,No
C4062,2,621,No
C4063,3,517,No
C4064,2,635,Yes
C4065,2,610,Yes
C4066,2,636,No
C4067,2,580,Yes
C4068,4,596,Yes
C4069,4,577,Yes
C4070,2,686,Yes
C4071,3,596,Yes
C4072,2,676,Yes
C4073,3,612,No
C4074,3,675,No
C4075,3,714,No
C4076,4,636,Yes
C4077,4,692,No
C4078,4,610,No
C4079,4,631,No
C4080,2,708,No
C4081,3,534,No
C4082,2,673,Yes
C4083,2,687,No
C4084,4,624,No
C4085,3,613,Yes
C4086,4,491,Yes
C4087,4,639,No
C4088,2,617,Yes
C4089,3,667,Yes
C4090,4,673,No
C4091,3,649,Yes
C4092,2,657,Yes
C4093,2,620,No
C4094,3,649,No
C4095,3,575,Yes
C4096,3,599,No
C4097,3,628,No
C4098,2,537,No
C4099,3,670,No
C4100,2,542,No
C4101,4,554,No
C4102,2,669,No
C4103,3,644,Yes
C4104,3,619,Yes
C4105,4,567,Yes
C4106,4,658,No
C4107,2,698,No
C4108,3,713,Yes
C4109,2,592,No
C4110,2,665,No
C4111,4,589,No
C4112,4,687,No
C4113,3,580,Yes
C4114,4,691,Yes
C4115,3,621,No
C4116,3,638,Yes
C4117,4,590,No
C4118,4,694,No
C4119,3,651,Yes
C4120,2,688,No
C4121,4,589,Yes
C4122,4,676,No
C4123,4,622,No
C4124,3,653,Yes
C4125,3,655,No
C4126,2,662,No
C4127,4,638,Yes
C4128,2,591,Yes
C4129,4,645,No
C4130,2,578,No
C4131,3,607,No
C4132,4,538,No
C4133,2,613,No
C4134,4,581,No
C4135,2,647,No
C4136,4,653,Yes
C4137,3,639,Yes
C4138,4,624,Yes
C4139,4,628,Yes
C4140,3,644,Yes
C4141,2,658,Yes
C4142,2,705,No
C4143,2,531,No
C4144,2,586,Yes
C4145,4,605,No
C4146,2,597,Yes
C4147,3,636,No
C4148,3,551,Yes
C4149,4,603,Yes
C4150,2,536,Yes
C4151,3,653,Yes
C4152,4,627,Yes
C4153,4,642,No
C4154,4,525,Yes
C4155,2,485,Yes
C4156,3,627,No
C4157,4,699,No
C4158,3,556,Yes
C4159,3,664,Yes
C4160,2,554,Yes
C4161,4,636,No
C4162,3,545,No
C4163,3,673,Yes
C4164,4,602,Yes
C4165,2,649,No
C4166,2,708,Yes
C4167,4,692,No
C4168,2,608,No
C4169,4,690,No
C4170,4,617,No
C4171,4,632,Yes
C4172,2,670,No
C4173,2,622,No
C4174,3,712,No
C4175,2,639,No
C4176,4,687,No
C4177,2,596,No
C4178,2,660,No
C4179,2,595,Yes
C4180,4,548,Yes
C4181,2,632,Yes
C4182,2,622,Yes
C4183,4,585,No
C4184,4,625,No
C4185,4,681,Yes
C4186,2,619,No
C4187,3,584,No
C4188,2,659,No
C4189,2,528,Yes
C4190,4,683,No
C4191,4,717,No
C4192,2,635,No
C4193,3,593,No
C4194,2,648,No
C4195,2,668,No
C4196,2,670,Yes
C4197,4,588,Yes
C4198,2,667,No
C4199,3,656,No
C4200,4,580,Yes
C4201,4,639,Yes
C4202,2,595,No
C4203,3,681,No
C4204,4,649,No
C4205,4,668,Yes
C4206,2,629,Yes
C4207,2,657,No
C4208,3,652,No
C4209,3,628,Yes
C4210,3,521,Yes
C4211,2,603,No
C4212,3,542,Yes
C4213,4,597,No
C4214,3,495,Yes
C4215,4,667,Yes
C4216,3,619,No
C4217,2,517,Yes
C4218,3,627,Yes
C4219,4,636,No
C4220,3,641,No
C4221,2,536,No
C4222,2,638,No
C4223,2,659,Yes
C4224,2,578,No
C4225,4,694,Yes
C4226,4,649,No
C4227,3,599,No
C4228,2,634,No
C4229,4,681,Yes
C4230,3,636,No
C4231,4,680,No
C4232,3,618,No
C4233,4,623,Yes
C4234,4,540,Yes
C4235,2,548,No
C4236,2,630,No
C4237,2,640,No
C4238,4,625,Yes
C4239,4,639,Yes
C4240,3,543,Yes
C4241,2,655,Yes
C4242,2,628,No
C4243,3,671,No
C4244,3,704,Yes
C4245,4,653,Yes
C4246,3,588,No
C4247,2,635,No
C4248,4,627,Yes
C4249,4,559,Yes
C4250,2,641,No
C4251,3,624,No
C4252,4,563,Yes
C4253,3,602,Yes
C4254,4,661,Yes
C4255,4,592,Yes
C4256,4,630,No
C4257,2,450,No
C4258,2,541,No
C4259,3,585,Yes
C4260,3,524,Yes
C4261,2,640,Yes
C4262,2,649,Yes
C4263,3,602,Yes
C4264,4,530,Yes
C4265,2,543,Yes
C4266,4,613,Yes
C4267,2,603,Yes
C4268,3,683,Yes
C4269,4,700,No
C4270,2,542,No
C4271,2,661,No
C4272,2,574,Yes
C4273,3,467,Yes
C4274,2,596,No
C4275,3,554,Yes
C4276,4,612,Yes
C4277,2,644,No
C4278,2,606,Yes
C4279,3,656,Yes
C4280,2,669,Yes
C4281,4,600,Yes
C4282,4,614,Yes
C4283,2,589,Yes
C4284,3,654,No
C4285,3,668,Yes
C4286,3,579,Yes
C4287,2,714,No
C4288,3,647,Yes
C4289,4,674,Yes
C4290,2,690,No
C4291,2,461,Yes
C4292,3,613,Yes
C4293,4,659,No
C4294,2,668,No
C4295,2,657,Yes
C4296,2,585,Yes
C4297,3,597,Yes
C4298,3,669,Yes
C4299,4,654,No
C4300,4,644,Yes
C4301,4,563,Yes
C4302,3,682,No
C4303,4,628,No
C4304,2,646,Yes
C4305,3,618,Yes
C4306,2,600,No
C4307,4,633,No
C4308,4,543,Yes
C4309,2,666,No
C4310,3,632,No
C4311,2,695,No
C4312,2,656,Yes
C4313,2,681,Yes
C4314,2,649,Yes
C4315,4,688,No
C4316,2,648,No
C4317,3,638,Yes
C4318,2,638,No
C4319,4,621,Yes
C4320,3,644,Yes
C4321,3,593,No
C4322,3,677,No
C4323,2,637,Yes
C4324,4,634,Yes
C4325,2,617,Yes
C4326,3,664,No
C4327,2,613,No
C4328,3,616,Yes
C4329,4,587,No
C4330,3,678,No
C4331,4,642,No
C4332,2,637,No
C4333,2,637,No
C4334,3,623,Yes
C4335,3,624,No
C4336,4,634,No
C4337,3,687,No
C4338,3,655,Yes
C4339,2,692,Yes
C4340,4,592,No
C4341,3,664,No
C4342,2,623,No
C4343,4,588,Yes
C4344,3,705,No
C4345,3,632,Yes
C4346,2,641,No
C4347,4,671,No
C4348,4,637,Yes
C4349,2,588,No
C4350,3,572,Yes
C4351,4,522,No
C4352,3,666,No
C4353,3,589,No
C4354,3,639,No
C4355,2,681,No
C4356,2,623,Yes
C4357,4,654,No
C4358,3,676,Yes
C4359,3,532,Yes
C4360,2,677,No
C4361,4,619,Yes
C4362,3,657,Yes
C4363,3,686,No
C4364,4,655,No
C4365,3,559,Yes
C4366,2,679,No
C4367,4,656,Yes
C4368,2,648,No
C4369,2,681,No
C4370,3,670,No
C4371,3,641,Yes
C4372,2,598,No
C4373,3,656,No
C4374,2,448,Yes
C4375,4,535,Yes
C4376,4,676,No
C4377,3,648,Yes
C4378,4,552,Yes
C4379,4,621,Yes
C4380,2,525,Yes
C4381,3,720,Yes
C4382,4,598,Yes
C4383,4,691,No
C4384,4,695,No
C4385,3,642,No
C4386,4,648,No
C4387,2,655,No
C4388,4,684,No
C4389,3,680,Yes
C4390,2,606,Yes
C4391,3,610,Yes
C4392,4,652,Yes
C4393,3,685,No
C4394,3,677,Yes
C4395,2,645,No
C4396,4,681,No
C4397,4,614,Yes
C4398,2,660,No
C4399,2,621,No
C4400,4,661,No
C4401,3,674,Yes
C4402,4,686,Yes
C4403,4,689,No
C4404,2,619,Yes
C4405,4,616,Yes
C4406,4,475,Yes
C4407,3,648,Yes
C4408,4,721,No
C4409,4,584,No
C4410,4,606,Yes
C4411,3,545,No
C4412,3,715,No
C4413,4,687,No
C4414,2,658,Yes
C4415,2,694,Yes
C4416,2,640,No
C4417,3,643,Yes
C4418,2,621,Yes
C4419,2,619,No
C4420,2,583,No
C4421,2,632,No
C4422,3,586,No
C4423,3,636,No
C4424,2,592,Yes
C4425,2,614,No
C4426,2,603,No
C4427,3,625,No
C4428,3,694,No
C4429,4,463,Yes
C4430,4,666,Yes
C4431,2,687,No
C4432,3,676,No
C4433,4,628,Yes
C4434,4,650,No
C4435,3,698,No
C4436,3,602,No
C4437,4,661,No
C4438,4,591,Yes
C4439,4,599,Yes
C4440,4,524,Yes
C4441,4,639,No
C4442,2,646,Yes
C4443,2,656,Yes
C4444,3,544,Yes
C4445,2,534,No
C4446,4,672,No
C4447,4,691,Yes
C4448,3,677,Yes
C4449,4,656,No
C4450,2,667,No
C4451,4,601,Yes
C4452,2,644,Yes
C4453,4,689,Yes
C4454,4,616,Yes
C4455,2,549,Yes
C4456,2,573,Yes
C4457,2,537,Yes
C4458,4,590,Yes
C4459,3,596,Yes
C4460,4,538,Yes
C4461,2,525,Yes
C4462,2,605,Yes
C4463,3,628,Yes
C4464,3,649,Yes
C4465,2,567,No
C4466,3,635,Yes
C4467,2,517,No
C4468,2,593,No
C4469,3,681,Yes
C4470,2,646,Yes
C4471,2,675,Yes
C4472,2,569,No
C4473,3,666,Yes
C4474,2,583,No
C4475,3,667,Yes
C4476,3,668,No
C4477,4,650,No
C4478,2,667,Yes
C4479,4,678,Yes
C4480,2,644,Yes
C4481,3,667,No
C4482,4,668,Yes
C4483,4,563,Yes
C4484,4,655,No
C4485,4,663,No
C4486,4,608,No
C4487,3,654,Yes
C4488,3,663,No
C4489,3,655,Yes
C4490,4,547,Yes
C4491,2,672,Yes
C4492,2,571,Yes
C4493,3,649,No
C4494,4,694,Yes
C4495,2,665,No
C4496,4,606,No
C4497,3,617,Yes
C4498,2,692,No
C4499,3,662,Yes
C4500,3,563,Yes
C4501,4,637,No
C4502,3,684,Yes
C4503,3,561,No
C4504,3,704,Yes
C4505,4,504,Yes
C4506,4,641,No
C4507,3,684,No
C4508,4,542,Yes
C4509,2,609,No
C4510,2,679,Yes
C4511,4,565,Yes
C4512,2,655,No
C4513,3,667,Yes
C4514,4,632,Yes
C4515,3,619,Yes
C4516,3,660,No
C4517,2,669,No
C4518,2,647,Yes
C4519,2,578,Yes
C4520,3,692,No
C4521,2,557,Yes
C4522,2,689,No
C4523,4,612,No
C4524,2,596,Yes
C4525,4,628,Yes
C4526,2,688,No
C4527,2,651,Yes
C4528,3,660,Yes
C4529,3,640,No
C4530,2,620,No
C4531,3,610,No
C4532,3,704,No
C4533,4,560,Yes
C4534,4,654,Yes
C4535,4,690,Yes
C4536,2,678,Yes
C4537,2,643,Yes
C4538,4,684,No
C4539,3,678,Yes
C4540,2,651,Yes
C4541,3,542,Yes
C4542,3,616,Yes
C4543,3,568,Yes
C4544,4,643,Yes
C4545,4,696,No
C4546,2,672,Yes
C4547,2,616,Yes
C4548,2,717,No
C4549,4,657,Yes
C4550,2,662,Yes
C4551,2,644,Yes
C4552,3,652,Yes
C4553,2,615,Yes
C4554,4,626,No
C4555,3,650,Yes
C4556,4,656,Yes
C4557,3,648,No
C4558,3,645,Yes
C4559,3,654,Yes
C4560,4,678,Yes
C4561,3,692,No
C4562,2,592,No
C4563,3,547,Yes
C4564,4,587,No
C4565,4,595,No
C4566,2,651,Yes
C4567,2,686,Yes
C4568,3,661,No
C4569,3,479,Yes
C4570,2,610,No
C4571,4,599,Yes
C4572,3,559,No
C4573,3,622,No
C4574,4,649,Yes
C4575,4,640,No
C4576,2,599,Yes
C4577,3,616,No
C4578,2,614,Yes
C4579,3,616,No
C4580,2,671,No
C4581,2,638,No
C4582,3,541,Yes
C4583,4,612,No
C4584,2,604,Yes
C4585,2,605,No
C4586,3,654,Yes
C4587,2,653,No
C4588,2,646,Yes
C4589,2,637,Yes
C4590,2,728,Yes
C4591,3,605,Yes
C4592,3,512,Yes
C4593,3,666,No
C4594,2,625,Yes
C4595,3,658,Yes
C4596,4,624,Yes
C4597,4,685,Yes
C4598,2,588,Yes
C4599,4,698,No
C4600,4,671,Yes
C4601,2,540,Yes
C4602,2,709,No
C4603,3,507,No
C4604,4,534,Yes
C4605,2,635,Yes
C4606,4,687,No
C4607,3,480,Yes
C4608,3,683,No
C4609,3,626,Yes
C4610,2,529,Yes
C4611,2,618,No
C4612,2,610,Yes
C4613,4,675,Yes
C4614,4,614,No
C4615,2,576,Yes
C4616,2,665,Yes
C4617,2,584,Yes
C4618,3,677,Yes
C4619,4,605,Yes
C4620,3,634,Yes
C4621,2,588,Yes
C4622,2,688,No
C4623,2,539,Yes
C4624,4,643,No
C4625,2,618,No
C4626,2,678,Yes
C4627,3,609,Yes
C4628,4,653,Yes
C4629,3,677,Yes
C4630,4,661,No
C4631,2,617,No
C4632,2,671,No
C4633,4,634,Yes
C4634,4,610,Yes
C4635,3,575,No
C4636,3,629,No
C4637,3,679,Yes
C4638,2,592,Yes
C4639,4,696,No
C4640,2,678,No
C4641,2,602,Yes
C4642,3,549,Yes
C4643,4,701,No
C4644,3,666,Yes
C4645,3,586,Yes
C4646,4,658,No
C4647,2,664,No
C4648,2,641,Yes
C4649,3,697,No
C4650,4,690,No
C4651,2,645,No
C4652,3,720,No
C4653,4,612,Yes
C4654,2,626,No
C4655,2,667,Yes
C4656,2,679,No
C4657,3,615,No
C4658,2,601,Yes
C4659,3,565,Yes
C4660,3,592,Yes
C4661,4,633,No
C4662,2,588,Yes
C4663,4,690,No
C4664,3,645,No
C4665,4,585,Yes
C4666,4,675,No
C4667,2,660,No
C4668,4,641,Yes
C4669,4,659,No
C4670,2,662,No
C4671,3,580,Yes
C4672,2,657,No
C4673,4,593,No
C4674,4,578,No
C4675,4,613,No
C4676,2,707,No
C4677,3,713,Yes
C4678,3,682,Yes
C4679,4,619,No
C4680,2,599,No
C4681,3,590,No
C4682,4,548,Yes
C4683,2,672,Yes
C4684,3,670,Yes
C4685,2,670,No
C4686,4,598,Yes
C4687,2,660,Yes
C4688,2,586,No
C4689,4,697,Yes
C4690,4,664,No
C4691,2,702,Yes
C4692,4,636,Yes
C4693,2,673,No
C4694,3,555,Yes
C4695,2,587,Yes
C4696,3,588,No
C4697,2,670,No
C4698,3,569,Yes
C4699,2,678,No
C4700,3,574,Yes
C4701,4,568,No
C4702,3,666,Yes
C4703,2,642,No
C4704,3,660,No
C4705,4,680,No
C4706,4,675,No
C4707,4,640,Yes
C4708,3,628,No
C4709,2,662,No
C4710,4,526,Yes
C4711,3,613,Yes
C4712,2,545,Yes
C4713,3,675,Yes
C4714,4,655,No
C4715,3,611,Yes
C4716,3,644,Yes
C4717,2,582,Yes
C4718,4,608,No
C4719,4,694,No
C4720,3,649,No
C4721,2,652,No
C4722,2,558,Yes
C4723,2,636,No
C4724,2,652,No
C4725,4,607,Yes
C4726,3,565,No
C4727,2,684,Yes
C4728,4,625,Yes
C4729,4,696,Yes
C4730,3,475,No
C4731,4,681,Yes
C4732,2,546,No
C4733,3,604,No
C4734,3,659,Yes
C4735,4,580,No
C4736,2,531,Yes
C4737,3,608,No
C4738,2,641,No
C4739,2,660,No
C4740,2,685,Yes
C4741,2,665,No
C4742,3,614,No
C4743,3,568,Yes
C4744,2,655,Yes
C4745,3,588,Yes
C4746,2,602,No
C4747,2,681,Yes
C4748,2,632,Yes
C4749,2,633,No
C4750,3,680,No
C4751,4,552,Yes
C4752,2,608,Yes
C4753,4,625,No
C4754,4,597,No
C4755,4,652,Yes
C4756,3,624,No
C4757,2,660,No
C4758,2,641,Yes
C4759,4,642,Yes
C4760,2,645,Yes
C4761,3,607,Yes
C4762,3,680,No
C4763,4,621,Yes
C4764,2,565,Yes
C4765,2,684,Yes
C4766,3,640,Yes
C4767,2,557,No
C4768,3,640,Yes
C4769,3,521,Yes
C4770,4,616,Yes
C4771,4,622,No
C4772,4,690,No
C4773,2,658,Yes
C4774,3,595,No
C4775,2,622,Yes
C4776,4,679,Yes
C4777,2,709,No
C4778,3,649,No
C4779,3,651,No
C4780,4,647,Yes
C4781,2,572,No
C4782,3,593,No
C4783,4,657,No
C4784,2,624,Yes
C4785,2,656,Yes
C4786,4,646,No
C4787,3,615,No
C4788,3,484,No
C4789,4,665,No
C4790,2,682,No
C4791,2,643,Yes
C4792,2,631,Yes
C4793,4,590,Yes
C4794,3,682,No
C4795,2,611,Yes
C4796,2,695,No
C4797,4,672,No
C4798,4,660,No
C4799,4,681,No
C4800,3,599,Yes
C4801,4,596,No
C4802,3,633,No
C4803,3,663,No
C4804,4,649,Yes
C4805,2,685,Yes
C4806,4,638,No
C4807,2,640,Yes
C4808,4,571,Yes
C4809,4,692,Yes
C4810,4,658,Yes
C4811,2,600,No
C4812,2,590,Yes
C4813,3,581,No
C4814,3,659,Yes
C4815,3,635,Yes
C4816,2,589,Yes
C4817,3,588,Yes
C4818,2,667,Yes
C4819,2,660,Yes
C4820,2,661,No
C4821,2,615,No
C4822,4,589,Yes
C4823,4,624,No
C4824,2,651,Yes
C4825,3,640,Yes
C4826,3,600,Yes
C4827,4,673,Yes
C4828,2,701,Yes
C4829,3,670,Yes
C4830,4,622,No
C4831,3,582,Yes
C4832,3,667,No
C4833,2,658,Yes
C4834,3,648,No
C4835,3,665,No
C4836,3,698,Yes
C4837,2,524,Yes
C4838,2,669,No
C4839,2,540,Yes
C4840,3,656,No
C4841,4,690,Yes
C4842,4,613,Yes
C4843,2,676,No
C4844,4,625,No
C4845,2,607,Yes
C4846,4,596,Yes
C4847,3,711,No
C4848,4,675,No
C4849,3,581,Yes
C4850,4,646,No
C4851,3,588,No
C4852,2,612,Yes
C4853,2,636,No
C4854,4,632,No
C4855,4,695,No
C4856,3,605,No
C4857,4,571,No
C4858,3,656,No
C4859,4,629,Yes
C4860,4,628,Yes
C4861,4,644,No
C4862,2,656,No
C4863,4,605,No
C4864,3,647,Yes
C4865,4,542,Yes
C4866,2,611,Yes
C4867,3,700,Yes
C4868,4,678,No
C4869,3,630,No
C4870,2,682,No
C4871,2,593,Yes
C4872,4,551,Yes
C4873,3,634,No
C4874,3,691,No
C4875,2,697,Yes
C4876,4,676,No
C4877,2,686,Yes
C4878,3,594,No
C4879,3,673,No
C4880,4,640,Yes
C4881,4,735,No
C4882,3,604,Yes
C4883,4,635,Yes
C4884,4,708,No
C4885,3,709,No
C4886,3,540,No
C4887,4,697,No
C4888,2,595,Yes
C4889,4,660,No
C4890,3,684,No
C4891,2,645,No
C4892,4,661,No
C4893,4,561,Yes
C4894,2,578,Yes
C4895,2,545,Yes
C4896,3,636,Yes
C4897,3,697,No
C4898,2,619,Yes
C4899,4,653,No
C4900,2,677,No
C4901,2,602,No
C4902,3,623,No
C4903,4,660,No
C4904,3,636,Yes
C4905,2,582,Yes
C4906,3,553,Yes
C4907,4,582,Yes
C4908,3,563,Yes
C4909,2,656,Yes
C4910,3,611,No
C4911,2,676,No
C4912,2,618,No
C4913,2,622,No
C4914,4,643,No
C4915,2,626,No
C4916,4,675,No
C4917,2,565,No
C4918,4,624,Yes
C4919,3,598,No
C4920,2,639,Yes
C4921,3,574,Yes
C4922,2,618,Yes
C4923,2,598,Yes
C4924,2,658,No
C4925,4,606,No
C4926,3,588,Yes
C4927,4,614,Yes
C4928,2,593,No
C4929,3,563,Yes
C4930,2,688,No
C4931,3,690,Yes
C4932,2,663,No
C4933,3,591,No
C4934,4,709,No
C4935,3,537,Yes
C4936,4,643,No
C4937,2,530,Yes
C4938,4,671,Yes
C4939,3,614,Yes
C4940,3,624,No
C4941,4,611,No
C4942,4,664,No
C4943,3,604,No
C4944,4,640,No
C4945,3,545,No
C4946,2,617,No
C4947,2,628,No
C4948,4,616,No
C4949,2,695,No
C4950,4,662,Yes
C4951,2,610,No
C4952,2,652,Yes
C4953,2,692,No
C4954,2,637,Yes
C4955,3,633,No
C4956,4,636,Yes
C4957,2,666,No
C4958,4,720,No
C4959,4,569,Yes
C4960,4,659,Yes
C4961,4,584,No
C4962,4,666,Yes
C4963,2,585,Yes
C4964,4,617,Yes
C4965,4,617,Yes
C4966,2,672,Yes
C4967,2,627,No
C4968,3,620,Yes
C4969,4,647,No
C4970,3,678,No
C4971,2,626,Yes
C4972,3,558,Yes
C4973,2,661,No
C4974,4,510,Yes
C4975,4,615,No
C4976,4,581,No
C4977,3,675,No
C4978,4,652,No
C4979,2,668,No
C4980,3,638,Yes
C4981,4,565,Yes
C4982,3,587,Yes
C4983,3,607,Yes
C4984,3,617,No
C4985,2,677,Yes
C4986,4,653,No
C4987,4,666,No
C4988,4,650,Yes
C4989,2,549,Yes
C4990,3,558,Yes
C4991,3,644,No
C4992,3,648,No
C4993,2,682,No
C4994,2,581,Yes
C4995,3,671,No
C4996,4,620,Yes
C4997,3,663,Yes
C4998,4,643,Yes
C4999,2,634,No
C5000,4,713,No
C5001,3,666,Yes
C5002,3,699,No
C5003,2,612,No
C5004,2,499,Yes
C5005,4,643,No
C5006,2,677,Yes
C5007,3,660,No
C5008,3,603,No
C5009,3,525,Yes
C5010,4,655,Yes
C5011,4,620,No
C5012,4,663,Yes
C5013,2,660,No
C5014,2,646,No
C5015,3,545,No
C5016,4,575,No
C5017,3,648,No
C5018,2,676,Yes
C5019,3,548,No
C5020,3,588,Yes
C5021,4,677,Yes
C5022,4,644,No
C5023,4,669,No
C5024,4,648,No
C5025,2,588,No
C5026,3,534,Yes
C5027,3,579,Yes
C5028,2,573,Yes
C5029,2,577,No
C5030,4,642,No
C5031,4,681,Yes
C5032,3,579,No
C5033,2,664,No
C5034,2,683,Yes
C5035,2,592,Yes
C5036,2,604,No
C5037,4,630,Yes
C5038,4,537,Yes
C5039,3,638,No
C5040,3,565,Yes
C5041,3,522,Yes
C5042,4,640,No
C5043,4,631,No
C5044,2,556,Yes
C5045,3,599,Yes
C5046,4,593,Yes
C5047,2,628,No
C5048,4,646,Yes
C5049,3,666,Yes
C5050,2,682,Yes
C5051,3,606,No
C5052,4,616,Yes
C5053,3,584,No
C5054,2,690,Yes
C5055,3,593,No
C5056,3,654,No
C5057,2,591,Yes
C5058,2,617,No
C5059,2,651,Yes
C5060,4,696,No
C5061,2,539,No
C5062,2,619,Yes
C5063,4,669,Yes
C5064,4,665,Yes
C5065,2,670,No
C5066,4,525,Yes
C5067,2,557,No
C5068,2,575,No
C5069,2,646,Yes
C5070,2,688,Yes
C5071,2,582,Yes
C5072,2,601,Yes
C5073,4,640,No
C5074,4,599,No
C5075,2,636,Yes
C5076,3,654,No
C5077,2,664,No
C5078,4,625,No
C5079,3,632,Yes
C5080,3,668,No
C5081,4,651,No
C5082,4,673,No
C5083,2,621,No
C5084,4,683,No
C5085,2,598,Yes
C5086,3,647,No
C5087,3,616,Yes
C5088,3,645,Yes
C5089,4,616,Yes
C5090,2,620,Yes
C5091,3,674,No
C5092,2,529,Yes
C5093,4,565,Yes
C5094,4,529,Yes
C5095,2,604,Yes
C5096,2,569,No
C5097,3,539,Yes
C5098,2,623,No
C5099,2,591,No
C5100,2,628,Yes
C5101,4,555,Yes
C5102,4,662,Yes
C5103,3,656,No
C5104,4,594,Yes
C5105,3,574,Yes
C5106,2,562,No
C5107,2,651,Yes
C5108,2,548,Yes
C5109,3,579,Yes
C5110,2,660,No
C5111,3,646,No
C5112,2,697,No
C5113,3,652,No
C5114,3,689,Yes
C5115,4,634,No
C5116,2,675,No
C5117,4,661,No
C5118,4,693,No
C5119,3,667,Yes
C5120,4,665,Yes
C5121,2,608,No
C5122,4,662,No
C5123,3,647,Yes
C5124,2,675,Yes
C5125,3,610,Yes
C5126,3,571,Yes
C5127,4,630,Yes
C5128,4,667,Yes
C5129,4,697,Yes
C5130,2,652,Yes
C5131,3,633,Yes
C5132,4,664,Yes
C5133,4,517,Yes
C5134,2,619,Yes
C5135,3,672,No
C5136,2,650,Yes
C5137,4,620,No
C5138,4,659,Yes
C5139,4,458,Yes
C5140,4,548,No
C5141,2,636,Yes
C5142,3,632,Yes
C5143,2,618,Yes
C5144,3,713,No
C5145,2,630,No
C5146,3,573,No
C5147,3,622,Yes
C5148,2,633,No
C5149,2,638,Yes
C5150,4,602,Yes
C5151,4,633,Yes
C5152,4,597,Yes
C5153,3,645,Yes
C5154,3,660,No
C5155,4,662,Yes
C5156,2,669,Yes
C5157,4,641,Yes
C5158,4,659,No
C5159,4,719,No
C5160,3,664,Yes
C5161,4,668,Yes
C5162,4,640,Yes
C5163,2,654,Yes
C5164,2,708,No
C5165,2,623,No
C5166,2,667,No
C5167,2,656,Yes
C5168,2,681,No
C5169,2,639,Yes
C5170,2,661,No
C5171,3,651,Yes
C5172,2,650,Yes
C5173,3,666,Yes
C5174,2,623,No
C5175,4,596,No
C5176,3,596,No
C5177,4,695,Yes
C5178,4,575,No
C5179,3,456,No
C5180,2,534,Yes
C5181,4,668,No
C5182,2,533,Yes
C5183,2,558,Yes
C5184,3,668,No
C5185,2,576,Yes
C5186,2,691,Yes
C5187,3,647,No
C5188,2,606,Yes
C5189,4,579,Yes
C5190,2,535,Yes
C5191,2,602,Yes
C5192,4,612,No
C5193,2,663,Yes
C5194,2,657,No
C5195,4,591,Yes
C5196,4,661,Yes
C5197,3,588,Yes
C5198,2,657,No
C5199,4,680,Yes
C5200,2,628,No
C5201,3,632,Yes
C5202,4,621,Yes
C5203,3,669,No
C5204,3,716,No
C5205,3,644,Yes
C5206,2,648,Yes
C5207,3,617,No
C5208,3,726,No
C5209,4,700,No
C5210,2,564,Yes
C5211,3,577,No
C5212,4,613,Yes
C5213,4,658,Yes
C5214,2,658,Yes
C5215,2,677,Yes
C5216,4,607,No
C5217,3,670,No
C5218,3,674,No
C5219,2,652,No
C5220,4,613,No
C5221,4,694,No
C5222,3,637,Yes
C5223,3,635,No
C5224,4,680,No
C5225,2,666,No
C5226,3,531,Yes
C5227,2,647,No
C5228,3,661,Yes
C5229,2,700,No
C5230,4,651,Yes
C5231,4,654,No
C5232,3,662,No
C5233,3,669,No
C5234,3,515,Yes
C5235,4,565,No
C5236,4,588,No
C5237,3,663,Yes
C5238,2,654,No
C5239,2,623,No
C5240,4,564,No
C5241,2,682,Yes
C5242,4,596,No
C5243,2,652,No
C5244,3,691,No
C5245,4,570,No
C5246,2,605,No
C5247,4,729,No
C5248,4,582,Yes
C5249,2,673,No
C5250,4,601,Yes
C5251,3,617,Yes
C5252,4,487,No
C5253,2,679,Yes
C5254,3,514,Yes
C5255,4,668,No
C5256,4,518,Yes
C5257,2,665,No
C5258,3,542,No
C5259,3,653,Yes
C5260,3,654,No
C5261,3,750,No
C5262,3,707,Yes
C5263,2,646,Yes
C5264,4,650,Yes
C5265,2,683,No
C5266,2,644,No
C5267,2,696,No
C5268,2,711,Yes
C5269,4,611,Yes
C5270,3,639,No
C5271,4,636,Yes
C5272,4,604,Yes
C5273,3,662,Yes
C5274,4,581,Yes
C5275,4,556,Yes
C5276,2,689,No
C5277,2,685,Yes
C5278,2,625,No
C5279,3,607,Yes
C5280,2,551,Yes
C5281,4,511,Yes
C5282,4,548,Yes
C5283,2,610,Yes
C5284,4,616,Yes
C5285,3,654,Yes
C5286,2,547,Yes
C5287,4,625,No
C5288,2,720,No
C5289,2,563,No
C5290,4,681,Yes
C5291,3,652,No
C5292,4,666,Yes
C5293,2,644,Yes
C5294,3,622,No
C5295,4,687,No
C5296,3,628,No
C5297,4,670,No
C5298,3,632,Yes
C5299,3,674,No
C5300,4,671,No
C5301,4,644,Yes
C5302,3,635,No
C5303,2,645,Yes
C5304,4,650,No
C5305,4,649,No
C5306,3,648,No
C5307,3,638,No
C5308,2,517,No
C5309,2,627,No
C5310,2,607,No
C5311,4,556,Yes
C5312,2,585,No
C5313,2,679,No
C5314,3,698,No
C5315,3,629,No
C5316,2,647,No
C5317,3,688,Yes
C5318,2,704,Yes
C5319,2,613,No
C5320,3,610,No
C5321,2,656,No
C5322,3,635,No
C5323,4,591,Yes
C5324,3,593,No
C5325,2,640,Yes
C5326,2,647,No
C5327,2,589,No
C5328,2,593,Yes
C5329,2,609,Yes
C5330,2,542,Yes
C5331,2,596,Yes
C5332,4,598,Yes
C5333,4,650,Yes
C5334,3,651,Yes
C5335,3,643,No
C5336,4,620,No
C5337,2,620,No
C5338,4,687,No
C5339,2,703,Yes
C5340,2,694,Yes
C5341,3,571,Yes
C5342,3,498,No
C5343,2,586,Yes
C5344,2,642,Yes
C5345,4,560,No
C5346,3,625,No
C5347,4,688,Yes
C5348,2,498,Yes
C5349,3,635,No
C5350,3,504,Yes
C5351,3,658,Yes
C5352,4,529,Yes
C5353,4,581,Yes
C5354,2,638,Yes
C5355,2,642,Yes
C5356,2,572,No
C5357,4,723,Yes
C5358,4,654,Yes
C5359,4,689,No
C5360,4,455,Yes
C5361,4,619,Yes
C5362,4,615,Yes
C5363,4,680,Yes
C5364,4,638,Yes
C5365,4,674,Yes
C5366,4,641,Yes
C5367,4,659,No
C5368,2,659,Yes
C5369,2,598,No
C5370,2,627,No
C5371,4,660,Yes
C5372,2,522,Yes
C5373,4,623,No
C5374,2,680,Yes
C5375,2,619,Yes
C5376,2,620,Yes
C5377,2,522,Yes
C5378,4,667,No
C5379,4,677,No
C5380,2,714,Yes
C5381,3,608,No
C5382,4,654,Yes
C5383,3,558,Yes
C5384,4,615,Yes
C5385,4,664,Yes
C5386,2,623,Yes
C5387,2,552,No
C5388,2,688,Yes
C5389,3,705,No
C5390,4,651,Yes
C5391,4,644,No
C5392,4,616,No
C5393,4,623,Yes
C5394,2,694,No
C5395,2,520,Yes
C5396,3,555,No
C5397,3,705,Yes
C5398,2,652,No
C5399,3,652,Yes
C5400,3,651,No
C5401,3,646,Yes
C5402,3,654,Yes
C5403,4,705,Yes
C5404,3,574,Yes
C5405,4,639,No
C5406,2,697,No
C5407,4,538,Yes
C5408,3,657,No
C5409,4,691,No
C5410,3,606,No
C5411,2,673,No
C5412,3,638,Yes
C5413,3,664,Yes
C5414,3,620,Yes
C5415,4,651,Yes
C5416,2,631,No
C5417,4,651,No
C5418,2,557,Yes
C5419,4,658,Yes
C5420,4,558,No
C5421,2,639,Yes
C5422,4,641,Yes
C5423,3,647,Yes
C5424,2,554,Yes
C5425,4,588,No
C5426,4,704,No
C5427,2,657,No
C5428,4,650,Yes
C5429,4,539,Yes
C5430,3,680,Yes
C5431,3,715,Yes
C5432,3,632,No
C5433,4,624,Yes
C5434,2,653,Yes
C5435,2,663,No
C5436,4,648,No
C5437,2,663,Yes
C5438,4,631,Yes
C5439,4,689,No
C5440,3,580,Yes
C5441,3,661,Yes
C5442,4,636,No
C5443,2,578,No
C5444,2,645,No
C5445,3,674,No
C5446,3,665,No
C5447,4,574,Yes
C5448,2,675,No
C5449,2,593,No
C5450,2,616,Yes
C5451,2,658,Yes
C5452,3,581,No
C5453,3,695,No
C5454,4,649,Yes
C5455,3,698,Yes
C5456,4,694,No
C5457,4,661,Yes
C5458,3,673,No
C5459,2,652,No
C5460,3,540,Yes
C5461,2,627,Yes
C5462,4,595,No
C5463,4,563,Yes
C5464,3,592,Yes
C5465,2,669,No
C5466,4,602,No
C5467,3,639,No
C5468,2,668,No
C5469,2,658,Yes
C5470,3,680,Yes
C5471,4,701,No
C5472,2,622,Yes
C5473,2,539,No
C5474,4,671,No
C5475,2,575,Yes
C5476,2,697,Yes
C5477,2,678,No
C5478,3,716,No
C5479,4,643,Yes
C5480,2,663,Yes
C5481,3,559,Yes
C5482,2,652,Yes
C5483,4,620,Yes
C5484,4,613,No
C5485,3,493,Yes
C5486,3,628,No
C5487,2,665,Yes
C5488,2,598,No
C5489,4,672,No
C5490,2,634,Yes
C5491,4,522,Yes
C5492,3,635,No
C5493,3,665,No
C5494,2,665,No
C5495,4,538,Yes
C5496,2,544,Yes
C5497,2,525,Yes
C5498,2,622,Yes
C5499,4,478,Yes
C5500,3,617,Yes
C5501,3,665,No
C5502,2,663,No
C5503,3,646,Yes
C5504,2,619,Yes
C5505,3,638,Yes
C5506,4,665,No
C5507,3,659,No
C5508,2,626,Yes
C5509,4,621,Yes
C5510,4,680,Yes
C5511,4,703,No
C5512,2,626,Yes
C5513,2,643,Yes
C5514,4,621,Yes
C5515,2,703,Yes
C5516,4,669,No
C5517,2,684,Yes
C5518,3,630,No
C5519,3,605,Yes
C5520,3,592,Yes
C5521,3,615,No
C5522,3,612,Yes
C5523,3,638,No
C5524,3,634,Yes
C5525,3,634,No
C5526,2,693,No
C5527,2,665,Yes
C5528,4,588,Yes
C5529,2,610,Yes
C5530,3,603,Yes
C5531,3,716,No
C5532,3,661,Yes
C5533,2,688,Yes
C5534,2,592,Yes
C5535,2,592,No
C5536,2,636,Yes
C5537,3,642,No
C5538,2,654,No
C5539,4,621,Yes
C5540,3,647,No
C5541,2,720,No
C5542,3,626,Yes
C5543,3,677,No
C5544,3,666,Yes
C5545,3,595,Yes
C5546,3,597,Yes
C5547,4,722,No
C5548,2,631,No
C5549,4,627,No
C5550,4,655,Yes
C5551,3,648,Yes
C5552,2,616,Yes
C5553,4,663,No
C5554,2,669,No
C5555,3,646,Yes
C5556,4,630,Yes
C5557,3,667,No
C5558,2,589,No
C5559,2,636,No
C5560,4,644,No
C5561,3,718,No
C5562,3,671,No
C5563,4,644,No
C5564,3,618,Yes
C5565,2,665,Yes
C5566,4,648,No
C5567,3,678,No
C5568,2,607,No
C5569,4,499,Yes
C5570,4,622,No
C5571,4,570,No
C5572,4,610,Yes
C5573,3,534,Yes
C5574,3,566,No
C5575,3,668,Yes
C5576,3,661,No
C5577,4,572,Yes
C5578,4,584,No
C5579,2,656,No
C5580,4,660,Yes
C5581,4,707,Yes
C5582,2,634,Yes
C5583,3,650,Yes
C5584,3,581,Yes
C5585,3,686,No
C5586,2,664,No
C5587,3,647,No
C5588,3,608,Yes
C5589,2,675,Yes
C5590,3,561,Yes
C5591,3,685,No
C5592,3,574,Yes
C5593,2,607,No
C5594,2,692,Yes
C5595,3,678,No
C5596,2,672,No
C5597,2,619,Yes
C5598,3,681,Yes
C5599,2,657,No
C5600,2,653,No
C5601,4,659,No
C5602,3,624,Yes
C5603,3,647,No
C5604,2,680,No
C5605,3,658,Yes
C5606,3,628,No
C5607,4,506,Yes
C5608,4,609,Yes
C5609,4,657,No
C5610,4,630,No
C5611,2,624,No
C5612,4,613,No
C5613,2,663,Yes
C5614,3,635,Yes
C5615,4,661,No
C5616,4,657,No
C5617,2,674,No
C5618,3,552,Yes
C5619,2,600,Yes
C5620,4,652,Yes
C5621,3,602,No
C5622,3,628,Yes
C5623,2,662,No
C5624,2,586,Yes
C5625,4,645,No
C5626,4,615,No
C5627,4,643,Yes
C5628,3,643,No
C5629,4,683,No
C5630,2,657,No
C5631,3,670,No
C5632,4,667,Yes
C5633,4,668,No
C5634,4,662,No
C5635,4,672,No
C5636,3,673,No
C5637,3,625,Yes
C5638,4,670,No
C5639,3,587,No
C5640,2,677,No
C5641,3,649,Yes
C5642,4,560,Yes
C5643,2,598,Yes
C5644,2,636,No
C5645,4,655,No
C5646,2,628,No
C5647,4,695,No
C5648,4,702,No
C5649,3,520,Yes
C5650,2,662,No
C5651,4,622,Yes
C5652,4,613,Yes
C5653,4,661,Yes
C5654,2,623,No
C5655,2,507,No
C5656,4,592,No
C5657,2,631,Yes
C5658,4,626,No
C5659,2,651,Yes
C5660,4,618,No
C5661,2,621,Yes
C5662,3,573,Yes
C5663,3,632,Yes
C5664,3,588,Yes
C5665,4,660,No
C5666,3,639,Yes
C5667,3,664,No
C5668,3,512,Yes
C5669,3,668,Yes
C5670,4,683,No
C5671,2,696,No
C5672,4,662,Yes
C5673,4,546,Yes
C5674,3,677,No
C5675,3,572,No
C5676,3,591,No
C5677,4,660,Yes
C5678,2,629,Yes
C5679,3,675,Yes
C5680,4,488,Yes
C5681,2,678,No
C5682,3,686,Yes
C5683,4,718,No
C5684,4,537,Yes
C5685,3,657,Yes
C5686,3,645,Yes
C5687,3,625,Yes
C5688,4,605,No
C5689,4,690,Yes
C5690,4,628,Yes
C5691,3,692,Yes
C5692,2,594,Yes
C5693,3,549,Yes
C5694,3,631,No
C5695,4,680,Yes
C5696,3,665,Yes
C5697,2,713,No
C5698,3,672,No
C5699,2,636,Yes
C5700,4,634,Yes
C5701,4,610,No
C5702,3,691,No
C5703,4,692,No
C5704,2,518,Yes
C5705,3,655,No
C5706,2,610,Yes
C5707,3,648,Yes
C5708,2,595,No
C5709,3,565,No
C5710,2,668,No
C5711,3,555,Yes
C5712,3,648,No
C5713,4,645,No
C5714,4,555,Yes
C5715,2,671,Yes
C5716,4,582,Yes
C5717,3,667,No
C5718,3,666,Yes
C5719,4,715,No
C5720,3,703,No
C5721,2,659,No
C5722,2,560,Yes
C5723,2,652,Yes
C5724,2,528,Yes
C5725,3,607,Yes
C5726,3,615,No
C5727,4,673,Yes
C5728,2,620,Yes
C5729,3,670,Yes
C5730,3,668,Yes
C5731,3,644,Yes
C5732,3,501,Yes
C5733,4,589,No
C5734,3,640,No
C5735,4,684,No
C5736,2,541,Yes
C5737,2,703,Yes
C5738,3,591,Yes
C5739,2,597,No
C5740,3,672,No
C5741,3,636,No
C5742,4,674,No
C5743,3,662,No
C5744,4,672,Yes
C5745,3,535,No
C5746,4,642,No
C5747,2,646,Yes
C5748,2,691,Yes
C5749,4,580,Yes
C5750,3,602,Yes
C5751,2,583,No
C5752,3,453,Yes
C5753,2,678,Yes
C5754,3,605,Yes
C5755,4,672,No
C5756,2,713,No
C5757,4,575,Yes
C5758,2,590,Yes
C5759,4,613,No
C5760,3,607,Yes
C5761,2,663,No
C5762,4,535,Yes
C5763,2,613,Yes
C5764,2,552,Yes
C5765,3,684,No
C5766,2,615,Yes
C5767,4,712,No
C5768,4,650,Yes
C5769,3,586,Yes
C5770,2,506,Yes
C5771,3,684,No
C5772,2,556,Yes
C5773,2,662,Yes
C5774,3,657,Yes
C5775,2,626,No
C5776,3,668,Yes
C5777,2,639,No
C5778,4,634,No
C5779,2,567,No
C5780,2,701,Yes
C5781,3,639,Yes
C5782,3,657,No
C5783,2,666,Yes
C5784,4,577,Yes
C5785,3,596,Yes
C5786,3,671,No
C5787,4,585,No
C5788,4,632,No
C5789,3,568,No
C5790,3,577,No
C5791,3,676,No
C5792,2,626,No
C5793,3,652,No
C5794,4,498,Yes
C5795,4,550,No
C5796,2,621,Yes
C5797,2,622,Yes
C5798,2,660,Yes
C5799,2,603,No
C5800,4,599,No
C5801,2,570,No
C5802,4,640,Yes
C5803,3,681,Yes
C5804,2,653,No
C5805,4,606,Yes
C5806,3,683,Yes
C5807,3,590,Yes
C5808,3,668,Yes
C5809,4,675,No
C5810,3,618,No
C5811,4,644,No
C5812,4,669,Yes
C5813,4,679,No
C5814,2,672,No
C5815,4,614,No
C5816,2,610,Yes
C5817,2,633,Yes
C5818,4,571,Yes
C5819,2,606,Yes
C5820,4,613,No
C5821,2,633,Yes
C5822,2,707,No
C5823,4,571,Yes
C5824,3,551,No
C5825,4,596,Yes
C5826,4,594,No
C5827,4,654,Yes
C5828,3,656,No
C5829,4,655,Yes
C5830,4,580,No
C5831,3,619,No
C5832,3,533,Yes
C5833,2,621,No
C5834,4,625,Yes
C5835,3,614,Yes
C5836,3,629,Yes
C5837,4,683,Yes
C5838,3,594,Yes
C5839,4,664,No
C5840,3,690,Yes
C5841,2,554,Yes
C5842,2,616,Yes
C5843,2,573,Yes
C5844,3,621,Yes
C5845,2,618,Yes
C5846,2,631,Yes
C5847,2,636,Yes
C5848,3,445,Yes
C5849,2,674,Yes
C5850,2,575,Yes
C5851,3,626,No
C5852,2,658,Yes
C5853,2,542,Yes
C5854,3,622,Yes
C5855,3,559,Yes
C5856,2,640,Yes
C5857,3,582,Yes
C5858,4,589,No
C5859,4,571,Yes
C5860,2,620,No
C5861,2,570,No
C5862,4,622,Yes
C5863,4,696,No
C5864,4,583,Yes
C5865,2,663,Yes
C5866,4,653,Yes
C5867,3,573,Yes
C5868,2,678,No
C5869,4,664,Yes
C5870,4,617,Yes
C5871,3,625,Yes
C5872,3,656,No
C5873,3,525,No
C5874,3,690,No
C5875,3,635,Yes
C5876,3,594,No
C5877,4,580,No
C5878,2,620,No
C5879,3,608,Yes
C5880,2,594,Yes
C5881,4,644,Yes
C5882,3,711,No
C5883,3,538,No
C5884,2,641,No
C5885,4,639,Yes
C5886,3,655,No
C5887,2,542,No
C5888,4,698,No
C5889,2,618,Yes
C5890,4,660,Yes
C5891,4,660,Yes
C5892,3,664,No
C5893,3,695,No
C5894,4,648,Yes
C5895,2,716,No
C5896,2,664,No
C5897,4,589,Yes
C5898,3,644,Yes
C5899,3,573,Yes
C5900,3,638,Yes
C5901,4,556,Yes
C5902,3,495,Yes
C5903,3,647,Yes
C5904,4,606,Yes
C5905,3,706,No
C5906,4,621,No
C5907,3,686,No
C5908,4,634,Yes
C5909,4,618,Yes
C5910,4,604,Yes
C5911,3,528,Yes
C5912,4,587,Yes
C5913,3,659,No
C5914,2,654,No
C5915,4,590,No
C5916,4,648,No
C5917,2,698,No
C5918,2,672,No
C5919,3,575,No
C5920,4,589,No
C5921,2,690,Yes
C5922,3,621,No
C5923,4,627,Yes
C5924,4,606,Yes
C5925,4,641,Yes
C5926,2,657,Yes
C5927,2,608,Yes
C5928,3,635,Yes
C5929,3,510,Yes
C5930,2,601,No
C5931,4,629,Yes
C5932,2,685,No
C5933,2,590,Yes
C5934,4,644,No
C5935,4,642,No
C5936,2,571,Yes
C5937,3,718,Yes
C5938,3,606,Yes
C5939,3,617,No
C5940,2,642,Yes
C5941,2,635,Yes
C5942,2,598,Yes
C5943,4,622,No
C5944,4,604,No
C5945,3,612,No
C5946,4,664,Yes
C5947,4,592,Yes
C5948,4,703,Yes
C5949,4,589,Yes
C5950,3,630,Yes
C5951,2,652,No
C5952,3,668,Yes
C5953,4,630,Yes
C5954,4,650,No
C5955,3,563,No
C5956,3,573,No
C5957,4,635,Yes
C5958,3,645,No
C5959,4,677,No
C5960,2,586,Yes
C5961,4,587,Yes
C5962,4,624,Yes
C5963,2,635,Yes
C5964,3,579,Yes
C5965,4,651,No
C5966,2,677,Yes
C5967,4,637,Yes
C5968,2,681,Yes
C5969,3,661,No
C5970,2,676,No
C5971,4,634,No
C5972,4,576,Yes
C5973,4,651,Yes
C5974,4,580,Yes
C5975,2,654,Yes
C5976,2,644,Yes
C5977,3,519,No
C5978,3,629,Yes
C5979,4,616,Yes
C5980,4,640,No
C5981,2,607,Yes
C5982,4,637,No
C5983,2,627,Yes
C5984,3,651,Yes
C5985,4,668,Yes
C5986,2,639,Yes
C5987,4,619,No
C5988,2,580,Yes
C5989,3,601,No
C5990,4,592,Yes
C5991,2,599,Yes
C5992,3,616,Yes
C5993,4,573,Yes
C5994,3,614,No
C5995,3,661,No
C5996,4,619,No
C5997,4,692,Yes
C5998,3,621,Yes
C5999,3,641,No
C6000,3,686,Yes
C6001,4,601,No
C6002,4,588,Yes
C6003,3,666,Yes
C6004,4,682,No
C6005,3,614,Yes
C6006,2,674,Yes
C6007,4,644,No
C6008,4,648,No
C6009,2,672,Yes
C6010,3,681,Yes
C6011,2,694,Yes
C6012,2,585,Yes
C6013,3,654,No
C6014,2,626,No
C6015,4,722,No
C6016,4,680,Yes
C6017,4,630,Yes
C6018,3,619,No
C6019,4,695,Yes
C6020,2,618,Yes
C6021,3,694,No
C6022,3,638,Yes
C6023,4,687,No
C6024,4,610,No
C6025,3,681,No
C6026,4,614,Yes
C6027,2,671,Yes
C6028,4,538,Yes
C6029,3,660,No
C6030,2,598,Yes
C6031,2,661,Yes
C6032,3,620,Yes
C6033,4,665,No
C6034,3,673,No
C6035,4,598,Yes
C6036,3,638,No
C6037,3,683,No
C6038,4,667,Yes
C6039,2,658,Yes
C6040,2,656,No
C6041,3,624,Yes
C6042,3,615,Yes
C6043,2,615,No
C6044,3,653,Yes
C6045,4,654,Yes
C6046,4,701,Yes
C6047,4,583,Yes
C6048,3,505,Yes
C6049,4,656,Yes
C6050,4,611,Yes
C6051,4,506,No
C6052,4,662,Yes
C6053,2,575,Yes
C6054,4,651,No
C6055,2,639,No
C6056,4,654,Yes
C6057,4,666,Yes
C6058,4,616,Yes
C6059,2,608,Yes
C6060,3,633,No
C6061,4,627,Yes
C6062,2,724,Yes
C6063,3,715,No
C6064,4,716,Yes
C6065,3,676,No
C6066,2,663,Yes
C6067,4,587,Yes
C6068,3,657,No
C6069,3,637,Yes
C6070,4,605,No
C6071,3,527,No
C6072,3,591,Yes
C6073,4,569,Yes
C6074,4,680,No
C6075,2,629,No
C6076,4,580,Yes
C6077,2,670,No
C6078,2,629,Yes
C6079,2,665,No
C6080,4,686,Yes
C6081,4,673,Yes
C6082,3,693,No
C6083,4,612,Yes
C6084,3,713,No
C6085,2,658,Yes
C6086,3,640,Yes
C6087,2,677,Yes
C6088,3,684,No
C6089,4,573,Yes
C6090,2,630,No
C6091,3,675,Yes
C6092,4,590,No
C6093,3,600,Yes
C6094,4,661,Yes
C6095,2,623,Yes
C6096,2,512,Yes
C6097,3,625,Yes
C6098,2,587,Yes
C6099,3,690,Yes
C6100,2,665,No
C6101,4,708,No
C6102,3,593,No
C6103,3,573,No
C6104,3,621,No
C6105,4,561,No
C6106,3,688,No
C6107,2,611,Yes
C6108,4,615,No
C6109,3,687,No
C6110,3,603,No
C6111,2,631,No
C6112,3,650,Yes
C6113,2,515,No
C6114,3,667,No
C6115,3,673,No
C6116,3,683,No
C6117,2,682,No
C6118,3,431,Yes
C6119,4,585,No
C6120,2,604,No
C6121,2,682,Yes
C6122,3,653,No
C6123,3,679,No
C6124,2,608,No
C6125,2,670,No
C6126,2,554,Yes
C6127,2,592,Yes
C6128,4,683,Yes
C6129,4,658,Yes
C6130,2,684,No
C6131,3,683,Yes
C6132,3,663,Yes
C6133,4,648,No
C6134,4,646,No
C6135,4,630,No
C6136,2,565,Yes
C6137,3,645,Yes
C6138,2,643,Yes
C6139,4,696,No
C6140,3,679,Yes
C6141,4,645,No
C6142,4,617,Yes
C6143,4,602,Yes
C6144,4,584,Yes
C6145,3,661,No
C6146,2,625,Yes
C6147,2,698,No
C6148,2,699,No
C6149,4,651,No
C6150,3,659,No
C6151,4,598,Yes
C6152,3,625,No
C6153,3,653,No
C6154,2,653,Yes
C6155,4,628,Yes
C6156,3,716,Yes
C6157,4,624,Yes
C6158,4,569,Yes
C6159,2,575,Yes
C6160,4,602,No
C6161,4,504,Yes
C6162,4,640,Yes
C6163,3,704,No
C6164,2,687,Yes
C6165,3,649,No
C6166,3,597,Yes
C6167,2,675,No
C6168,3,625,Yes
C6169,3,597,No
C6170,2,659,Yes
C6171,3,529,No
C6172,2,618,No
C6173,2,677,Yes
C6174,3,647,Yes
C6175,2,672,No
C6176,4,587,Yes
C6177,2,592,No
C6178,4,628,Yes
C6179,2,699,No
C6180,2,641,Yes
C6181,2,675,No
C6182,3,560,Yes
C6183,4,700,Yes
C6184,2,630,No
C6185,3,450,Yes
C6186,4,601,No
C6187,3,606,Yes
C6188,3,657,Yes
C6189,3,671,Yes
C6190,4,642,No
C6191,3,637,No
C6192,2,651,Yes
C6193,2,657,No
C6194,2,660,Yes
C6195,4,587,No
C6196,3,666,Yes
C6197,3,622,Yes
C6198,3,661,Yes
C6199,3,649,Yes
C6200,4,696,No
C6201,3,621,No
C6202,3,560,No
C6203,3,616,Yes
C6204,2,650,Yes
C6205,4,695,Yes
C6206,3,650,No
C6207,2,568,Yes
C6208,3,571,Yes
C6209,4,596,No
C6210,2,673,No
C6211,3,559,Yes
C6212,2,642,Yes
C6213,4,538,No
C6214,4,627,No
C6215,4,664,No
C6216,2,706,No
C6217,2,659,Yes
C6218,4,662,Yes
C6219,4,682,No
C6220,2,572,No
C6221,3,635,Yes
C6222,3,622,Yes
C6223,4,588,Yes
C6224,3,636,No
C6225,3,505,Yes
C6226,4,696,No
C6227,2,618,Yes
C6228,3,524,Yes
C6229,4,611,No
C6230,2,609,No
C6231,3,611,Yes
C6232,4,679,Yes
C6233,3,639,Yes
C6234,4,651,Yes
C6235,3,658,Yes
C6236,2,522,Yes
C6237,3,663,No
C6238,2,683,Yes
C6239,2,580,Yes
C6240,4,607,No
C6241,3,679,No
C6242,4,662,Yes
C6243,3,705,Yes
C6244,4,657,No
C6245,2,578,Yes
C6246,4,681,No
C6247,4,658,Yes
C6248,3,625,Yes
C6249,3,679,No
C6250,2,632,Yes
C6251,4,689,No
C6252,4,596,Yes
C6253,4,641,Yes
C6254,4,652,Yes
C6255,3,647,Yes
C6256,2,664,No
C6257,3,634,No
C6258,3,703,No
C6259,2,647,Yes
C6260,2,612,No
C6261,4,583,Yes
C6262,3,598,Yes
C6263,4,595,No
C6264,2,609,No
C6265,2,602,Yes
C6266,3,543,Yes
C6267,2,615,Yes
C6268,2,530,Yes
C6269,3,562,Yes
C6270,2,673,No
C6271,3,651,No
C6272,3,647,Yes
C6273,3,710,No
C6274,4,539,No
C6275,2,640,Yes
C6276,4,665,Yes
C6277,4,625,Yes
C6278,3,637,No
C6279,3,659,No
C6280,2,651,No
C6281,4,650,No
C6282,2,642,No
C6283,4,667,No
C6284,4,680,No
C6285,3,557,No
C6286,3,570,No
C6287,3,672,Yes
C6288,4,585,No
C6289,2,662,Yes
C6290,3,580,No
C6291,4,712,Yes
C6292,4,630,Yes
C6293,4,662,Yes
C6294,2,616,No
C6295,4,573,Yes
C6296,2,609,Yes
C6297,4,655,No
C6298,2,598,Yes
C6299,3,606,Yes
C6300,4,655,No
C6301,4,577,Yes
C6302,2,675,No
C6303,3,604,No
C6304,2,640,Yes
C6305,4,705,Yes
C6306,4,648,No
C6307,3,611,Yes
C6308,4,562,No
C6309,4,656,Yes
C6310,2,646,No
C6311,2,635,Yes
C6312,3,635,No
C6313,2,657,Yes
C6314,4,546,No
C6315,3,625,No
C6316,4,642,No
C6317,2,658,Yes
C6318,3,649,Yes
C6319,3,672,No
C6320,2,660,Yes
C6321,4,673,No
C6322,3,573,Yes
C6323,3,627,No
C6324,2,646,Yes
C6325,4,591,Yes
C6326,2,634,No
C6327,4,640,No
C6328,3,644,No
C6329,3,659,No
C6330,4,617,No
C6331,3,679,Yes
C6332,3,685,No
C6333,2,656,No
C6334,4,662,Yes
C6335,4,569,Yes
C6336,4,645,Yes
C6337,3,652,Yes
C6338,4,565,Yes
C6339,2,678,Yes
C6340,4,652,No
C6341,4,636,No
C6342,4,666,No
C6343,4,595,Yes
C6344,2,670,No
C6345,4,674,Yes
C6346,2,593,Yes
C6347,3,682,No
C6348,3,576,Yes
C6349,4,570,Yes
C6350,3,627,No
C6351,4,672,Yes
C6352,2,709,No
C6353,2,664,No
C6354,2,565,Yes
C6355,3,605,No
C6356,3,619,Yes
C6357,3,657,No
C6358,2,712,Yes
C6359,3,667,No
C6360,3,586,Yes
C6361,4,680,No
C6362,4,547,Yes
C6363,2,638,No
C6364,2,648,No
C6365,2,640,No
C6366,2,646,No
C6367,2,635,Yes
C6368,4,600,No
C6369,4,649,No
C6370,4,550,No
C6371,4,692,Yes
C6372,3,554,Yes
C6373,2,578,Yes
C6374,4,735,No
C6375,2,597,No
C6376,4,660,Yes
C6377,3,646,Yes
C6378,3,670,No
C6379,2,602,Yes
C6380,3,694,No
C6381,3,625,Yes
C6382,4,683,Yes
C6383,2,525,Yes
C6384,2,682,No
C6385,2,682,No
C6386,4,661,Yes
C6387,4,621,Yes
C6388,4,694,Yes
C6389,4,593,Yes
C6390,4,631,No
C6391,3,653,No
C6392,2,639,Yes
C6393,3,621,No
C6394,3,574,Yes
C6395,2,626,No
C6396,2,629,Yes
C6397,4,624,Yes
C6398,4,577,Yes
C6399,2,607,Yes
C6400,2,621,Yes
C6401,2,555,Yes
C6402,2,671,Yes
C6403,2,546,Yes
C6404,3,656,No
C6405,3,680,No
C6406,3,628,Yes
C6407,2,572,Yes
C6408,4,654,Yes
C6409,3,685,No
C6410,2,688,No
C6411,4,596,No
C6412,2,558,Yes
C6413,2,629,No
C6414,3,638,Yes
C6415,4,517,No
C6416,3,525,Yes
C6417,2,725,No
C6418,3,611,Yes
C6419,3,656,Yes
C6420,4,601,Yes
C6421,3,507,Yes
C6422,3,602,Yes
C6423,3,634,No
C6424,4,477,Yes
C6425,3,507,Yes
C6426,3,635,Yes
C6427,2,667,Yes
C6428,3,623,Yes
C6429,3,690,No
C6430,3,500,Yes
C6431,3,565,Yes
C6432,3,660,Yes
C6433,2,652,Yes
C6434,2,678,No
C6435,2,549,Yes
C6436,4,641,Yes
C6437,4,659,Yes
C6438,4,624,Yes
C6439,4,576,Yes
C6440,4,704,Yes
C6441,3,601,Yes
C6442,3,637,Yes
C6443,3,616,Yes
C6444,3,552,Yes
C6445,2,621,No
C6446,2,620,No
C6447,4,635,Yes
C6448,3,593,Yes
C6449,3,655,No
C6450,3,681,No
C6451,4,603,No
C6452,3,660,No
C6453,3,601,Yes
C6454,3,656,Yes
C6455,2,611,Yes
C6456,2,642,No
C6457,4,626,No
C6458,4,530,No
C6459,4,580,Yes
C6460,4,610,No
C6461,3,565,No
C6462,4,620,Yes
C6463,2,650,No
C6464,2,651,Yes
C6465,4,601,Yes
C6466,2,664,Yes
C6467,3,562,Yes
C6468,4,606,Yes
C6469,4,669,No
C6470,4,535,Yes
C6471,4,643,Yes
C6472,4,599,Yes
C6473,4,620,No
C6474,4,691,Yes
C6475,4,604,Yes
C6476,4,664,Yes
C6477,3,669,Yes
C6478,2,685,Yes
C6479,2,691,Yes
C6480,2,679,No
C6481,4,596,No
C6482,4,592,Yes
C6483,2,624,No
C6484,4,679,No
C6485,4,579,No
C6486,3,648,No
C6487,3,559,No
C6488,4,657,Yes
C6489,4,687,No
C6490,3,623,Yes
C6491,2,629,No
C6492,4,588,Yes
C6493,3,558,Yes
C6494,2,718,No
C6495,2,648,Yes
C6496,4,676,Yes
C6497,2,596,Yes
C6498,2,633,No
C6499,3,620,Yes
C6500,2,628,No
C6501,3,659,No
C6502,3,647,No
C6503,4,643,Yes
C6504,4,668,No
C6505,4,693,Yes
C6506,4,674,Yes
C6507,2,672,Yes
C6508,3,637,Yes
C6509,4,573,Yes
C6510,4,688,Yes
C6511,3,693,No
C6512,2,587,Yes
C6513,4,663,No
C6514,3,610,No
C6515,2,650,Yes
C6516,4,587,Yes
C6517,3,639,Yes
C6518,2,684,Yes
C6519,2,620,No
C6520,3,567,Yes
C6521,2,676,Yes
C6522,4,626,No
C6523,3,651,No
C6524,2,628,Yes
C6525,2,678,Yes
C6526,3,654,No
C6527,2,623,No
C6528,2,526,Yes
C6529,4,644,No
C6530,4,647,Yes
C6531,2,604,Yes
C6532,2,528,Yes
C6533,4,677,Yes
C6534,4,691,Yes
C6535,4,698,Yes
C6536,4,549,Yes
C6537,4,589,Yes
C6538,3,652,No
C6539,2,585,Yes
C6540,4,629,No
C6541,3,662,Yes
C6542,4,693,No
C6543,2,671,No
C6544,4,596,Yes
C6545,2,637,Yes
C6546,3,684,Yes
C6547,3,684,No
C6548,4,670,No
C6549,2,656,No
C6550,4,593,Yes
C6551,2,593,No
C6552,2,639,Yes
C6553,2,667,No
C6554,3,717,No
C6555,4,582,No
C6556,2,679,Yes
C6557,4,576,No
C6558,2,696,No
C6559,3,629,Yes
C6560,4,721,No
C6561,4,661,Yes
C6562,3,595,Yes
C6563,3,573,Yes
C6564,2,558,Yes
C6565,4,680,No
C6566,3,636,No
C6567,2,666,No
C6568,4,676,No
C6569,3,608,No
C6570,4,603,No
C6571,2,640,No
C6572,3,636,No
C6573,2,548,Yes
C6574,3,567,No
C6575,4,633,No
C6576,2,672,Yes
C6577,4,629,No
C6578,4,525,Yes
C6579,3,577,Yes
C6580,4,623,No
C6581,2,677,No
C6582,3,654,Yes
C6583,2,636,Yes
C6584,4,662,No
C6585,2,677,No
C6586,3,521,Yes
C6587,3,628,No
C6588,4,692,No
C6589,4,664,Yes
C6590,3,568,Yes
C6591,2,650,Yes
C6592,3,672,No
C6593,4,628,Yes
C6594,4,677,Yes
C6595,3,594,No
C6596,4,643,No
C6597,2,600,No
C6598,3,587,Yes
C6599,3,614,Yes
C6600,3,681,No
C6601,3,681,Yes
C6602,3,619,Yes
C6603,3,578,No
C6604,2,585,No
C6605,4,616,No
C6606,4,654,Yes
C6607,2,610,Yes
C6608,3,693,Yes
C6609,3,607,Yes
C6610,2,585,Yes
C6611,3,659,Yes
C6612,3,685,No
C6613,3,562,Yes
C6614,4,652,No
C6615,4,703,Yes
C6616,3,622,Yes
C6617,2,674,No
C6618,3,659,Yes
C6619,4,616,No
C6620,4,593,No
C6621,3,686,No
C6622,3,565,No
C6623,4,600,Yes
C6624,2,612,Yes
C6625,2,604,No
C6626,2,638,Yes
C6627,3,628,Yes
C6628,3,533,No
C6629,2,677,No
C6630,4,624,Yes
C6631,3,655,Yes
C6632,4,566,Yes
C6633,4,649,No
C6634,4,613,Yes
C6635,2,677,No
C6636,4,590,Yes
C6637,2,668,Yes
C6638,3,645,No
C6639,4,611,Yes
C6640,4,652,No
C6641,4,684,No
C6642,4,622,Yes
C6643,2,695,Yes
C6644,4,607,No
C6645,3,623,No
C6646,3,593,No
C6647,4,573,No
C6648,3,572,Yes
C6649,3,697,Yes
C6650,3,680,No
C6651,4,617,No
C6652,3,657,Yes
C6653,4,671,No
C6654,4,681,Yes
C6655,3,647,Yes
C6656,4,653,Yes
C6657,3,661,No
C6658,3,641,Yes
C6659,3,663,No
C6660,3,569,Yes
C6661,2,719,No
C6662,2,659,No
C6663,2,658,No
C6664,2,631,Yes
C6665,2,529,Yes
C6666,3,627,Yes
C6667,3,536,Yes
C6668,4,666,Yes
C6669,2,569,Yes
C6670,4,604,Yes
C6671,2,624,Yes
C6672,3,666,No
C6673,4,640,No
C6674,4,632,No
C6675,3,576,No
C6676,2,576,Yes
C6677,2,611,No
C6678,4,568,No
C6679,4,547,Yes
C6680,3,588,Yes
C6681,3,594,No
C6682,3,661,Yes
C6683,2,671,No
C6684,2,593,No
C6685,4,600,No
C6686,4,669,No
C6687,3,612,Yes
C6688,2,660,No
C6689,2,686,Yes
C6690,2,604,Yes
C6691,3,633,No
C6692,2,531,Yes
C6693,4,690,No
C6694,3,668,No
C6695,3,651,Yes
C6696,4,591,No
C6697,4,577,Yes
C6698,4,648,No
C6699,3,591,Yes
C6700,4,640,No
C6701,2,662,Yes
C6702,3,570,Yes
C6703,2,663,No
C6704,3,671,No
C6705,3,679,Yes
C6706,2,624,Yes
C6707,3,677,No
C6708,3,668,No
C6709,3,494,Yes
C6710,2,630,Yes
C6711,3,586,Yes
C6712,3,676,No
C6713,4,536,Yes
C6714,2,602,Yes
C6715,3,661,Yes
C6716,4,643,No
C6717,2,635,No
C6718,2,576,No
C6719,4,657,Yes
C6720,3,582,No
C6721,3,669,No
C6722,4,543,Yes
C6723,3,652,Yes
C6724,2,610,Yes
C6725,2,634,Yes
C6726,3,616,No
C6727,4,661,No
C6728,2,561,Yes
C6729,2,639,Yes
C6730,2,677,No
C6731,2,688,Yes
C6732,2,641,Yes
C6733,3,535,Yes
C6734,2,660,Yes
C6735,4,646,Yes
C6736,3,607,No
C6737,4,586,Yes
C6738,3,637,Yes
C6739,2,669,Yes
C6740,4,539,Yes
C6741,3,554,Yes
C6742,3,528,Yes
C6743,3,590,Yes
C6744,4,608,Yes
C6745,2,603,No
C6746,4,656,No
C6747,2,669,No
C6748,4,603,No
C6749,4,678,No
C6750,2,634,Yes
C6751,2,624,No
C6752,4,567,No
C6753,4,636,No
C6754,3,573,No
C6755,2,563,Yes
C6756,4,657,No
C6757,4,656,No
C6758,4,673,No
C6759,2,652,No
C6760,2,668,Yes
C6761,2,669,Yes
C6762,4,659,No
C6763,2,689,No
C6764,2,640,No
C6765,2,541,No
C6766,3,600,Yes
C6767,4,533,No
C6768,4,648,No
C6769,2,615,Yes
C6770,4,632,No
C6771,2,702,No
C6772,3,653,No
C6773,4,694,No
C6774,2,531,No
C6775,3,675,No
C6776,4,622,No
C6777,3,649,No
C6778,3,649,No
C6779,4,680,No
C6780,3,653,No
C6781,2,688,No
C6782,4,663,No
C6783,3,534,No
C6784,2,635,Yes
C6785,2,644,Yes
C6786,4,517,No
C6787,4,625,Yes
C6788,2,527,Yes
C6789,2,575,Yes
C6790,2,624,No
C6791,3,663,No
C6792,2,564,No
C6793,3,602,No
C6794,3,637,Yes
C6795,2,651,Yes
C6796,2,704,No
C6797,2,651,No
C6798,2,507,No
C6799,2,656,Yes
C6800,2,607,Yes
C6801,2,676,Yes
C6802,2,583,Yes
C6803,2,711,Yes
C6804,4,591,Yes
C6805,2,620,No
C6806,4,622,No
C6807,3,620,Yes
C6808,2,627,Yes
C6809,2,694,No
C6810,3,610,No
C6811,3,521,No
C6812,3,634,No
C6813,4,657,Yes
C6814,3,615,Yes
C6815,2,677,No
C6816,4,607,No
C6817,3,578,Yes
C6818,4,525,No
C6819,3,617,Yes
C6820,2,672,Yes
C6821,4,688,Yes
C6822,4,661,No
C6823,4,662,No
C6824,4,681,No
C6825,3,563,Yes
C6826,2,623,Yes
C6827,3,646,No
C6828,3,688,No
C6829,3,610,No
C6830,2,453,Yes
C6831,3,646,No
C6832,4,617,Yes
C6833,3,657,No
C6834,2,624,Yes
C6835,2,638,No
C6836,4,633,Yes
C6837,3,598,Yes
C6838,3,627,Yes
C6839,3,566,Yes
C6840,2,664,Yes
C6841,4,578,No
C6842,2,691,No
C6843,2,652,No
C6844,4,600,Yes
C6845,2,683,No
C6846,3,653,No
C6847,4,649,Yes
C6848,4,670,Yes
C6849,3,646,No
C6850,2,664,Yes
C6851,4,702,Yes
C6852,2,676,Yes
C6853,4,623,Yes
C6854,3,650,Yes
C6855,2,644,Yes
C6856,4,655,Yes
C6857,3,654,No
C6858,4,610,No
C6859,3,565,No
C6860,3,665,Yes
C6861,4,650,No
C6862,2,632,No
C6863,2,519,No
C6864,2,647,Yes
C6865,4,585,No
C6866,3,627,Yes
C6867,2,547,No
C6868,4,645,No
C6869,3,691,No
C6870,4,661,No
C6871,4,543,Yes
C6872,3,616,No
C6873,4,620,No
C6874,2,566,Yes
C6875,4,620,No
C6876,3,628,No
C6877,3,637,No
C6878,3,639,Yes
C6879,3,623,Yes
C6880,3,614,Yes
C6881,4,588,Yes
C6882,2,659,Yes
C6883,3,614,Yes
C6884,3,572,Yes
C6885,2,644,No
C6886,4,692,Yes
C6887,4,600,Yes
C6888,2,663,No
C6889,2,658,No
C6890,4,666,Yes
C6891,3,737,No
C6892,2,477,Yes
C6893,2,687,No
C6894,2,582,Yes
C6895,4,653,Yes
C6896,2,639,Yes
C6897,2,614,Yes
C6898,4,654,No
C6899,2,550,Yes
C6900,4,562,Yes
C6901,2,672,No
C6902,2,656,No
C6903,3,619,No
C6904,4,661,Yes
C6905,3,458,Yes
C6906,2,678,Yes
C6907,4,593,No
C6908,2,661,Yes
C6909,3,544,Yes
C6910,3,622,Yes
C6911,2,667,No
C6912,2,648,Yes
C6913,2,548,Yes
C6914,3,630,Yes
C6915,2,676,Yes
C6916,4,676,No
C6917,2,623,Yes
C6918,3,673,No
C6919,2,537,No
C6920,2,579,Yes
C6921,4,628,No
C6922,3,561,Yes
C6923,2,607,Yes
C6924,2,692,No
C6925,3,660,No
C6926,4,538,No
C6927,4,669,No
C6928,4,628,No
C6929,2,693,Yes
C6930,4,725,No
C6931,3,605,Yes
C6932,3,629,No
C6933,3,553,Yes
C6934,2,610,No
C6935,3,661,Yes
C6936,3,618,Yes
C6937,3,656,Yes
C6938,2,528,No
C6939,3,588,Yes
C6940,4,602,No
C6941,2,558,No
C6942,4,551,No
C6943,2,595,Yes
C6944,4,616,Yes
C6945,3,639,No
C6946,3,657,No
C6947,3,681,No
C6948,3,646,No
C6949,3,546,Yes
C6950,2,681,No
C6951,4,675,Yes
C6952,2,622,Yes
C6953,4,520,Yes
C6954,2,643,No
C6955,4,690,Yes
C6956,2,676,No
C6957,4,648,No
C6958,4,656,Yes
C6959,2,575,Yes
C6960,3,673,Yes
C6961,4,663,Yes
C6962,3,576,Yes
C6963,3,573,Yes
C6964,4,637,Yes
C6965,2,712,Yes
C6966,3,678,Yes
C6967,3,638,No
C6968,2,675,No
C6969,2,695,Yes
C6970,4,648,No
C6971,4,599,Yes
C6972,4,579,No
C6973,4,681,No
C6974,4,699,Yes
C6975,2,666,Yes
C6976,4,481,Yes
C6977,4,676,Yes
C6978,3,602,No
C6979,2,687,Yes
C6980,2,608,Yes
C6981,4,592,Yes
C6982,2,497,Yes
C6983,4,579,No
C6984,3,664,Yes
C6985,4,570,Yes
C6986,3,723,Yes
C6987,3,568,Yes
C6988,2,676,No
C6989,3,645,Yes
C6990,3,683,Yes
C6991,3,700,No
C6992,3,650,Yes
C6993,2,588,No
C6994,4,653,No
C6995,2,543,Yes
C6996,3,632,No
C6997,3,671,No
C6998,3,652,Yes
C6999,4,626,No
C7000,4,624,Yes
C7001,4,603,No
C7002,3,662,Yes
C7003,4,635,Yes
C7004,3,668,No
C7005,3,573,Yes
C7006,2,679,Yes
C7007,3,647,Yes
C7008,2,697,Yes
C7009,3,665,Yes
C7010,3,558,Yes
C7011,4,596,Yes
C7012,3,638,No
C7013,4,686,Yes
C7014,3,663,Yes
C7015,2,621,Yes
C7016,3,603,Yes
C7017,4,642,No
C7018,2,611,Yes
C7019,3,642,Yes
C7020,2,651,Yes
C7021,4,607,No
C7022,2,647,No
C7023,2,558,Yes
C7024,4,682,No
C7025,2,574,Yes
C7026,3,628,No
C7027,2,563,Yes
C7028,4,645,Yes
C7029,2,674,Yes
C7030,3,583,Yes
C7031,4,706,Yes
C7032,4,542,Yes
C7033,3,685,No
C7034,2,644,No
C7035,2,621,No
C7036,2,647,No
C7037,3,667,Yes
C7038,3,579,No
C7039,2,718,No
C7040,2,529,Yes
C7041,4,676,No
C7042,3,645,Yes
C7043,3,613,No
C7044,3,578,No
C7045,3,673,No
C7046,2,525,No
C7047,4,671,No
C7048,3,658,Yes
C7049,3,650,Yes
C7050,3,618,Yes
C7051,4,678,Yes
C7052,2,593,Yes
C7053,4,618,No
C7054,4,592,Yes
C7055,2,685,Yes
C7056,4,643,Yes
C7057,4,510,Yes
C7058,2,582,Yes
C7059,3,540,Yes
C7060,2,599,No
C7061,3,524,No
C7062,3,703,Yes
C7063,3,684,No
C7064,3,602,Yes
C7065,3,642,No
C7066,4,589,Yes
C7067,4,676,No
C7068,4,637,No
C7069,3,668,Yes
C7070,2,656,No
C7071,4,682,Yes
C7072,4,608,No
C7073,2,621,Yes
C7074,3,597,No
C7075,2,618,No
C7076,3,601,No
C7077,3,621,No
C7078,3,673,No
C7079,4,687,Yes
C7080,2,621,Yes
C7081,3,692,No
C7082,2,647,Yes
C7083,3,651,Yes
C7084,2,657,Yes
C7085,4,641,No
C7086,3,602,Yes
C7087,4,656,Yes
C7088,3,656,Yes
C7089,2,690,No
C7090,4,492,Yes
C7091,4,674,No
C7092,3,550,No
C7093,3,437,No
C7094,3,668,Yes
C7095,3,591,No
C7096,2,537,No
C7097,2,646,Yes
C7098,3,509,No
C7099,4,595,Yes
C7100,2,576,No
C7101,2,618,Yes
C7102,3,525,Yes
C7103,4,568,Yes
C7104,3,652,Yes
C7105,4,545,Yes
C7106,2,662,No
C7107,3,658,Yes
C7108,4,600,Yes
C7109,2,575,No
C7110,3,522,Yes
C7111,2,712,No
C7112,3,657,No
C7113,3,660,No
C7114,3,526,No
C7115,3,605,No
C7116,2,657,Yes
C7117,4,622,Yes
C7118,2,608,No
C7119,3,604,No
C7120,4,632,Yes
C7121,2,520,Yes
C7122,3,543,Yes
C7123,4,630,Yes
C7124,2,658,No
C7125,4,511,Yes
C7126,4,652,No
C7127,4,676,Yes
C7128,4,690,No
C7129,3,653,Yes
C7130,3,699,Yes
C7131,2,668,No
C7132,2,653,Yes
C7133,2,674,Yes
C7134,4,569,No
C7135,2,654,Yes
C7136,3,528,Yes
C7137,3,602,No
C7138,4,612,No
C7139,3,681,No
C7140,3,673,Yes
C7141,4,662,No
C7142,2,617,Yes
C7143,3,556,Yes
C7144,3,630,Yes
C7145,3,609,No
C7146,4,672,No
C7147,2,584,No
C7148,2,675,No
C7149,4,622,No
C7150,4,611,Yes
C7151,4,572,Yes
C7152,3,700,Yes
C7153,2,681,No
C7154,3,670,No
C7155,3,571,Yes
C7156,4,633,Yes
C7157,4,629,Yes
C7158,2,619,Yes
C7159,4,631,Yes
C7160,2,644,Yes
C7161,4,663,No
C7162,2,597,Yes
C7163,4,655,No
C7164,4,544,No
C7165,2,604,No
C7166,3,515,Yes
C7167,3,697,Yes
C7168,4,674,No
C7169,2,606,No
C7170,3,656,Yes
C7171,4,591,No
C7172,2,672,Yes
C7173,3,587,Yes
C7174,2,671,No
C7175,2,662,No
C7176,4,644,Yes
C7177,3,574,Yes
C7178,3,639,No
C7179,3,637,No
C7180,3,490,Yes
C7181,3,564,No
C7182,2,650,No
C7183,2,672,No
C7184,2,585,No
C7185,2,598,Yes
C7186,3,616,No
C7187,4,648,Yes
C7188,4,636,Yes
C7189,4,603,No
C7190,2,670,Yes
C7191,3,671,No
C7192,2,641,No
C7193,2,648,Yes
C7194,4,615,No
C7195,3,571,Yes
C7196,3,544,Yes
C7197,2,527,Yes
C7198,3,711,No
C7199,3,594,No
C7200,4,625,No
C7201,4,612,No
C7202,2,634,Yes
C7203,2,670,Yes
C7204,4,695,No
C7205,4,560,Yes
C7206,3,631,Yes
C7207,4,625,No
C7208,2,667,No
C7209,3,645,No
C7210,3,657,No
C7211,3,607,No
C7212,3,657,No
C7213,3,551,No
C7214,4,625,Yes
C7215,3,622,Yes
C7216,3,674,Yes
C7217,3,631,No
C7218,3,622,No
C7219,4,577,No
C7220,3,593,Yes
C7221,2,601,No
C7222,3,663,Yes
C7223,3,654,Yes
C7224,2,588,Yes
C7225,2,649,Yes
C7226,3,600,No
C7227,2,645,No
C7228,4,576,Yes
C7229,3,608,Yes
C7230,3,653,No
C7231,2,568,Yes
C7232,3,654,No
C7233,2,621,Yes
C7234,4,654,Yes
C7235,2,641,Yes
C7236,3,583,No
C7237,4,615,Yes
C7238,2,510,Yes
C7239,3,663,No
C7240,3,629,Yes
C7241,4,682,Yes
C7242,2,643,Yes
C7243,2,666,Yes
C7244,2,632,Yes
C7245,2,636,Yes
C7246,3,650,Yes
C7247,4,626,Yes
C7248,4,677,No
C7249,2,696,Yes
C7250,3,669,No
C7251,4,583,No
C7252,4,679,Yes
C7253,3,637,Yes
C7254,3,646,No
C7255,3,589,Yes
C7256,3,688,No
C7257,4,636,No
C7258,2,705,No
C7259,4,630,No
C7260,3,670,Yes
C7261,2,616,Yes
C7262,2,663,Yes
C7263,2,658,No
C7264,3,576,Yes
C7265,4,587,Yes
C7266,4,636,Yes
C7267,3,642,Yes
C7268,3,681,No
C7269,2,671,Yes
C7270,2,476,Yes
C7271,4,580,Yes
C7272,2,626,Yes
C7273,3,649,No
C7274,2,704,No
C7275,4,715,No
C7276,4,659,No
C7277,4,598,No
C7278,4,665,No
C7279,2,568,Yes
C7280,4,527,Yes
C7281,4,648,No
C7282,4,620,No
C7283,4,596,Yes
C7284,2,655,Yes
C7285,3,625,No
C7286,3,649,Yes
C7287,3,581,Yes
C7288,2,668,Yes
C7289,2,703,No
C7290,3,552,Yes
C7291,3,651,Yes
C7292,4,655,Yes
C7293,4,563,Yes
C7294,4,680,No
C7295,3,553,No
C7296,2,663,No
C7297,2,616,Yes
C7298,3,695,Yes
C7299,3,589,Yes
C7300,3,615,No
C7301,2,683,Yes
C7302,3,658,Yes
C7303,2,666,Yes
C7304,4,606,No
C7305,2,603,Yes
C7306,4,651,No
C7307,2,661,Yes
C7308,2,571,No
C7309,2,559,Yes
C7310,2,649,Yes
C7311,4,604,Yes
C7312,3,565,No
C7313,3,675,No
C7314,3,657,Yes
C7315,2,627,Yes
C7316,2,647,Yes
C7317,3,637,Yes
C7318,3,572,Yes
C7319,3,545,Yes
C7320,3,607,No
C7321,3,629,No
C7322,4,647,Yes
C7323,4,694,No
C7324,3,611,Yes
C7325,2,671,No
C7326,4,577,Yes
C7327,2,640,No
C7328,2,630,No
C7329,3,660,Yes
C7330,2,676,No
C7331,2,667,Yes
C7332,3,640,Yes
C7333,2,626,Yes
C7334,3,624,Yes
C7335,3,613,Yes
C7336,4,610,Yes
C7337,3,676,Yes
C7338,2,636,No
C7339,4,661,Yes
C7340,4,622,No
C7341,2,611,No
C7342,4,616,No
C7343,4,537,No
C7344,2,648,No
C7345,3,589,No
C7346,3,608,No
C7347,4,612,Yes
C7348,4,659,Yes
C7349,3,667,Yes
C7350,2,664,No
C7351,4,660,No
C7352,2,677,No
C7353,4,602,Yes
C7354,4,521,Yes
C7355,2,672,No
C7356,3,725,No
C7357,4,643,No
C7358,3,540,No
C7359,3,624,Yes
C7360,2,683,No
C7361,4,703,Yes
C7362,3,642,Yes
C7363,4,607,No
C7364,3,610,Yes
C7365,2,619,Yes
C7366,2,663,Yes
C7367,2,598,Yes
C7368,3,657,No
C7369,3,670,No
C7370,3,638,Yes
C7371,4,613,Yes
C7372,3,621,Yes
C7373,4,633,Yes
C7374,4,619,No
C7375,2,684,Yes
C7376,3,629,No
C7377,3,595,No
C7378,2,633,No
C7379,4,579,Yes
C7380,2,578,Yes
C7381,4,698,Yes
C7382,2,607,Yes
C7383,4,536,Yes
C7384,3,642,Yes
C7385,2,686,No
C7386,4,489,Yes
C7387,3,567,Yes
C7388,4,586,No
C7389,4,671,No
C7390,2,512,Yes
C7391,3,642,No
C7392,2,642,No
C7393,2,641,No
C7394,3,616,Yes
C7395,4,638,No
C7396,4,679,Yes
C7397,3,620,Yes
C7398,2,647,No
C7399,3,681,No
C7400,4,638,Yes
C7401,2,605,Yes
C7402,4,640,Yes
C7403,3,608,No
C7404,2,621,Yes
C7405,2,647,No
C7406,3,677,Yes
C7407,2,652,No
C7408,2,640,No
C7409,4,626,Yes
C7410,3,599,Yes
C7411,4,492,Yes
C7412,4,713,No
C7413,4,601,No
C7414,2,686,No
C7415,2,627,Yes
C7416,2,536,Yes
C7417,4,678,No
C7418,3,572,No
C7419,4,592,Yes
C7420,3,648,No
C7421,3,646,Yes
C7422,2,659,No
C7423,2,646,No
C7424,2,691,Yes
C7425,3,619,No
C7426,2,648,No
C7427,4,672,Yes
C7428,3,615,No
C7429,3,595,No
C7430,2,675,No
C7431,4,646,No
C7432,2,620,Yes
C7433,2,706,Yes
C7434,3,615,Yes
C7435,2,673,Yes
C7436,4,632,Yes
C7437,4,636,No
C7438,3,661,Yes
C7439,2,622,No
C7440,3,663,No
C7441,4,667,Yes
C7442,4,543,No
C7443,4,550,No
C7444,3,673,No
C7445,4,686,Yes
C7446,2,604,Yes
C7447,3,696,No
C7448,4,694,No
C7449,4,557,Yes
C7450,3,685,Yes
C7451,3,645,Yes
C7452,2,621,No
C7453,2,623,No
C7454,3,687,No
C7455,4,636,Yes
C7456,3,625,Yes
C7457,4,584,No
C7458,2,625,No
C7459,3,511,Yes
C7460,2,502,No
C7461,4,661,No
C7462,2,635,No
C7463,4,644,No
C7464,3,613,Yes
C7465,3,599,Yes
C7466,3,670,No
C7467,2,708,Yes
C7468,3,661,Yes
C7469,2,608,No
C7470,3,686,No
C7471,3,612,No
C7472,2,554,Yes
C7473,3,639,Yes
C7474,2,567,Yes
C7475,2,603,Yes
C7476,2,559,No
C7477,3,573,Yes
C7478,3,654,Yes
C7479,2,652,Yes
C7480,3,548,Yes
C7481,2,640,Yes
C7482,4,666,No
C7483,2,535,No
C7484,2,567,Yes
C7485,4,593,Yes
C7486,2,530,Yes
C7487,4,681,Yes
C7488,2,687,No
C7489,4,624,Yes
C7490,3,625,Yes
C7491,3,646,Yes
C7492,2,598,Yes
C7493,4,683,Yes
C7494,4,574,No
C7495,2,672,No
C7496,2,662,No
C7497,2,623,Yes
C7498,2,574,No
C7499,3,603,Yes
C7500,3,661,Yes
C7501,4,617,Yes
C7502,3,683,Yes
C7503,3,705,No
C7504,3,629,Yes
C7505,3,573,Yes
C7506,4,654,Yes
C7507,2,618,Yes
C7508,3,625,Yes
C7509,2,655,No
C7510,3,484,Yes
C7511,4,652,Yes
C7512,3,496,No
C7513,3,672,No
C7514,3,637,No
C7515,4,698,Yes
C7516,3,691,No
C7517,3,589,Yes
C7518,2,631,No
C7519,4,590,No
C7520,3,522,No
C7521,3,552,No
C7522,3,655,Yes
C7523,3,636,No
C7524,3,635,Yes
C7525,2,619,No
C7526,4,710,No
C7527,2,511,No
C7528,4,626,No
C7529,2,612,Yes
C7530,2,597,No
C7531,3,641,Yes
C7532,3,687,Yes
C7533,4,657,Yes
C7534,4,640,Yes
C7535,3,596,No
C7536,3,603,No
C7537,2,667,Yes
C7538,4,541,No
C7539,3,615,No
C7540,2,624,Yes
C7541,3,609,No
C7542,2,644,No
C7543,4,642,Yes
C7544,2,603,Yes
C7545,2,597,Yes
C7546,4,678,Yes
C7547,4,634,Yes
C7548,4,612,No
C7549,3,637,Yes
C7550,4,664,Yes
C7551,2,619,Yes
C7552,4,687,Yes
C7553,2,605,No
C7554,3,553,No
C7555,2,646,No
C7556,4,672,No
C7557,4,676,No
C7558,4,662,Yes
C7559,4,633,Yes
C7560,3,590,Yes
C7561,2,621,Yes
C7562,3,644,Yes
C7563,4,650,Yes
C7564,4,642,No
C7565,2,618,No
C7566,3,635,Yes
C7567,4,640,No
C7568,4,679,No
C7569,2,592,No
C7570,3,608,Yes
C7571,2,619,Yes
C7572,3,614,Yes
C7573,3,690,Yes
C7574,3,664,No
C7575,3,688,No
C7576,4,682,No
C7577,4,680,Yes
C7578,2,597,Yes
C7579,3,587,No
C7580,2,627,No
C7581,4,643,No
C7582,2,535,No
C7583,4,624,Yes
C7584,3,618,Yes
C7585,4,636,No
C7586,4,632,No
C7587,3,675,No
C7588,2,586,No
C7589,2,557,Yes
C7590,3,589,No
C7591,2,606,No
C7592,3,653,Yes
C7593,3,670,Yes
C7594,2,517,Yes
C7595,3,672,No
C7596,3,678,No
C7597,3,706,No
C7598,4,631,Yes
C7599,3,646,No
C7600,4,728,No
C7601,4,592,Yes
C7602,3,699,Yes
C7603,3,586,Yes
C7604,2,684,No
C7605,2,611,Yes
C7606,2,670,No
C7607,2,614,No
C7608,4,651,Yes
C7609,2,551,Yes
C7610,4,593,No
C7611,3,627,Yes
C7612,4,639,No
C7613,2,568,No
C7614,2,640,No
C7615,3,652,Yes
C7616,2,489,Yes
C7617,4,590,No
C7618,2,609,Yes
C7619,3,611,Yes
C7620,4,619,Yes
C7621,3,611,Yes
C7622,4,666,Yes
C7623,4,615,Yes
C7624,4,650,Yes
C7625,2,658,No
C7626,4,650,No
C7627,3,534,Yes
C7628,4,568,Yes
C7629,4,664,No
C7630,3,655,No
C7631,2,672,Yes
C7632,4,653,No
C7633,3,693,No
C7634,2,701,No
C7635,3,597,Yes
C7636,4,611,Yes
C7637,4,652,Yes
C7638,2,666,No
C7639,2,579,No
C7640,3,681,Yes
C7641,3,600,Yes
C7642,4,587,No
C7643,2,671,No
C7644,4,644,Yes
C7645,2,609,No
C7646,3,588,Yes
C7647,4,667,No
C7648,4,668,No
C7649,4,574,Yes
C7650,4,667,No
C7651,2,630,No
C7652,2,590,Yes
C7653,4,581,Yes
C7654,3,639,No
C7655,3,583,No
C7656,2,539,Yes
C7657,4,547,Yes
C7658,3,629,No
C7659,2,603,No
C7660,3,610,Yes
C7661,4,660,No
C7662,2,632,No
C7663,3,629,No
C7664,3,642,No
C7665,3,561,No
C7666,4,625,Yes
C7667,3,618,No
C7668,4,656,Yes
C7669,3,691,Yes
C7670,3,582,Yes
C7671,3,686,No
C7672,4,580,Yes
C7673,2,685,Yes
C7674,3,678,Yes
C7675,3,665,No
C7676,3,485,Yes
C7677,3,658,No
C7678,4,605,Yes
C7679,3,638,No
C7680,4,690,No
C7681,2,578,Yes
C7682,2,594,Yes
C7683,4,653,No
C7684,2,650,Yes
C7685,2,709,Yes
C7686,2,577,No
C7687,4,590,No
C7688,4,571,No
C7689,3,700,Yes
C7690,4,706,Yes
C7691,4,654,Yes
C7692,2,620,Yes
C7693,2,609,No
C7694,4,594,Yes
C7695,3,652,Yes
C7696,3,634,Yes
C7697,3,568,Yes
C7698,2,550,Yes
C7699,2,657,Yes
C7700,4,613,No
C7701,4,588,Yes
C7702,2,584,Yes
C7703,4,658,Yes
C7704,2,608,No
C7705,2,695,Yes
C7706,3,638,No
C7707,3,651,Yes
C7708,4,626,No
C7709,4,647,No
C7710,3,654,No
C7711,3,574,Yes
C7712,2,571,No
C7713,2,524,No
C7714,2,554,Yes
C7715,4,674,Yes
C7716,4,574,No
C7717,2,610,Yes
C7718,4,646,Yes
C7719,4,651,Yes
C7720,2,675,Yes
C7721,2,680,Yes
C7722,4,573,Yes
C7723,2,652,Yes
C7724,4,700,Yes
C7725,2,659,No
C7726,2,545,No
C7727,4,623,No
C7728,3,688,Yes
C7729,4,623,No
C7730,2,711,Yes
C7731,2,574,Yes
C7732,3,601,No
C7733,3,692,Yes
C7734,2,679,Yes
C7735,4,475,Yes
C7736,2,553,Yes
C7737,2,692,Yes
C7738,4,633,Yes
C7739,4,646,No
C7740,2,598,No
C7741,4,699,No
C7742,2,557,No
C7743,3,645,No
C7744,4,668,No
C7745,2,672,No
C7746,3,708,No
C7747,4,660,No
C7748,2,650,No
C7749,2,636,Yes
C7750,2,684,No
C7751,2,582,No
C7752,4,659,No
C7753,2,564,Yes
C7754,2,597,Yes
C7755,2,631,Yes
C7756,3,646,No
C7757,2,624,Yes
C7758,4,670,Yes
C7759,3,563,Yes
C7760,3,644,No
C7761,2,675,No
C7762,3,661,Yes
C7763,3,691,No
C7764,3,623,No
C7765,2,583,No
C7766,4,643,Yes
C7767,3,628,Yes
C7768,4,689,Yes
C7769,3,624,No
C7770,3,668,No
C7771,4,499,Yes
C7772,2,632,No
C7773,3,624,Yes
C7774,2,667,Yes
C7775,2,508,No
C7776,4,622,Yes
C7777,2,499,No
C7778,3,677,No
C7779,4,648,Yes
C7780,3,611,No
C7781,2,616,Yes
C7782,4,561,Yes
C7783,3,540,Yes
C7784,4,642,Yes
C7785,3,606,Yes
C7786,4,649,No
C7787,3,610,No
C7788,3,660,Yes
C7789,4,610,Yes
C7790,2,595,No
C7791,4,567,Yes
C7792,3,610,Yes
C7793,2,537,Yes
C7794,4,660,No
C7795,3,630,No
C7796,2,680,No
C7797,2,528,Yes
C7798,2,688,No
C7799,4,653,Yes
C7800,4,569,No
C7801,3,609,No
C7802,3,631,Yes
C7803,3,663,Yes
C7804,2,697,No
C7805,2,489,Yes
C7806,4,663,No
C7807,3,666,No
C7808,3,676,Yes
C7809,4,603,Yes
C7810,4,498,Yes
C7811,2,564,Yes
C7812,3,680,No
C7813,2,625,No
C7814,3,706,No
C7815,2,674,No
C7816,3,685,No
C7817,2,619,No
C7818,3,522,No
C7819,3,632,No
C7820,3,538,Yes
C7821,3,607,Yes
C7822,2,668,Yes
C7823,3,619,Yes
C7824,2,586,Yes
C7825,2,513,Yes
C7826,2,666,Yes
C7827,3,621,Yes
C7828,2,672,No
C7829,4,536,Yes
C7830,4,671,No
C7831,2,664,Yes
C7832,4,531,Yes
C7833,4,535,Yes
C7834,4,680,Yes
C7835,2,661,No
C7836,3,621,Yes
C7837,2,542,Yes
C7838,3,549,Yes
C7839,2,584,Yes
C7840,4,610,Yes
C7841,2,684,Yes
C7842,3,652,No
C7843,3,591,No
C7844,2,612,No
C7845,2,709,Yes
C7846,2,660,Yes
C7847,4,628,No
C7848,3,643,No
C7849,4,663,No
C7850,4,534,Yes
C7851,3,570,Yes
C7852,4,588,No
C7853,3,582,Yes
C7854,3,629,Yes
C7855,3,579,Yes
C7856,4,666,Yes
C7857,4,662,No
C7858,2,589,Yes
C7859,3,647,Yes
C7860,3,643,Yes
C7861,4,679,No
C7862,2,609,Yes
C7863,4,571,No
C7864,2,653,No
C7865,2,705,Yes
C7866,4,597,No
C7867,4,553,Yes
C7868,3,655,Yes
C7869,3,648,Yes
C7870,3,699,No
C7871,2,486,Yes
C7872,4,677,Yes
C7873,3,626,No
C7874,4,642,Yes
C7875,3,648,Yes
C7876,4,581,No
C7877,3,610,No
C7878,3,662,Yes
C7879,4,631,Yes
C7880,2,653,Yes
C7881,2,610,No
C7882,2,671,No
C7883,3,670,Yes
C7884,4,598,Yes
C7885,3,516,Yes
C7886,2,709,No
C7887,3,644,Yes
C7888,4,598,No
C7889,2,514,Yes
C7890,4,596,No
C7891,3,628,No
C7892,3,545,Yes
C7893,3,627,Yes
C7894,4,663,Yes
C7895,2,654,No
C7896,4,640,Yes
C7897,3,543,Yes
C7898,3,679,Yes
C7899,2,656,Yes
C7900,3,570,Yes
C7901,3,631,No
C7902,3,615,Yes
C7903,4,610,Yes
C7904,3,666,No
C7905,4,629,Yes
C7906,3,653,No
C7907,4,642,No
C7908,3,615,No
C7909,3,682,No
C7910,2,636,Yes
C7911,3,633,Yes
C7912,3,617,No
C7913,2,683,Yes
C7914,2,609,No
C7915,3,640,Yes
C7916,4,677,Yes
C7917,4,617,Yes
C7918,3,643,No
C7919,3,661,Yes
C7920,4,552,Yes
C7921,2,621,Yes
C7922,2,668,Yes
C7923,3,602,Yes
C7924,4,549,Yes
C7925,3,598,Yes
C7926,2,576,Yes
C7927,4,569,Yes
C7928,3,581,Yes
C7929,2,669,Yes
C7930,4,659,Yes
C7931,2,568,Yes
C7932,4,654,Yes
C7933,2,671,No
C7934,3,607,Yes
C7935,2,590,No
C7936,4,636,No
C7937,2,619,No
C7938,4,697,No
C7939,4,634,Yes
C7940,3,644,Yes
C7941,4,662,No
C7942,2,579,No
C7943,2,575,No
C7944,3,600,No
C7945,2,671,No
C7946,4,691,Yes
C7947,4,687,No
C7948,4,664,No
C7949,3,660,No
C7950,2,689,Yes
C7951,4,656,Yes
C7952,3,571,Yes
C7953,3,591,Yes
C7954,3,657,Yes
C7955,3,625,Yes
C7956,4,613,Yes
C7957,3,648,No
C7958,4,634,No
C7959,4,654,Yes
C7960,2,648,Yes
C7961,2,697,No
C7962,2,555,No
C7963,3,587,Yes
C7964,3,568,No
C7965,4,657,Yes
C7966,3,656,Yes
C7967,3,528,Yes
C7968,2,626,No
C7969,3,664,Yes
C7970,2,628,No
C7971,3,552,No
C7972,3,642,Yes
C7973,3,641,Yes
C7974,2,578,Yes
C7975,2,655,Yes
C7976,3,617,No
C7977,2,670,Yes
C7978,3,594,No
C7979,2,547,Yes
C7980,2,652,Yes
C7981,2,650,No
C7982,4,633,Yes
C7983,4,611,No
C7984,4,562,Yes
C7985,4,539,No
C7986,3,534,Yes
C7987,3,624,No
C7988,2,656,No
C7989,2,624,No
C7990,4,664,Yes
C7991,4,668,Yes
C7992,2,622,No
C7993,2,700,Yes
C7994,4,670,No
C7995,2,566,Yes
C7996,2,620,No
C7997,3,559,No
C7998,4,620,No
C7999,4,674,Yes
C8000,3,496,Yes
C8001,3,659,No
C8002,2,633,No
C8003,3,658,Yes
C8004,4,678,No
C8005,2,576,Yes
C8006,4,654,Yes
C8007,4,696,No
C8008,3,626,Yes
C8009,4,602,Yes
C8010,2,599,No
C8011,3,562,Yes
C8012,4,586,Yes
C8013,2,637,No
C8014,3,702,Yes
C8015,3,666,No
C8016,2,702,No
C8017,3,648,No
C8018,3,603,Yes
C8019,2,580,No
C8020,3,558,No
C8021,3,647,No
C8022,4,615,Yes
C8023,2,621,Yes
C8024,3,648,No
C8025,3,660,Yes
C8026,2,595,Yes
C8027,2,696,Yes
C8028,4,584,No
C8029,4,717,No
C8030,3,597,No
C8031,2,600,No
C8032,3,643,Yes
C8033,2,710,No
C8034,3,691,Yes
C8035,4,566,No
C8036,2,612,Yes
C8037,4,628,Yes
C8038,2,573,No
C8039,2,661,Yes
C8040,4,553,Yes
C8041,4,601,Yes
C8042,4,562,No
C8043,2,630,Yes
C8044,2,512,Yes
C8045,4,672,No
C8046,2,658,Yes
C8047,2,672,Yes
C8048,4,666,Yes
C8049,4,451,Yes
C8050,3,572,No
C8051,3,645,Yes
C8052,4,526,Yes
C8053,3,650,Yes
C8054,2,581,No
C8055,4,667,No
C8056,2,556,Yes
C8057,4,645,Yes
C8058,2,597,No
C8059,3,688,Yes
C8060,3,574,Yes
C8061,2,517,Yes
C8062,3,605,Yes
C8063,2,689,No
C8064,2,618,Yes
C8065,4,600,Yes
C8066,4,687,No
C8067,2,631,Yes
C8068,4,615,Yes
C8069,3,609,No
C8070,4,559,Yes
C8071,4,668,No
C8072,4,687,Yes
C8073,3,576,Yes
C8074,4,589,Yes
C8075,2,643,Yes
C8076,2,593,Yes
C8077,3,597,Yes
C8078,4,592,Yes
C8079,3,624,Yes
C8080,2,671,Yes
C8081,2,554,Yes
C8082,2,664,No
C8083,2,539,No
C8084,3,646,No
C8085,3,649,Yes
C8086,2,672,No
C8087,2,666,No
C8088,2,570,No
C8089,2,667,No
C8090,4,611,No
C8091,3,648,No
C8092,2,635,No
C8093,4,663,No
C8094,2,670,No
C8095,4,690,Yes
C8096,2,680,No
C8097,2,527,Yes
C8098,3,651,No
C8099,3,645,No
C8100,4,677,Yes
C8101,3,615,Yes
C8102,3,602,Yes
C8103,3,633,Yes
C8104,4,575,Yes
C8105,3,679,Yes
C8106,3,676,No
C8107,2,645,No
C8108,3,654,No
C8109,4,646,Yes
C8110,4,549,Yes
C8111,2,644,Yes
C8112,4,573,Yes
C8113,4,671,Yes
C8114,2,724,No
C8115,3,612,Yes
C8116,2,650,No
C8117,4,635,No
C8118,2,669,Yes
C8119,2,608,No
C8120,2,615,Yes
C8121,3,555,No
C8122,3,671,No
C8123,3,611,No
C8124,3,598,Yes
C8125,3,692,Yes
C8126,2,604,Yes
C8127,3,664,No
C8128,2,599,Yes
C8129,2,562,Yes
C8130,4,718,Yes
C8131,3,590,No
C8132,2,596,No
C8133,3,633,Yes
C8134,2,522,Yes
C8135,4,683,Yes
C8136,4,644,Yes
C8137,4,631,No
C8138,3,625,No
C8139,2,653,Yes
C8140,2,578,Yes
C8141,4,589,Yes
C8142,3,693,Yes
C8143,2,653,No
C8144,4,592,No
C8145,4,674,No
C8146,2,671,Yes
C8147,3,650,Yes
C8148,3,674,No
C8149,4,648,Yes
C8150,4,662,Yes
C8151,3,658,No
C8152,4,672,No
C8153,2,655,No
C8154,4,639,Yes
C8155,2,579,Yes
C8156,2,596,No
C8157,4,618,Yes
C8158,3,538,Yes
C8159,2,631,No
C8160,3,693,No
C8161,3,581,Yes
C8162,4,671,Yes
C8163,3,646,Yes
C8164,2,618,No
C8165,2,669,Yes
C8166,4,584,No
C8167,4,605,No
C8168,2,599,No
C8169,4,648,No
C8170,3,627,Yes
C8171,2,710,No
C8172,3,585,Yes
C8173,3,670,No
C8174,3,658,No
C8175,3,671,No
C8176,4,686,No
C8177,4,624,No
C8178,4,664,No
C8179,2,637,No
C8180,2,557,Yes
C8181,4,588,Yes
C8182,3,618,Yes
C8183,2,621,Yes
C8184,2,634,Yes
C8185,4,521,No
C8186,3,582,Yes
C8187,2,640,Yes
C8188,2,641,No
C8189,3,666,No
C8190,4,587,Yes
C8191,2,537,Yes
C8192,4,510,No
C8193,3,536,Yes
C8194,3,609,No
C8195,2,551,No
C8196,4,588,No
C8197,2,700,No
C8198,3,533,No
C8199,4,634,Yes
C8200,4,688,No
C8201,3,483,Yes
C8202,3,510,No
C8203,2,612,Yes
C8204,3,580,Yes
C8205,2,669,No
C8206,4,647,No
C8207,4,472,Yes
C8208,3,604,No
C8209,4,614,No
C8210,4,688,No
C8211,2,554,Yes
C8212,4,618,Yes
C8213,3,665,Yes
C8214,4,666,No
C8215,3,609,No
C8216,3,569,No
C8217,3,523,Yes
C8218,4,621,No
C8219,4,656,Yes
C8220,2,585,No
C8221,3,695,No
C8222,4,578,Yes
C8223,3,604,No
C8224,4,670,Yes
C8225,3,591,Yes
C8226,4,632,Yes
C8227,3,579,No
C8228,4,632,Yes
C8229,2,617,No
C8230,4,669,No
C8231,3,635,Yes
C8232,3,721,No
C8233,4,659,Yes
C8234,2,599,Yes
C8235,2,619,No
C8236,2,674,No
C8237,2,511,Yes
C8238,4,605,No
C8239,3,595,Yes
C8240,3,650,No
C8241,2,540,Yes
C8242,3,596,No
C8243,4,640,No
C8244,4,589,Yes
C8245,2,546,Yes
C8246,4,623,Yes
C8247,4,663,No
C8248,4,639,No
C8249,4,652,No
C8250,2,602,Yes
C8251,2,669,No
C8252,2,615,No
C8253,2,665,Yes
C8254,3,650,No
C8255,2,703,No
C8256,3,628,Yes
C8257,2,622,Yes
C8258,2,603,Yes
C8259,4,659,Yes
C8260,2,608,Yes
C8261,2,675,Yes
C8262,2,556,No
C8263,4,703,No
C8264,4,540,Yes
C8265,3,645,No
C8266,4,630,No
C8267,3,705,Yes
C8268,3,659,Yes
C8269,4,635,Yes
C8270,4,568,Yes
C8271,2,635,No
C8272,4,595,No
C8273,3,632,No
C8274,2,656,Yes
C8275,4,608,Yes
C8276,4,686,Yes
C8277,2,656,No
C8278,4,692,Yes
C8279,2,635,Yes
C8280,2,658,No
C8281,2,709,No
C8282,3,551,Yes
C8283,2,555,Yes
C8284,2,670,No
C8285,3,578,Yes
C8286,2,543,No
C8287,4,701,No
C8288,4,657,Yes
C8289,2,559,Yes
C8290,2,665,Yes
C8291,4,624,No
C8292,4,569,No
C8293,3,548,Yes
C8294,2,700,Yes
C8295,4,584,Yes
C8296,3,611,Yes
C8297,4,589,Yes
C8298,2,700,Yes
C8299,3,543,Yes
C8300,2,575,Yes
C8301,4,671,No
C8302,3,567,No
C8303,4,674,Yes
C8304,2,678,No
C8305,3,573,Yes
C8306,4,504,Yes
C8307,3,680,No
C8308,4,630,No
C8309,2,519,Yes
C8310,4,663,Yes
C8311,2,599,Yes
C8312,3,585,Yes
C8313,4,667,Yes
C8314,3,606,No
C8315,3,600,No
C8316,2,655,Yes
C8317,3,689,Yes
C8318,3,627,No
C8319,3,573,Yes
C8320,3,599,No
C8321,4,645,No
C8322,3,668,No
C8323,3,623,No
C8324,3,647,No
C8325,3,659,Yes
C8326,4,667,Yes
C8327,4,700,No
C8328,3,677,No
C8329,4,629,No
C8330,2,631,Yes
C8331,3,663,Yes
C8332,3,597,No
C8333,2,682,Yes
C8334,3,597,Yes
C8335,4,589,Yes
C8336,2,690,No
C8337,4,639,Yes
C8338,3,663,Yes
C8339,3,624,No
C8340,2,574,Yes
C8341,3,616,No
C8342,4,700,No
C8343,2,691,Yes
C8344,3,680,No
C8345,3,699,Yes
C8346,2,590,No
C8347,4,619,No
C8348,2,581,Yes
C8349,4,644,Yes
C8350,2,610,Yes
C8351,4,684,Yes
C8352,3,583,Yes
C8353,4,675,Yes
C8354,4,664,No
C8355,4,659,Yes
C8356,3,588,Yes
C8357,3,622,No
C8358,2,672,Yes
C8359,4,610,No
C8360,2,626,Yes
C8361,3,569,Yes
C8362,2,591,Yes
C8363,2,631,Yes
C8364,2,564,Yes
C8365,3,572,Yes
C8366,3,604,Yes
C8367,2,521,Yes
C8368,2,638,Yes
C8369,3,535,Yes
C8370,3,631,No
C8371,3,666,No
C8372,4,635,Yes
C8373,2,639,Yes
C8374,2,621,Yes
C8375,3,658,Yes
C8376,4,574,Yes
C8377,2,508,Yes
C8378,3,584,Yes
C8379,3,683,No
C8380,3,606,Yes
C8381,2,642,No
C8382,2,658,Yes
C8383,4,641,Yes
C8384,3,623,Yes
C8385,2,642,No
C8386,4,650,No
C8387,3,642,Yes
C8388,2,697,Yes
C8389,2,690,No
C8390,3,596,Yes
C8391,3,560,Yes
C8392,3,660,Yes
C8393,4,645,No
C8394,3,650,Yes
C8395,3,658,Yes
C8396,3,625,No
C8397,4,662,No
C8398,4,579,No
C8399,3,576,Yes
C8400,2,573,Yes
C8401,2,671,Yes
C8402,3,641,No
C8403,2,661,Yes
C8404,2,640,Yes
C8405,2,564,Yes
C8406,3,648,No
C8407,3,516,No
C8408,3,616,No
C8409,3,646,No
C8410,3,522,Yes
C8411,2,663,Yes
C8412,3,673,No
C8413,3,593,No
C8414,4,672,No
C8415,4,662,Yes
C8416,2,630,Yes
C8417,4,675,Yes
C8418,4,615,No
C8419,4,691,Yes
C8420,2,628,Yes
C8421,3,647,No
C8422,4,592,No
C8423,4,639,No
C8424,2,648,Yes
C8425,2,662,Yes
C8426,3,625,Yes
C8427,2,634,No
C8428,4,614,Yes
C8429,2,635,Yes
C8430,3,627,Yes
C8431,2,644,Yes
C8432,4,693,No
C8433,4,589,Yes
C8434,4,519,Yes
C8435,2,639,Yes
C8436,4,623,No
C8437,3,651,Yes
C8438,4,702,Yes
C8439,3,630,Yes
C8440,3,693,No
C8441,4,654,No
C8442,4,653,No
C8443,4,673,No
C8444,2,638,No
C8445,2,625,Yes
C8446,3,693,Yes
C8447,2,630,Yes
C8448,4,623,No
C8449,3,584,Yes
C8450,3,632,Yes
C8451,4,631,No
C8452,2,706,Yes
C8453,3,685,No
C8454,4,641,No
C8455,4,642,No
C8456,4,612,Yes
C8457,3,631,Yes
C8458,3,583,No
C8459,3,580,Yes
C8460,3,577,No
C8461,4,620,No
C8462,4,685,Yes
C8463,4,564,Yes
C8464,4,611,Yes
C8465,4,640,No
C8466,4,533,Yes
C8467,4,635,Yes
C8468,4,663,Yes
C8469,4,638,No
C8470,2,644,No
C8471,4,651,No
C8472,4,631,No
C8473,3,641,No
C8474,2,588,No
C8475,4,581,No
C8476,3,690,No
C8477,4,671,No
C8478,3,581,Yes
C8479,4,647,No
C8480,2,632,Yes
C8481,4,645,No
C8482,3,670,Yes
C8483,4,645,No
C8484,3,583,No
C8485,4,582,No
C8486,3,661,No
C8487,3,637,Yes
C8488,3,656,No
C8489,3,663,No
C8490,2,663,No
C8491,4,626,Yes
C8492,3,528,Yes
C8493,3,628,Yes
C8494,2,670,Yes
C8495,2,620,Yes
C8496,4,709,No
C8497,2,589,Yes
C8498,2,703,No
C8499,3,596,No
C8500,3,647,No
C8501,2,600,Yes
C8502,3,668,No
C8503,2,627,No
C8504,2,656,No
C8505,4,678,No
C8506,4,591,No
C8507,3,619,Yes
C8508,3,597,Yes
C8509,2,643,No
C8510,2,647,No
C8511,4,649,No
C8512,4,642,Yes
C8513,2,556,Yes
C8514,2,612,No
C8515,2,680,Yes
C8516,4,626,No
C8517,4,669,No
C8518,4,667,Yes
C8519,4,676,Yes
C8520,2,686,Yes
C8521,4,614,Yes
C8522,4,526,Yes
C8523,2,665,No
C8524,3,627,Yes
C8525,4,636,Yes
C8526,2,610,Yes
C8527,3,628,Yes
C8528,4,667,Yes
C8529,3,610,Yes
C8530,4,668,Yes
C8531,2,649,No
C8532,2,528,No
C8533,2,561,Yes
C8534,4,645,No
C8535,2,567,Yes
C8536,2,634,Yes
C8537,3,629,No
C8538,3,549,Yes
C8539,2,669,Yes
C8540,3,703,Yes
C8541,2,642,Yes
C8542,2,667,No
C8543,2,667,No
C8544,2,581,Yes
C8545,4,590,Yes
C8546,3,723,Yes
C8547,4,586,No
C8548,2,629,Yes
C8549,4,579,Yes
C8550,4,675,No
C8551,4,660,No
C8552,4,675,No
C8553,3,668,Yes
C8554,3,576,No
C8555,4,529,No
C8556,4,609,No
C8557,4,675,No
C8558,2,675,No
C8559,2,576,Yes
C8560,3,663,No
C8561,3,575,No
C8562,3,664,No
C8563,3,677,Yes
C8564,4,657,No
C8565,4,620,Yes
C8566,4,677,No
C8567,4,695,No
C8568,2,679,Yes
C8569,4,566,Yes
C8570,4,627,No
C8571,2,677,Yes
C8572,3,647,No
C8573,3,652,No
C8574,4,670,Yes
C8575,2,670,No
C8576,4,561,No
C8577,2,655,Yes
C8578,2,645,No
C8579,3,586,Yes
C8580,4,584,No
C8581,4,597,Yes
C8582,3,597,No
C8583,4,664,No
C8584,3,579,Yes
C8585,2,648,No
C8586,2,597,No
C8587,2,550,No
C8588,4,659,Yes
C8589,3,631,No
C8590,4,624,No
C8591,2,565,No
C8592,4,630,No
C8593,2,650,No
C8594,4,621,Yes
C8595,2,524,No
C8596,4,677,Yes
C8597,2,634,No
C8598,2,619,No
C8599,4,631,Yes
C8600,3,591,Yes
C8601,2,663,No
C8602,4,652,No
C8603,3,622,No
C8604,4,670,No
C8605,2,655,Yes
C8606,4,577,No
C8607,2,618,No
C8608,2,565,Yes
C8609,3,673,Yes
C8610,3,664,Yes
C8611,4,605,No
C8612,2,585,No
C8613,4,672,No
C8614,4,520,No
C8615,4,585,Yes
C8616,4,690,Yes
C8617,3,639,Yes
C8618,4,647,No
C8619,4,634,Yes
C8620,2,512,No
C8621,3,631,Yes
C8622,4,655,Yes
C8623,3,668,Yes
C8624,2,627,Yes
C8625,4,668,No
C8626,4,653,No
C8627,2,647,No
C8628,4,666,Yes
C8629,4,530,Yes
C8630,3,683,Yes
C8631,2,590,No
C8632,2,655,Yes
C8633,4,665,Yes
C8634,2,716,Yes
C8635,2,583,No
C8636,2,694,Yes
C8637,2,665,Yes
C8638,3,653,Yes
C8639,2,646,Yes
C8640,3,643,No
C8641,2,700,Yes
C8642,3,556,Yes
C8643,2,608,No
C8644,3,657,Yes
C8645,3,580,Yes
C8646,2,512,Yes
C8647,2,657,No
C8648,2,616,No
C8649,2,641,Yes
C8650,2,559,No
C8651,4,576,Yes
C8652,4,684,No
C8653,2,610,Yes
C8654,4,523,Yes
C8655,3,553,No
C8656,2,554,Yes
C8657,3,639,Yes
C8658,3,550,Yes
C8659,2,692,No
C8660,4,614,Yes
C8661,3,529,Yes
C8662,4,621,Yes
C8663,3,680,Yes
C8664,2,667,No
C8665,3,601,Yes
C8666,2,575,No
C8667,2,597,Yes
C8668,4,661,Yes
C8669,2,605,Yes
C8670,4,648,Yes
C8671,3,620,Yes
C8672,3,631,No
C8673,4,597,No
C8674,4,614,Yes
C8675,2,607,No
C8676,2,614,Yes
C8677,2,594,Yes
C8678,4,706,Yes
C8679,4,687,Yes
C8680,3,653,No
C8681,2,676,Yes
C8682,2,652,No
C8683,4,662,No
C8684,4,454,Yes
C8685,2,600,No
C8686,2,511,No
C8687,4,640,Yes
C8688,3,652,Yes
C8689,4,620,Yes
C8690,2,676,Yes
C8691,4,574,Yes
C8692,4,633,Yes
C8693,2,659,No
C8694,3,556,No
C8695,4,465,Yes
C8696,4,590,No
C8697,3,576,Yes
C8698,2,693,Yes
C8699,2,628,No
C8700,4,637,No
C8701,2,702,No
C8702,4,674,No
C8703,4,664,No
C8704,2,612,Yes
C8705,3,647,Yes
C8706,2,586,Yes
C8707,4,639,Yes
C8708,3,621,Yes
C8709,4,682,Yes
C8710,3,581,Yes
C8711,2,616,No
C8712,3,725,Yes
C8713,3,512,Yes
C8714,3,502,No
C8715,2,602,No
C8716,3,521,No
C8717,4,585,Yes
C8718,3,585,Yes
C8719,2,552,Yes
C8720,2,609,Yes
C8721,2,602,No
C8722,3,572,Yes
C8723,2,704,Yes
C8724,3,521,Yes
C8725,4,607,No
C8726,2,622,No
C8727,2,553,Yes
C8728,2,560,Yes
C8729,3,658,No
C8730,2,615,Yes
C8731,3,684,No
C8732,3,566,Yes
C8733,2,525,Yes
C8734,2,542,Yes
C8735,2,677,No
C8736,4,613,Yes
C8737,2,579,Yes
C8738,2,630,Yes
C8739,3,527,Yes
C8740,4,661,Yes
C8741,2,608,Yes
C8742,4,650,Yes
C8743,2,615,Yes
C8744,4,640,Yes
C8745,3,679,Yes
C8746,3,623,Yes
C8747,2,669,No
C8748,4,647,No
C8749,2,674,No
C8750,2,642,Yes
C8751,4,681,Yes
C8752,3,698,No
C8753,3,678,No
C8754,3,681,No
C8755,3,656,No
C8756,2,468,Yes
C8757,4,634,Yes
C8758,2,630,Yes
C8759,2,649,No
C8760,2,594,Yes
C8761,3,621,No
C8762,3,685,Yes
C8763,2,671,No
C8764,3,607,Yes
C8765,2,521,Yes
C8766,3,650,Yes
C8767,4,533,Yes
C8768,3,690,Yes
C8769,3,630,No
C8770,3,638,Yes
C8771,4,653,Yes
C8772,2,602,Yes
C8773,3,621,Yes
C8774,3,638,No
C8775,2,601,Yes
C8776,4,678,Yes
C8777,4,655,Yes
C8778,3,525,Yes
C8779,3,536,No
C8780,2,666,No
C8781,3,574,Yes
C8782,4,591,No
C8783,3,590,No
C8784,4,612,Yes
C8785,2,630,Yes
C8786,3,528,Yes
C8787,3,679,No
C8788,2,654,Yes
C8789,2,602,No
C8790,2,644,Yes
C8791,3,676,Yes
C8792,4,674,Yes
C8793,2,577,Yes
C8794,2,678,No
C8795,3,511,No
C8796,2,612,Yes
C8797,2,635,Yes
C8798,4,645,Yes
C8799,3,535,Yes
C8800,2,674,No
C8801,3,676,No
C8802,3,622,No
C8803,3,650,Yes
C8804,2,632,No
C8805,2,610,Yes
C8806,3,654,No
C8807,3,633,No
C8808,2,610,Yes
C8809,4,718,Yes
C8810,3,661,No
C8811,4,651,No
C8812,4,679,No
C8813,2,632,Yes
C8814,4,602,Yes
C8815,2,656,No
C8816,2,666,Yes
C8817,3,647,No
C8818,3,629,No
C8819,4,579,Yes
C8820,4,595,No
C8821,4,688,Yes
C8822,2,634,No
C8823,2,662,Yes
C8824,2,695,No
C8825,3,618,Yes
C8826,3,575,Yes
C8827,4,633,No
C8828,4,589,Yes
C8829,2,616,Yes
C8830,2,541,Yes
C8831,2,564,No
C8832,4,625,Yes
C8833,2,688,Yes
C8834,4,677,No
C8835,4,621,No
C8836,4,658,No
C8837,2,638,No
C8838,2,515,Yes
C8839,4,623,Yes
C8840,4,606,Yes
C8841,3,635,No
C8842,4,620,Yes
C8843,2,698,No
C8844,3,625,Yes
C8845,4,626,No
C8846,3,667,Yes
C8847,4,534,Yes
C8848,2,585,No
C8849,3,604,Yes
C8850,2,648,No
C8851,2,683,No
C8852,4,546,Yes
C8853,4,603,No
C8854,4,559,No
C8855,4,672,Yes
C8856,2,618,Yes
C8857,4,666,Yes
C8858,3,652,Yes
C8859,3,629,No
C8860,4,558,Yes
C8861,2,634,No
C8862,3,611,Yes
C8863,3,604,Yes
C8864,2,612,Yes
C8865,3,624,Yes
C8866,4,609,Yes
C8867,3,532,Yes
C8868,4,687,No
C8869,3,578,No
C8870,2,709,Yes
C8871,3,621,Yes
C8872,4,519,No
C8873,2,653,Yes
C8874,4,654,Yes
C8875,3,620,No
C8876,2,700,No
C8877,3,671,Yes
C8878,3,696,Yes
C8879,3,592,Yes
C8880,4,595,Yes
C8881,3,512,No
C8882,4,611,Yes
C8883,3,460,Yes
C8884,2,685,Yes
C8885,4,635,Yes
C8886,4,689,No
C8887,2,664,No
C8888,3,595,No
C8889,4,615,Yes
C8890,2,517,Yes
C8891,2,646,No
C8892,4,548,Yes
C8893,3,687,No
C8894,4,649,No
C8895,2,597,Yes
C8896,2,658,Yes
C8897,4,678,No
C8898,3,566,Yes
C8899,3,434,Yes
C8900,2,682,No
C8901,2,668,Yes
C8902,4,681,Yes
C8903,3,693,Yes
C8904,4,647,No
C8905,4,647,No
C8906,4,585,Yes
C8907,4,648,Yes
C8908,4,673,Yes
C8909,3,691,No
C8910,4,587,Yes
C8911,3,523,Yes
C8912,4,511,Yes
C8913,2,647,No
C8914,4,686,Yes
C8915,2,620,Yes
C8916,4,615,No
C8917,2,626,Yes
C8918,3,642,Yes
C8919,3,643,Yes
C8920,4,566,No
C8921,4,659,Yes
C8922,4,663,No
C8923,2,611,No
C8924,4,655,Yes
C8925,3,586,No
C8926,4,702,No
C8927,2,644,No
C8928,2,650,No
C8929,2,620,Yes
C8930,4,674,No
C8931,3,651,No
C8932,3,629,Yes
C8933,3,618,Yes
C8934,4,690,Yes
C8935,3,527,Yes
C8936,2,565,Yes
C8937,3,680,No
C8938,3,572,Yes
C8939,2,697,Yes
C8940,4,547,No
C8941,3,647,Yes
C8942,3,652,Yes
C8943,4,661,No
C8944,4,616,Yes
C8945,4,591,Yes
C8946,2,637,No
C8947,3,556,No
C8948,2,631,Yes
C8949,3,690,No
C8950,4,637,Yes
C8951,2,565,Yes
C8952,3,624,Yes
C8953,3,648,No
C8954,2,666,No
C8955,4,593,Yes
C8956,3,659,Yes
C8957,4,678,No
C8958,2,587,No
C8959,3,660,No
C8960,3,649,Yes
C8961,3,637,No
C8962,4,580,Yes
C8963,4,467,Yes
C8964,4,582,No
C8965,2,621,No
C8966,4,595,No
C8967,3,663,No
C8968,2,612,Yes
C8969,4,545,No
C8970,4,624,No
C8971,3,671,No
C8972,2,663,Yes
C8973,4,552,No
C8974,4,695,No
C8975,3,565,Yes
C8976,2,574,Yes
C8977,3,655,Yes
C8978,2,592,Yes
C8979,4,533,No
C8980,4,483,Yes
C8981,2,622,Yes
C8982,4,540,Yes
C8983,4,597,Yes
C8984,4,615,No
C8985,2,589,Yes
C8986,2,661,No
C8987,4,669,No
C8988,3,572,Yes
C8989,3,628,No
C8990,4,679,No
C8991,2,589,Yes
C8992,4,584,Yes
C8993,2,606,No
C8994,3,678,Yes
C8995,2,704,Yes
C8996,2,601,Yes
C8997,3,647,Yes
C8998,4,605,No
C8999,2,589,No
C9000,3,702,No
C9001,4,569,Yes
C9002,4,626,Yes
C9003,2,688,No
C9004,3,654,Yes
C9005,4,566,Yes
C9006,4,661,No
C9007,3,636,No
C9008,2,658,No
C9009,2,685,Yes
C9010,4,663,Yes
C9011,2,570,No
C9012,3,680,Yes
C9013,2,625,No
C9014,2,572,Yes
C9015,4,431,No
C9016,3,661,Yes
C9017,4,613,Yes
C9018,3,528,No
C9019,4,647,No
C9020,2,610,Yes
C9021,2,626,No
C9022,2,610,No
C9023,2,534,Yes
C9024,3,639,No
C9025,3,683,Yes
C9026,4,629,Yes
C9027,2,620,No
C9028,3,653,No
C9029,2,699,Yes
C9030,4,607,Yes
C9031,4,653,No
C9032,4,551,No
C9033,3,691,Yes
C9034,4,634,Yes
C9035,2,603,No
C9036,2,632,Yes
C9037,3,608,No
C9038,2,650,Yes
C9039,3,674,Yes
C9040,3,587,Yes
C9041,2,665,No
C9042,4,609,No
C9043,2,594,No
C9044,2,660,Yes
C9045,4,579,Yes
C9046,4,617,Yes
C9047,2,628,Yes
C9048,3,636,Yes
C9049,2,647,No
C9050,3,591,Yes
C9051,2,703,No
C9052,3,674,Yes
C9053,2,626,No
C9054,4,580,No
C9055,3,569,No
C9056,3,638,Yes
C9057,3,692,No
C9058,2,620,Yes
C9059,2,619,Yes
C9060,3,632,Yes
C9061,3,562,No
C9062,4,633,Yes
C9063,2,677,No
C9064,3,566,Yes
C9065,4,658,Yes
C9066,2,630,No
C9067,3,628,No
C9068,4,584,Yes
C9069,4,586,Yes
C9070,4,602,Yes
C9071,4,562,Yes
C9072,2,606,Yes
C9073,4,699,No
C9074,3,630,Yes
C9075,2,617,No
C9076,3,577,No
C9077,4,586,Yes
C9078,3,583,No
C9079,2,677,No
C9080,3,515,Yes
C9081,3,557,No
C9082,3,656,No
C9083,3,615,Yes
C9084,3,676,Yes
C9085,3,687,No
C9086,2,607,No
C9087,4,639,Yes
C9088,3,618,Yes
C9089,2,562,Yes
C9090,4,669,No
C9091,4,548,No
C9092,3,619,No
C9093,4,633,No
C9094,2,618,Yes
C9095,4,655,No
C9096,2,662,No
C9097,4,561,Yes
C9098,2,502,Yes
C9099,4,634,Yes
C9100,4,567,No
C9101,4,675,Yes
C9102,4,653,No
C9103,2,611,No
C9104,4,637,Yes
C9105,2,548,Yes
C9106,3,695,No
C9107,3,687,Yes
C9108,4,682,Yes
C9109,2,645,No
C9110,2,699,No
C9111,3,591,Yes
C9112,4,613,Yes
C9113,2,593,No
C9114,2,676,No
C9115,2,553,Yes
C9116,4,582,No
C9117,2,699,Yes
C9118,4,545,Yes
C9119,3,567,Yes
C9120,4,649,No
C9121,2,650,Yes
C9122,2,648,No
C9123,3,669,No
C9124,2,704,Yes
C9125,4,548,Yes
C9126,2,684,Yes
C9127,4,613,No
C9128,4,672,Yes
C9129,2,628,No
C9130,2,678,Yes
C9131,4,677,Yes
C9132,2,615,No
C9133,2,609,No
C9134,2,643,Yes
C9135,2,550,Yes
C9136,2,620,Yes
C9137,4,602,No
C9138,2,515,No
C9139,4,646,No
C9140,3,562,Yes
C9141,3,681,No
C9142,2,648,Yes
C9143,2,544,No
C9144,2,700,No
C9145,3,691,No
C9146,2,638,No
C9147,2,623,No
C9148,2,642,No
C9149,4,540,No
C9150,4,606,No
C9151,4,606,No
C9152,2,596,No
C9153,3,668,No
C9154,4,603,No
C9155,3,684,No
C9156,4,631,Yes
C9157,4,593,No
C9158,4,579,No
C9159,4,679,Yes
C9160,4,628,Yes
C9161,2,604,No
C9162,4,658,No
C9163,3,622,No
C9164,2,559,No
C9165,3,604,No
C9166,2,683,Yes
C9167,3,527,No
C9168,4,613,Yes
C9169,2,675,Yes
C9170,3,547,No
C9171,4,524,Yes
C9172,2,642,No
C9173,3,672,Yes
C9174,2,614,Yes
C9175,2,667,Yes
C9176,4,638,No
C9177,4,642,No
C9178,3,588,No
C9179,4,565,No
C9180,2,639,No
C9181,3,635,No
C9182,3,597,Yes
C9183,4,680,No
C9184,4,600,Yes
C9185,4,690,No
C9186,3,661,No
C9187,2,608,No
C9188,3,666,No
C9189,4,637,No
C9190,2,672,Yes
C9191,3,541,No
C9192,3,661,No
C9193,3,683,No
C9194,2,530,No
C9195,3,632,No
C9196,4,532,No
C9197,2,666,No
C9198,3,636,No
C9199,4,574,Yes
C9200,2,506,Yes
C9201,4,605,Yes
C9202,2,556,Yes
C9203,2,694,No
C9204,4,673,Yes
C9205,2,657,Yes
C9206,2,686,No
C9207,2,589,Yes
C9208,4,623,No
C9209,2,664,No
C9210,2,586,No
C9211,3,705,No
C9212,2,650,No
C9213,3,643,No
C9214,4,612,Yes
C9215,3,512,No
C9216,2,640,Yes
C9217,2,656,No
C9218,3,643,No
C9219,2,679,Yes
C9220,4,668,Yes
C9221,3,615,No
C9222,4,611,No
C9223,3,604,No
C9224,2,708,No
C9225,2,700,No
C9226,3,673,Yes
C9227,3,640,No
C9228,3,501,Yes
C9229,3,566,No
C9230,4,635,Yes
C9231,2,584,Yes
C9232,4,679,No
C9233,3,564,Yes
C9234,3,525,No
C9235,2,642,Yes
C9236,4,572,Yes
C9237,2,650,Yes
C9238,2,578,No
C9239,4,578,Yes
C9240,2,527,Yes
C9241,2,559,Yes
C9242,4,571,Yes
C9243,4,679,No
C9244,3,658,No
C9245,2,629,Yes
C9246,4,667,Yes
C9247,2,650,No
C9248,3,626,Yes
C9249,2,629,Yes
C9250,2,514,Yes
C9251,4,654,Yes
C9252,4,554,Yes
C9253,3,636,Yes
C9254,4,687,No
C9255,2,463,Yes
C9256,3,700,No
C9257,3,697,No
C9258,4,638,Yes
C9259,4,613,No
C9260,3,559,No
C9261,3,467,Yes
C9262,4,651,Yes
C9263,3,528,No
C9264,4,643,No
C9265,3,685,No
C9266,3,609,Yes
C9267,3,633,No
C9268,3,583,Yes
C9269,2,664,No
C9270,3,697,No
C9271,4,523,Yes
C9272,4,713,No
C9273,2,649,No
C9274,3,625,No
C9275,3,543,No
C9276,4,585,No
C9277,2,582,Yes
C9278,3,614,No
C9279,3,619,Yes
C9280,4,654,No
C9281,2,613,No
C9282,3,653,Yes
C9283,4,528,Yes
C9284,2,642,No
C9285,3,683,Yes
C9286,2,622,Yes
C9287,2,625,Yes
C9288,2,694,Yes
C9289,4,574,Yes
C9290,4,707,Yes
C9291,2,478,Yes
C9292,3,591,Yes
C9293,3,622,Yes
C9294,2,699,No
C9295,3,507,Yes
C9296,2,580,No
C9297,2,647,Yes
C9298,2,691,No
C9299,3,585,Yes
C9300,2,621,No
C9301,3,664,Yes
C9302,2,647,No
C9303,2,683,Yes
C9304,2,484,Yes
C9305,2,615,No
C9306,3,661,No
C9307,2,715,No
C9308,2,717,Yes
C9309,3,628,Yes
C9310,2,532,Yes
C9311,2,652,No
C9312,3,697,No
C9313,3,628,No
C9314,2,576,No
C9315,2,645,Yes
C9316,4,680,No
C9317,4,603,No
C9318,3,614,Yes
C9319,3,650,Yes
C9320,3,530,Yes
C9321,4,648,No
C9322,4,645,Yes
C9323,4,671,No
C9324,2,659,No
C9325,3,639,No
C9326,4,657,No
C9327,4,649,Yes
C9328,2,563,No
C9329,2,619,Yes
C9330,3,581,No
C9331,4,644,Yes
C9332,4,626,No
C9333,4,626,Yes
C9334,2,597,No
C9335,3,597,No
C9336,2,648,No
C9337,2,637,Yes
C9338,2,634,No
C9339,3,614,Yes
C9340,2,628,Yes
C9341,4,592,Yes
C9342,4,628,Yes
C9343,3,666,Yes
C9344,3,644,Yes
C9345,2,543,Yes
C9346,4,662,No
C9347,2,658,Yes
C9348,3,671,No
C9349,4,573,Yes
C9350,4,644,Yes
C9351,4,647,Yes
C9352,3,583,Yes
C9353,2,614,No
C9354,2,610,No
C9355,2,623,No
C9356,2,632,Yes
C9357,4,622,No
C9358,4,595,No
C9359,2,602,No
C9360,3,619,No
C9361,4,559,No
C9362,3,503,Yes
C9363,3,535,Yes
C9364,4,611,Yes
C9365,4,647,No
C9366,2,670,No
C9367,4,679,No
C9368,2,682,No
C9369,2,693,Yes
C9370,3,656,No
C9371,2,581,Yes
C9372,2,636,Yes
C9373,3,674,No
C9374,2,634,No
C9375,2,641,Yes
C9376,3,635,Yes
C9377,3,602,Yes
C9378,4,578,No
C9379,4,617,Yes
C9380,3,616,Yes
C9381,4,599,No
C9382,3,517,Yes
C9383,3,619,Yes
C9384,2,589,Yes
C9385,4,662,No
C9386,4,629,No
C9387,3,631,Yes
C9388,2,517,Yes
C9389,4,624,No
C9390,4,608,No
C9391,2,608,Yes
C9392,2,594,No
C9393,4,656,No
C9394,2,526,Yes
C9395,2,605,No
C9396,3,632,Yes
C9397,4,638,Yes
C9398,4,647,Yes
C9399,4,607,Yes
C9400,3,622,No
C9401,3,589,Yes
C9402,2,677,No
C9403,4,617,Yes
C9404,4,563,No
C9405,2,604,Yes
C9406,4,659,No
C9407,2,615,No
C9408,4,649,No
C9409,2,646,No
C9410,3,641,Yes
C9411,3,659,Yes
C9412,4,618,No
C9413,4,550,Yes
C9414,2,607,Yes
C9415,3,655,Yes
C9416,2,605,Yes
C9417,3,603,No
C9418,2,626,Yes
C9419,3,647,No
C9420,3,672,No
C9421,4,672,Yes
C9422,3,686,Yes
C9423,3,639,No
C9424,3,613,Yes
C9425,2,675,No
C9426,4,614,No
C9427,3,589,No
C9428,3,550,Yes
C9429,4,668,Yes
C9430,2,659,No
C9431,4,603,Yes
C9432,3,650,Yes
C9433,3,630,No
C9434,3,563,Yes
C9435,2,646,Yes
C9436,4,675,Yes
C9437,2,530,Yes
C9438,2,674,No
C9439,2,642,No
C9440,3,505,Yes
C9441,2,585,Yes
C9442,2,532,No
C9443,3,512,No
C9444,2,645,Yes
C9445,4,618,No
C9446,3,622,No
C9447,3,632,No
C9448,2,654,Yes
C9449,2,640,Yes
C9450,3,628,Yes
C9451,3,656,Yes
C9452,2,658,Yes
C9453,3,609,Yes
C9454,2,631,No
C9455,4,532,No
C9456,3,585,No
C9457,4,613,Yes
C9458,4,687,Yes
C9459,2,635,Yes
C9460,4,627,No
C9461,4,693,No
C9462,3,600,Yes
C9463,4,564,Yes
C9464,2,632,No
C9465,3,637,Yes
C9466,4,570,Yes
C9467,2,639,No
C9468,2,626,Yes
C9469,3,597,Yes
C9470,4,658,Yes
C9471,2,624,No
C9472,4,653,Yes
C9473,2,679,No
C9474,4,557,No
C9475,3,526,Yes
C9476,4,610,No
C9477,4,663,Yes
C9478,3,638,Yes
C9479,2,653,Yes
C9480,3,624,Yes
C9481,3,579,Yes
C9482,2,628,Yes
C9483,3,566,Yes
C9484,3,609,No
C9485,3,573,Yes
C9486,4,576,No
C9487,4,577,Yes
C9488,3,624,Yes
C9489,4,669,Yes
C9490,3,569,Yes
C9491,2,626,No
C9492,3,657,No
C9493,2,640,Yes
C9494,4,576,Yes
C9495,3,596,Yes
C9496,3,646,No
C9497,3,603,Yes
C9498,3,607,Yes
C9499,4,666,No
C9500,4,634,No
C9501,3,603,No
C9502,2,624,No
C9503,3,704,Yes
C9504,3,607,No
C9505,3,678,Yes
C9506,2,621,No
C9507,3,621,Yes
C9508,4,660,No
C9509,2,607,No
C9510,3,535,Yes
C9511,3,541,Yes
C9512,4,652,Yes
C9513,2,701,No
C9514,4,619,No
C9515,3,552,No
C9516,4,587,Yes
C9517,3,660,Yes
C9518,4,660,Yes
C9519,2,643,Yes
C9520,3,604,No
C9521,4,605,Yes
C9522,3,519,Yes
C9523,3,688,Yes
C9524,4,701,Yes
C9525,2,676,No
C9526,3,520,Yes
C9527,4,687,No
C9528,2,611,No
C9529,3,666,No
C9530,3,619,No
C9531,4,648,Yes
C9532,3,646,Yes
C9533,4,622,Yes
C9534,4,623,Yes
C9535,3,605,Yes
C9536,4,690,Yes
C9537,3,647,Yes
C9538,3,658,Yes
C9539,4,623,Yes
C9540,4,713,No
C9541,3,675,Yes
C9542,3,652,No
C9543,3,599,Yes
C9544,4,611,No
C9545,2,667,No
C9546,3,632,No
C9547,2,610,No
C9548,2,670,No
C9549,2,621,No
C9550,2,612,Yes
C9551,3,682,No
C9552,4,688,Yes
C9553,4,545,No
C9554,2,674,No
C9555,2,497,Yes
C9556,2,520,Yes
C9557,3,615,Yes
C9558,2,661,Yes
C9559,2,534,Yes
C9560,2,672,Yes
C9561,3,662,No
C9562,2,587,Yes
C9563,3,574,Yes
C9564,3,601,Yes
C9565,3,655,Yes
C9566,3,613,Yes
C9567,4,693,Yes
C9568,3,637,No
C9569,2,571,Yes
C9570,3,604,Yes
C9571,4,714,Yes
C9572,2,606,Yes
C9573,4,602,Yes
C9574,2,545,Yes
C9575,3,607,Yes
C9576,3,651,Yes
C9577,3,669,Yes
C9578,4,514,No
C9579,4,623,Yes
C9580,3,674,No
C9581,2,654,Yes
C9582,3,586,Yes
C9583,3,589,Yes
C9584,2,664,No
C9585,4,647,No
C9586,2,628,Yes
C9587,4,681,No
C9588,2,559,Yes
C9589,4,647,Yes
C9590,4,678,No
C9591,3,590,No
C9592,4,528,Yes
C9593,4,651,No
C9594,2,667,Yes
C9595,4,590,No
C9596,4,689,Yes
C9597,2,591,No
C9598,4,695,No
C9599,2,553,Yes
C9600,3,572,Yes
C9601,3,496,Yes
C9602,3,651,No
C9603,2,617,No
C9604,4,649,No
C9605,3,677,Yes
C9606,4,621,No
C9607,4,639,Yes
C9608,4,642,Yes
C9609,3,666,No
C9610,2,580,Yes
C9611,3,640,Yes
C9612,2,722,Yes
C9613,2,657,Yes
C9614,4,663,No
C9615,2,650,Yes
C9616,4,587,No
C9617,4,649,Yes
C9618,4,627,Yes
C9619,3,652,No
C9620,4,435,Yes
C9621,2,554,No
C9622,3,599,No
C9623,4,655,Yes
C9624,4,690,No
C9625,2,637,No
C9626,4,664,Yes
C9627,4,678,Yes
C9628,3,678,Yes
C9629,3,526,Yes
C9630,2,668,No
C9631,4,685,No
C9632,2,618,No
C9633,4,636,Yes
C9634,3,574,Yes
C9635,4,547,Yes
C9636,2,590,Yes
C9637,4,618,Yes
C9638,3,676,No
C9639,2,574,No
C9640,4,631,No
C9641,4,630,Yes
C9642,4,574,Yes
C9643,2,516,Yes
C9644,3,707,No
C9645,4,582,No
C9646,3,650,No
C9647,3,611,No
C9648,3,548,Yes
C9649,3,625,No
C9650,2,699,Yes
C9651,4,684,Yes
C9652,3,649,Yes
C9653,3,623,No
C9654,4,628,Yes
C9655,2,500,Yes
C9656,3,623,Yes
C9657,4,649,No
C9658,4,652,Yes
C9659,3,685,Yes
C9660,3,677,No
C9661,2,691,Yes
C9662,2,666,Yes
C9663,3,603,Yes
C9664,4,633,Yes
C9665,2,657,Yes
C9666,4,676,Yes
C9667,2,619,No
C9668,4,670,Yes
C9669,3,640,Yes
C9670,3,614,Yes
C9671,4,641,Yes
C9672,2,678,No
C9673,4,635,No
C9674,3,680,No
C9675,2,664,Yes
C9676,3,650,Yes
C9677,4,523,Yes
C9678,3,560,Yes
C9679,2,663,No
C9680,3,656,Yes
C9681,2,652,Yes
C9682,4,620,No
C9683,2,660,Yes
C9684,2,628,No
C9685,4,640,Yes
C9686,4,667,Yes
C9687,3,678,Yes
C9688,2,667,Yes
C9689,2,627,No
C9690,3,610,Yes
C9691,2,643,Yes
C9692,4,633,Yes
C9693,2,646,No
C9694,3,658,Yes
C9695,4,558,Yes
C9696,4,701,Yes
C9697,3,536,Yes
C9698,2,679,No
C9699,4,583,No
C9700,3,655,No
C9701,2,625,Yes
C9702,4,612,Yes
C9703,2,600,No
C9704,2,703,No
C9705,3,678,No
C9706,3,644,No
C9707,2,501,Yes
C9708,2,580,No
C9709,2,637,No
C9710,3,647,Yes
C9711,2,589,No
C9712,2,616,No
C9713,3,615,Yes
C9714,4,570,Yes
C9715,2,673,Yes
C9716,2,576,No
C9717,4,681,No
C9718,3,593,Yes
C9719,2,698,No
C9720,4,614,Yes
C9721,3,691,Yes
C9722,4,648,Yes
C9723,3,620,Yes
C9724,4,628,No
C9725,4,656,No
C9726,2,552,Yes
C9727,4,643,No
C9728,2,658,No
C9729,3,561,Yes
C9730,2,663,Yes
C9731,2,616,Yes
C9732,2,649,Yes
C9733,4,613,Yes
C9734,4,670,Yes
C9735,3,699,No
C9736,2,676,No
C9737,2,615,No
C9738,2,625,Yes
C9739,3,639,No
C9740,2,507,Yes
C9741,3,641,Yes
C9742,2,635,No
C9743,4,608,Yes
C9744,4,561,Yes
C9745,3,590,Yes
C9746,3,699,Yes
C9747,2,645,Yes
C9748,2,567,Yes
C9749,4,598,No
C9750,3,689,Yes
C9751,4,654,Yes
C9752,3,497,Yes
C9753,2,623,Yes
C9754,4,603,Yes
C9755,4,661,Yes
C9756,3,657,No
C9757,2,532,Yes
C9758,3,590,Yes
C9759,3,625,Yes
C9760,3,642,No
C9761,3,534,Yes
C9762,4,590,No
C9763,4,592,No
C9764,2,595,No
C9765,2,549,No
C9766,4,629,No
C9767,3,659,Yes
C9768,2,536,No
C9769,4,600,No
C9770,4,672,Yes
C9771,2,602,No
C9772,4,520,No
C9773,2,611,Yes
C9774,3,639,No
C9775,4,600,No
C9776,4,514,Yes
C9777,4,577,No
C9778,4,672,No
C9779,3,626,No
C9780,4,604,No
C9781,3,595,No
C9782,2,709,No
C9783,4,691,No
C9784,4,672,No
C9785,3,641,No
C9786,2,625,No
C9787,2,678,No
C9788,2,679,No
C9789,3,622,Yes
C9790,2,520,Yes
C9791,4,687,No
C9792,4,533,No
C9793,4,631,Yes
C9794,4,710,Yes
C9795,2,635,Yes
C9796,2,572,No
C9797,2,694,No
C9798,4,692,No
C9799,4,591,Yes
C9800,2,687,No
C9801,3,538,No
C9802,4,633,Yes
C9803,3,604,Yes
C9804,2,652,Yes
C9805,4,652,No
C9806,4,609,No
C9807,4,701,No
C9808,4,592,No
C9809,3,633,Yes
C9810,2,680,No
C9811,2,720,No
C9812,2,640,Yes
C9813,2,606,Yes
C9814,3,637,No
C9815,4,674,Yes
C9816,2,579,No
C9817,2,591,Yes
C9818,2,575,Yes
C9819,3,652,Yes
C9820,3,645,Yes
C9821,2,652,Yes
C9822,4,618,Yes
C9823,2,701,No
C9824,2,478,Yes
C9825,3,530,No
C9826,3,628,Yes
C9827,4,657,Yes
C9828,2,656,No
C9829,3,584,Yes
C9830,2,699,No
C9831,4,670,No
C9832,4,608,No
C9833,4,605,Yes
C9834,4,679,No
C9835,2,635,Yes
C9836,3,673,No
C9837,2,551,Yes
C9838,3,700,Yes
C9839,4,676,Yes
C9840,4,591,Yes
C9841,4,694,Yes
C9842,4,606,No
C9843,2,612,Yes
C9844,3,608,Yes
C9845,2,614,Yes
C9846,2,634,No
C9847,4,656,No
C9848,3,573,No
C9849,2,591,No
C9850,2,600,Yes
C9851,4,707,Yes
C9852,4,598,Yes
C9853,3,569,Yes
C9854,3,569,Yes
C9855,2,591,Yes
C9856,4,720,No
C9857,2,652,No
C9858,2,671,No
C9859,2,635,No
C9860,2,673,No
C9861,3,618,No
C9862,3,672,Yes
C9863,2,615,No
C9864,2,634,Yes
C9865,4,574,No
C9866,2,630,No
C9867,2,525,No
C9868,3,608,Yes
C9869,4,661,No
C9870,2,641,Yes
C9871,3,646,Yes
C9872,4,712,Yes
C9873,4,649,Yes
C9874,2,576,No
C9875,2,558,Yes
C9876,4,645,No
C9877,2,620,Yes
C9878,3,584,No
C9879,4,727,Yes
C9880,4,630,Yes
C9881,4,659,No
C9882,3,657,No
C9883,4,594,No
C9884,2,688,No
C9885,3,628,Yes
C9886,3,512,Yes
C9887,4,523,Yes
C9888,2,632,Yes
C9889,2,653,No
C9890,3,596,No
C9891,3,591,Yes
C9892,3,659,Yes
C9893,3,654,No
C9894,4,624,Yes
C9895,4,712,Yes
C9896,2,633,Yes
C9897,4,551,Yes
C9898,2,653,No
C9899,2,703,No
C9900,4,598,Yes
C9901,4,642,Yes
C9902,4,613,No
C9903,4,650,Yes
C9904,2,603,No
C9905,3,528,No
C9906,3,662,Yes
C9907,3,625,Yes
C9908,3,681,Yes
C9909,3,595,No
C9910,3,621,No
C9911,3,564,No
C9912,4,647,Yes
C9913,3,501,Yes
C9914,4,625,Yes
C9915,4,605,Yes
C9916,2,652,Yes
C9917,4,626,Yes
C9918,2,655,No
C9919,3,626,Yes
C9920,2,658,No
C9921,4,586,No
C9922,3,558,Yes
C9923,3,675,No
C9924,4,703,No
C9925,2,640,Yes
C9926,3,614,Yes
C9927,2,598,Yes
C9928,4,692,No
C9929,4,579,No
C9930,3,540,Yes
C9931,2,554,Yes
C9932,3,611,No
C9933,2,651,Yes
C9934,2,680,Yes
C9935,3,624,Yes
C9936,2,575,Yes
C9937,3,687,No
C9938,4,573,No
C9939,3,641,No
C9940,2,566,No
C9941,4,677,Yes
C9942,4,653,Yes
C9943,4,669,Yes
C9944,2,648,No
C9945,2,671,No
C9946,3,631,Yes
C9947,3,599,Yes
C9948,3,617,Yes
C9949,3,611,Yes
C9950,2,594,No
C9951,2,591,Yes
C9952,4,650,Yes
C9953,3,587,No
C9954,3,532,Yes
C9955,2,672,Yes
C9956,4,653,Yes
C9957,3,598,Yes
C9958,4,607,Yes
C9959,3,683,Yes
C9960,2,688,Yes
C9961,3,643,No
C9962,3,635,Yes
C9963,4,670,No
C9964,4,657,Yes
C9965,3,549,No
C9966,3,631,Yes
C9967,4,631,No
C9968,4,697,Yes
C9969,3,683,Yes
C9970,2,630,Yes
C9971,2,661,No
C9972,3,609,Yes
C9973,2,604,Yes
C9974,3,689,No
C9975,2,669,Yes
C9976,2,612,Yes
C9977,4,583,Yes
C9978,3,668,Yes
C9979,2,672,Yes
C9980,2,644,No
C9981,2,652,Yes
C9982,4,642,Yes
C9983,4,585,No
C9984,2,593,Yes
C9985,4,583,Yes
C9986,2,644,No
C9987,4,641,Yes
C9988,3,681,Yes
C9989,3,613,No
C9990,3,564,No
C9991,3,699,Yes
C9992,2,615,No
C9993,4,582,Yes
C9994,4,571,Yes
C9995,2,463,Yes
C9996,3,704,No
C9997,3,629,No
C9998,3,651,No
C9999,3,590,Yes
C10000,2,541,Yes
C10001,3,646,No
C10002,3,681,Yes
C10003,3,625,No
C10004,4,624,No
C10005,3,683,No
C10006,4,576,No
C10007,4,510,Yes
C10008,3,707,No
C10009,4,504,Yes
C10010,3,650,No
C10011,2,649,No
C10012,4,682,No
C10013,3,671,No
C10014,3,545,No
C10015,4,677,Yes
C10016,4,624,No
C10017,3,659,Yes
C10018,3,651,No
C10019,4,659,No
C10020,4,595,Yes
C10021,4,724,No
C10022,2,588,Yes
C10023,3,648,No
C10024,4,674,Yes
C10025,4,636,Yes
C10026,3,486,Yes
C10027,4,587,No
C10028,3,574,No
C10029,3,645,No
C10030,3,611,No
C10031,2,609,Yes
C10032,4,591,Yes
C10033,4,559,No
C10034,4,662,No
C10035,4,655,Yes
C10036,2,630,No
C10037,4,555,Yes
C10038,3,654,Yes
C10039,3,709,No
C10040,2,609,Yes
C10041,2,647,No
C10042,4,631,Yes
C10043,2,612,Yes
C10044,3,622,Yes
C10045,4,583,No
C10046,3,543,Yes
C10047,3,682,Yes
C10048,2,624,Yes
C10049,3,628,Yes
C10050,3,616,Yes
C10051,3,676,Yes
C10052,4,696,No
C10053,2,541,No
C10054,4,655,No
C10055,2,625,No
C10056,2,628,No
C10057,3,690,No
C10058,3,673,Yes
C10059,2,614,Yes
C10060,3,658,No
C10061,4,638,Yes
C10062,2,691,Yes
C10063,3,662,Yes
C10064,4,676,No
C10065,2,646,Yes
C10066,4,605,Yes
C10067,4,647,No
C10068,4,643,Yes
C10069,2,547,No
C10070,2,593,Yes
C10071,2,651,No
C10072,4,534,Yes
C10073,3,534,No
C10074,4,584,No
C10075,3,659,No
C10076,4,643,Yes
C10077,4,622,No
C10078,4,658,Yes
C10079,3,652,Yes
C10080,4,658,No
C10081,3,656,No
C10082,3,593,No
C10083,4,504,No
C10084,2,680,No
C10085,3,711,No
C10086,4,655,No
C10087,2,581,No
C10088,3,578,Yes
C10089,3,685,No
C10090,2,655,No
C10091,3,529,No
C10092,2,531,Yes
C10093,2,642,Yes
C10094,2,667,Yes
C10095,3,644,Yes
C10096,3,660,Yes
C10097,4,640,No
C10098,4,591,Yes
C10099,4,606,Yes
C10100,4,603,Yes
C10101,2,668,No
C10102,4,632,Yes
C10103,4,620,No
C10104,2,504,No
C10105,2,566,Yes
C10106,3,561,Yes
C10107,2,577,Yes
C10108,2,605,Yes
C10109,2,577,Yes
C10110,4,642,Yes
C10111,3,674,No
C10112,4,645,No
C10113,4,593,Yes
C10114,3,657,No
C10115,4,677,Yes
C10116,4,574,Yes
C10117,2,608,No
C10118,3,609,No
C10119,2,675,Yes
C10120,3,658,No
C10121,4,666,No
C10122,3,685,No
C10123,3,648,No
C10124,4,636,No
C10125,3,689,Yes
C10126,3,632,Yes
C10127,4,641,No
C10128,4,602,No
C10129,4,642,No
C10130,3,579,Yes
C10131,2,589,No
C10132,2,671,No
C10133,4,584,No
C10134,4,671,No
C10135,4,645,No
C10136,4,561,No
C10137,2,658,No
C10138,2,646,Yes
C10139,4,636,Yes
C10140,4,563,Yes
C10141,2,643,No
C10142,4,535,Yes
C10143,3,673,No
C10144,3,624,Yes
C10145,3,635,Yes
C10146,4,645,No
C10147,2,603,No
C10148,2,626,Yes
C10149,2,520,Yes
C10150,4,649,No
C10151,3,547,Yes
C10152,4,539,Yes
C10153,3,644,No
C10154,2,626,No
C10155,2,702,Yes
C10156,3,606,Yes
C10157,4,644,Yes
C10158,2,592,No
C10159,4,592,No
C10160,4,584,No
C10161,2,593,Yes
C10162,4,643,Yes
C10163,3,674,No
C10164,2,672,No
C10165,4,605,Yes
C10166,3,659,Yes
C10167,3,603,No
C10168,3,676,Yes
C10169,4,701,No
C10170,4,603,Yes
C10171,2,685,No
C10172,4,594,Yes
C10173,4,695,Yes
C10174,2,587,Yes
C10175,4,624,Yes
C10176,3,677,Yes
C10177,3,614,No
C10178,4,621,No
C10179,4,583,No
C10180,4,582,Yes
C10181,4,579,No
C10182,2,643,Yes
C10183,2,639,Yes
C10184,4,618,No
C10185,2,566,Yes
C10186,2,670,Yes
C10187,4,634,No
C10188,2,554,No
C10189,3,532,Yes
C10190,2,702,No
C10191,3,654,No
C10192,2,597,No
C10193,3,640,Yes
C10194,4,699,No
C10195,2,678,No
C10196,3,650,Yes
C10197,2,679,Yes
C10198,3,535,Yes
C10199,4,626,No
C10200,3,653,Yes
C10201,2,721,Yes
C10202,3,655,No
C10203,3,702,No
C10204,4,641,No
C10205,3,609,Yes
C10206,2,656,Yes
C10207,2,563,No
C10208,4,646,Yes
C10209,3,618,No
C10210,3,596,Yes
C10211,2,683,No
C10212,2,713,Yes
C10213,4,662,No
C10214,4,639,Yes
C10215,4,607,Yes
C10216,3,651,No
C10217,4,662,Yes
C10218,2,609,No
C10219,4,523,Yes
C10220,4,636,Yes
C10221,3,662,No
C10222,2,637,Yes
C10223,2,584,No
C10224,4,682,No
C10225,2,630,No
C10226,2,685,No
C10227,2,580,No
C10228,4,628,Yes
C10229,2,708,No
C10230,4,641,Yes
C10231,3,605,Yes
C10232,4,465,Yes
C10233,2,683,No
C10234,3,674,No
C10235,2,635,Yes
C10236,2,724,Yes
C10237,2,564,Yes
C10238,2,652,No
C10239,2,697,No
C10240,4,629,Yes
C10241,3,569,Yes
C10242,3,602,No
C10243,2,659,No
C10244,2,639,No
C10245,2,627,Yes
C10246,4,654,Yes
C10247,3,531,Yes
C10248,3,694,No
C10249,4,612,No
C10250,3,603,No
C10251,4,663,No
C10252,2,623,Yes
C10253,2,624,No
C10254,2,651,No
C10255,3,696,Yes
C10256,3,613,No
C10257,2,668,No
C10258,4,673,No
C10259,4,692,No
C10260,2,705,Yes
C10261,4,648,No
C10262,3,669,Yes
C10263,4,614,Yes
C10264,4,607,Yes
C10265,2,607,Yes
C10266,2,661,Yes
C10267,3,587,Yes
C10268,3,528,No
C10269,4,674,Yes
C10270,3,654,Yes
C10271,3,658,Yes
C10272,3,649,Yes
C10273,4,671,Yes
C10274,2,723,No
C10275,4,622,Yes
C10276,3,635,Yes
C10277,2,648,No
C10278,4,636,Yes
C10279,4,611,No
C10280,4,642,No
C10281,4,531,Yes
C10282,4,639,Yes
C10283,2,653,No
C10284,4,671,No
C10285,4,632,Yes
C10286,3,664,No
C10287,2,630,Yes
C10288,2,611,Yes
C10289,2,591,No
C10290,4,660,No
C10291,4,633,No
C10292,2,623,No
C10293,3,662,No
C10294,3,609,Yes
C10295,3,666,Yes
C10296,2,691,Yes
C10297,4,608,No
C10298,4,677,Yes
C10299,4,587,Yes
C10300,4,638,No
C10301,2,605,Yes
C10302,2,608,Yes
C10303,3,588,No
C10304,4,707,No
C10305,4,630,Yes
C10306,2,648,No
C10307,3,575,Yes
C10308,3,620,Yes
C10309,2,642,No
C10310,3,692,Yes
C10311,4,553,Yes
C10312,2,489,No
C10313,4,667,Yes
C10314,4,527,Yes
C10315,4,621,Yes
C10316,3,644,No
C10317,4,655,No
C10318,4,686,Yes
C10319,3,613,No
C10320,2,615,Yes
C10321,4,680,No
C10322,3,639,Yes
C10323,3,483,Yes
C10324,4,722,No
C10325,4,559,Yes
C10326,3,551,No
C10327,2,573,Yes
C10328,4,661,No
C10329,3,656,Yes
C10330,3,631,No
C10331,4,663,Yes
C10332,3,665,Yes
C10333,2,560,No
C10334,4,623,No
C10335,4,439,No
C10336,2,654,No
C10337,2,664,No
C10338,4,702,No
C10339,2,633,No
C10340,4,676,No
C10341,3,664,No
C10342,3,707,No
C10343,2,564,Yes
C10344,3,682,Yes
C10345,4,624,Yes
C10346,4,649,No
C10347,4,628,No
C10348,3,551,Yes
C10349,3,628,No
C10350,4,512,No
C10351,2,603,No
C10352,2,599,Yes
C10353,4,656,Yes
C10354,2,638,Yes
C10355,2,660,No
C10356,3,633,Yes
C10357,4,668,No
C10358,2,620,No
C10359,4,502,No
C10360,4,661,No
C10361,2,646,No
C10362,2,662,No
C10363,4,621,No
C10364,3,662,Yes
C10365,2,603,Yes
C10366,2,628,Yes
C10367,3,503,Yes
C10368,2,680,No
C10369,2,584,No
C10370,4,704,No
C10371,3,633,No
C10372,2,593,No
C10373,2,534,No
C10374,2,628,Yes
C10375,3,656,Yes
C10376,4,597,No
C10377,4,647,No
C10378,3,593,Yes
C10379,4,560,No
C10380,4,563,No
C10381,2,619,Yes
C10382,3,589,Yes
C10383,2,659,No
C10384,3,672,No
C10385,3,631,Yes
C10386,4,609,No
C10387,2,645,No
C10388,3,603,No
C10389,3,583,No
C10390,4,663,Yes
C10391,2,641,No
C10392,4,566,Yes
C10393,2,608,No
C10394,2,654,Yes
C10395,4,690,Yes
C10396,2,553,Yes
C10397,2,683,No
C10398,2,664,No
C10399,4,613,No
C10400,2,728,No
C10401,3,641,No
C10402,2,551,No
C10403,4,648,No
C10404,3,593,No
C10405,4,674,No
C10406,2,672,No
C10407,4,656,No
C10408,4,690,No
C10409,4,570,No
C10410,3,627,No
C10411,2,636,No
C10412,2,539,No
C10413,3,652,No
C10414,2,638,Yes
C10415,2,583,No
C10416,2,699,No
C10417,4,586,No
C10418,4,610,No
C10419,2,512,No
C10420,3,621,No
C10421,2,612,No
C10422,2,656,No
C10423,4,591,No
C10424,3,642,No
C10425,2,540,No
C10426,3,548,No
C10427,3,587,No
C10428,3,556,Yes
C10429,3,650,No
C10430,2,608,No
C10431,3,668,No
C10432,4,645,Yes
C10433,2,681,No
C10434,4,624,No
C10435,3,581,No
C10436,4,509,No
C10437,4,614,No
C10438,4,562,No
C10439,2,689,No
C10440,3,628,Yes
C10441,3,643,No
C10442,4,608,No
C10443,4,621,Yes
C10444,4,628,No
C10445,2,685,No
C10446,4,606,No
C10447,3,695,No
C10448,2,616,No
C10449,4,634,No
C10450,2,691,No
C10451,2,498,No
C10452,4,620,Yes
C10453,4,563,Yes
C10454,3,610,No
C10455,4,641,Yes
C10456,3,700,No
C10457,4,639,No
C10458,4,588,No
C10459,4,657,Yes
C10460,2,636,No
C10461,4,576,Yes
C10462,2,692,No
C10463,2,618,No
C10464,3,652,Yes
C10465,3,596,No
C10466,2,630,No
C10467,3,589,Yes
C10468,3,599,No
C10469,3,681,Yes
C10470,2,692,Yes
C10471,2,718,No
C10472,3,650,No
C10473,2,699,Yes
C10474,3,708,No
C10475,4,597,No
C10476,3,656,No
C10477,2,577,Yes
C10478,2,653,No
C10479,2,631,No
C10480,4,639,Yes
C10481,2,651,No
C10482,3,607,No
C10483,4,569,No
C10484,3,663,Yes
C10485,2,612,Yes
C10486,2,492,Yes
C10487,4,698,No
C10488,2,627,No
C10489,4,596,No
C10490,4,696,No
C10491,2,554,No
C10492,2,595,No
C10493,3,645,Yes
C10494,4,635,No
C10495,3,646,No
C10496,2,598,No
C10497,4,621,Yes
C10498,2,623,No
C10499,2,582,No
C10500,4,676,No
C10501,4,702,Yes
C10502,4,655,Yes
C10503,2,592,No
C10504,4,676,No
C10505,2,655,No
C10506,4,656,No
C10507,2,607,No
C10508,3,604,No
C10509,4,577,No
C10510,4,671,Yes
C10511,4,575,Yes
C10512,3,595,No
C10513,3,695,No
C10514,4,652,No
C10515,2,573,Yes
C10516,2,610,No
C10517,2,678,No
C10518,4,544,Yes
C10519,3,689,No
C10520,3,694,No
C10521,4,658,No
C10522,3,584,No
C10523,3,662,No
C10524,4,686,No
C10525,4,626,Yes
C10526,2,635,No
C10527,3,671,No
C10528,3,713,No
C10529,3,561,No
C10530,4,622,No
C10531,2,657,No
C10532,3,661,Yes
C10533,2,590,No
C10534,4,716,No
C10535,3,509,No
C10536,3,504,No
C10537,4,642,Yes
C10538,4,626,Yes
C10539,4,563,Yes
C10540,3,618,Yes
C10541,3,676,No
C10542,4,631,No
C10543,3,626,No
C10544,4,539,No
C10545,2,555,Yes
C10546,4,607,Yes
C10547,3,689,Yes
C10548,4,646,No
C10549,4,601,Yes
C10550,4,652,Yes
C10551,3,697,No
C10552,3,674,Yes
C10553,2,644,Yes
C10554,4,712,Yes
C10555,3,654,Yes
C10556,4,627,Yes
C10557,4,656,No
C10558,3,516,Yes
C10559,4,600,Yes
C10560,4,611,No
C10561,3,628,Yes
C10562,2,656,No
C10563,2,690,No
C10564,4,639,No
C10565,4,674,No
C10566,2,662,Yes
C10567,2,646,Yes
C10568,4,614,No
C10569,2,634,Yes
C10570,4,695,Yes
C10571,2,645,Yes
C10572,2,647,No
C10573,2,639,Yes
C10574,2,580,Yes
C10575,4,669,No
C10576,3,661,Yes
C10577,2,568,Yes
C10578,3,677,No
C10579,4,682,No
C10580,2,576,Yes
C10581,3,556,Yes
C10582,3,609,Yes
C10583,3,506,Yes
C10584,4,642,No
C10585,4,657,Yes
C10586,2,605,Yes
C10587,4,636,Yes
C10588,2,492,Yes
C10589,2,672,Yes
C10590,4,694,Yes
C10591,2,534,Yes
C10592,2,601,Yes
C10593,3,652,Yes
C10594,4,611,No
C10595,3,576,Yes
C10596,3,666,No
C10597,4,677,No
C10598,2,551,Yes
C10599,2,637,Yes
C10600,4,656,No
C10601,2,507,Yes
C10602,3,634,Yes
C10603,3,630,Yes
C10604,2,662,Yes
C10605,3,606,Yes
C10606,2,621,Yes
C10607,4,635,Yes
C10608,2,631,Yes
C10609,3,545,Yes
C10610,3,658,Yes
C10611,2,650,Yes
C10612,4,544,Yes
C10613,3,566,Yes
C10614,4,661,Yes
C10615,3,612,Yes
C10616,3,646,Yes
C10617,2,549,Yes
C10618,4,548,Yes
C10619,3,659,Yes
C10620,2,656,Yes
C10621,2,517,Yes
C10622,2,644,No
C10623,4,616,Yes
C10624,4,537,No
C10625,2,699,Yes
C10626,3,655,No
C10627,2,694,Yes
C10628,4,686,No
C10629,3,494,Yes
C10630,4,618,Yes
C10631,2,640,No
C10632,3,666,No
C10633,3,544,No
C10634,4,615,No
C10635,4,668,Yes
C10636,4,613,Yes
C10637,3,654,Yes
C10638,4,613,Yes
C10639,3,591,No
C10640,3,637,No
C10641,4,609,No
C10642,2,643,Yes
C10643,4,556,No
C10644,2,650,Yes
C10645,2,644,Yes
C10646,2,611,No
C10647,3,609,Yes
C10648,2,640,No
C10649,4,606,Yes
C10650,3,650,No
C10651,2,599,No
C10652,4,608,No
C10653,2,674,Yes
C10654,4,613,Yes
C10655,2,607,Yes
C10656,4,645,No
C10657,3,716,No
C10658,2,575,Yes
C10659,2,618,No
C10660,2,664,Yes
C10661,4,651,No
C10662,3,665,No
C10663,4,611,Yes
C10664,4,558,Yes
C10665,4,587,Yes
C10666,3,692,No
C10667,3,679,Yes
C10668,4,612,No
C10669,3,643,No
C10670,2,623,No
C10671,3,657,Yes
C10672,4,621,No
C10673,2,564,No
C10674,2,624,Yes
C10675,4,587,Yes
C10676,4,573,Yes
C10677,2,581,Yes
C10678,2,572,Yes
C10679,3,667,Yes
C10680,4,625,Yes
C10681,4,565,Yes
C10682,3,605,Yes
C10683,2,659,No
C10684,2,657,No
C10685,3,644,No
C10686,4,614,Yes
C10687,4,606,Yes
C10688,3,683,Yes
C10689,4,680,Yes
C10690,4,536,Yes
C10691,2,643,Yes
C10692,3,645,No
C10693,4,672,No
C10694,3,614,No
C10695,4,535,No
C10696,3,614,No
C10697,4,702,Yes
C10698,3,602,Yes
C10699,2,654,No
C10700,4,660,No
C10701,2,682,Yes
C10702,3,667,Yes
C10703,3,631,Yes
C10704,2,662,Yes
C10705,2,585,Yes
C10706,2,636,Yes
C10707,3,567,No
C10708,2,486,Yes
C10709,3,671,No
C10710,4,665,No
C10711,2,687,No
C10712,3,579,No
C10713,3,697,No
C10714,4,599,No
C10715,2,667,Yes
C10716,2,612,Yes
C10717,2,537,Yes
C10718,2,545,Yes
C10719,2,608,No
C10720,2,531,No
C10721,4,659,Yes
C10722,4,625,Yes
C10723,2,633,Yes
C10724,2,627,No
C10725,2,535,Yes
C10726,4,515,Yes
C10727,3,645,No
C10728,4,466,Yes
C10729,4,666,Yes
C10730,4,572,Yes
C10731,2,634,No
C10732,2,648,No
C10733,3,689,No
C10734,3,624,No
C10735,4,609,Yes
C10736,2,633,Yes
C10737,3,597,No
C10738,4,587,Yes
C10739,2,649,No
C10740,3,634,Yes
C10741,2,662,No
C10742,3,670,No
C10743,4,631,No
C10744,4,512,Yes
C10745,3,636,No
C10746,4,621,No
C10747,3,672,Yes
C10748,3,645,No
C10749,3,555,Yes
C10750,2,659,No
C10751,3,634,No
C10752,4,668,No
C10753,3,630,Yes
C10754,4,691,Yes
C10755,3,620,No
C10756,2,640,Yes
C10757,2,636,Yes
C10758,2,694,No
C10759,4,623,Yes
C10760,4,652,No
C10761,2,606,Yes
C10762,4,605,Yes
C10763,4,522,Yes
C10764,4,669,No
C10765,3,595,Yes
C10766,2,694,Yes
C10767,2,616,Yes
C10768,2,660,No
C10769,4,594,No
C10770,4,570,Yes
C10771,3,643,No
C10772,3,668,No
C10773,3,663,Yes
C10774,2,681,No
C10775,4,638,No
C10776,3,559,No
C10777,2,690,No
C10778,2,650,No
C10779,3,679,Yes
C10780,2,617,No
C10781,4,608,No
C10782,2,592,Yes
C10783,4,521,Yes
C10784,4,538,Yes
C10785,3,653,No
C10786,2,709,Yes
C10787,4,616,No
C10788,4,573,No
C10789,4,630,Yes
C10790,4,549,Yes
C10791,2,556,Yes
C10792,4,591,Yes
C10793,4,597,Yes
C10794,4,684,Yes
C10795,2,692,No
C10796,2,532,No
C10797,2,584,No
C10798,2,673,Yes
C10799,3,559,Yes
C10800,2,600,Yes
C10801,4,602,Yes
C10802,2,590,No
C10803,4,617,No
C10804,4,476,Yes
C10805,2,605,No
C10806,2,629,No
C10807,3,659,Yes
C10808,3,648,Yes
C10809,4,598,No
C10810,2,654,Yes
C10811,4,564,Yes
C10812,4,701,No
C10813,2,659,No
C10814,4,596,Yes
C10815,3,689,No
C10816,2,671,Yes
C10817,4,693,No
C10818,3,614,Yes
C10819,2,648,No
C10820,2,615,No
C10821,4,610,No
C10822,2,587,No
C10823,3,611,Yes
C10824,3,642,Yes
C10825,2,634,Yes
C10826,3,633,Yes
C10827,4,647,Yes
C10828,2,689,Yes
C10829,4,657,Yes
C10830,2,704,No
C10831,4,649,Yes
C10832,2,590,Yes
C10833,3,558,Yes
C10834,2,688,No
C10835,3,627,Yes
C10836,3,651,Yes
C10837,3,619,Yes
C10838,3,595,Yes
C10839,4,630,No
C10840,2,530,Yes
C10841,2,564,Yes
C10842,2,689,No
C10843,3,634,No
C10844,4,673,No
C10845,3,601,Yes
C10846,2,711,Yes
C10847,2,603,Yes
C10848,2,668,No
C10849,3,666,Yes
C10850,4,608,No
C10851,4,688,No
C10852,4,665,Yes
C10853,4,642,No
C10854,3,533,Yes
C10855,2,601,Yes
C10856,4,653,No
C10857,2,572,No
C10858,4,658,Yes
C10859,2,683,No
C10860,3,540,Yes
C10861,4,572,No
C10862,3,668,Yes
C10863,4,705,No
C10864,4,691,Yes
C10865,4,607,Yes
C10866,3,631,Yes
C10867,2,626,Yes
C10868,3,652,No
C10869,4,720,Yes
C10870,4,571,Yes
C10871,3,557,Yes
C10872,3,547,Yes
C10873,3,621,Yes
C10874,3,706,No
C10875,3,657,No
C10876,4,574,Yes
C10877,3,659,Yes
C10878,2,678,No
C10879,3,653,Yes
C10880,4,619,Yes
C10881,3,536,Yes
C10882,2,578,Yes
C10883,4,689,Yes
C10884,2,619,No
C10885,2,542,Yes
C10886,2,651,Yes
C10887,3,693,No
C10888,3,613,Yes
C10889,4,680,No
C10890,3,638,No
C10891,2,670,No
C10892,2,704,No
C10893,4,703,Yes
C10894,2,481,No
C10895,4,646,Yes
C10896,4,610,Yes
C10897,2,630,No
C10898,4,608,Yes
C10899,2,625,Yes
C10900,2,593,Yes
C10901,2,573,No
C10902,2,671,Yes
C10903,3,631,Yes
C10904,2,562,Yes
C10905,4,684,Yes
C10906,4,650,No
C10907,3,651,Yes
C10908,3,664,Yes
C10909,3,559,Yes
C10910,3,569,No
C10911,2,631,No
C10912,3,626,No
C10913,3,582,No
C10914,4,691,No
C10915,4,630,No
C10916,4,583,Yes
C10917,4,691,No
C10918,2,552,Yes
C10919,2,599,Yes
C10920,3,632,Yes
C10921,3,648,No
C10922,4,623,No
C10923,3,691,Yes
C10924,4,631,No
C10925,2,529,Yes
C10926,2,525,Yes
C10927,4,687,Yes
C10928,4,651,No
C10929,2,682,Yes
C10930,4,494,Yes
C10931,2,711,Yes
C10932,2,622,Yes
C10933,2,583,Yes
C10934,4,627,Yes
C10935,4,611,Yes
C10936,2,694,No
C10937,2,631,No
C10938,4,642,Yes
C10939,2,653,Yes
C10940,4,595,No
C10941,4,618,No
C10942,3,609,No
C10943,3,707,No
C10944,3,641,Yes
C10945,4,628,No
C10946,2,579,No
C10947,4,639,Yes
C10948,4,667,Yes
C10949,3,696,Yes
C10950,4,671,Yes
C10951,4,632,Yes
C10952,2,635,No
C10953,3,520,Yes
C10954,3,706,No
C10955,4,595,Yes
C10956,3,648,Yes
C10957,3,655,Yes
C10958,3,672,Yes
C10959,4,520,No
C10960,4,547,Yes
C10961,2,620,Yes
C10962,2,517,No
C10963,3,642,No
C10964,3,530,No
C10965,2,684,Yes
C10966,3,440,No
C10967,2,523,Yes
C10968,3,637,Yes
C10969,2,622,No
C10970,2,715,No
C10971,3,652,No
C10972,4,638,Yes
C10973,2,637,No
C10974,4,676,No
C10975,3,648,No
C10976,4,690,No
C10977,3,614,Yes
C10978,4,667,No
C10979,4,619,Yes
C10980,2,560,Yes
C10981,2,621,Yes
C10982,3,622,Yes
C10983,2,650,Yes
C10984,2,630,Yes
C10985,4,669,No
C10986,4,589,Yes
C10987,2,633,No
C10988,4,510,No
C10989,4,623,No
C10990,2,692,No
C10991,4,588,Yes
C10992,4,673,No
C10993,3,692,Yes
C10994,3,656,Yes
C10995,4,656,No
C10996,3,691,No
C10997,3,609,Yes
C10998,4,666,Yes
C10999,4,598,Yes
C11000,2,634,No
C11001,4,682,No
C11002,4,709,Yes
C11003,3,519,Yes
C11004,4,666,No
C11005,2,548,No
C11006,4,677,No
C11007,3,639,Yes
C11008,3,639,Yes
C11009,4,606,No
C11010,2,666,No
C11011,2,657,No
C11012,3,703,Yes
C11013,3,667,No
C11014,4,662,Yes
C11015,2,596,Yes
C11016,3,633,Yes
C11017,4,670,No
C11018,2,715,No
C11019,4,624,Yes
C11020,3,656,Yes
C11021,2,567,Yes
C11022,2,655,Yes
C11023,2,490,Yes
C11024,2,666,No
C11025,2,688,No
C11026,3,625,Yes
C11027,2,567,No
C11028,2,662,Yes
C11029,3,623,Yes
C11030,3,679,Yes
C11031,2,726,Yes
C11032,2,705,Yes
C11033,4,685,No
C11034,3,568,Yes
C11035,3,617,Yes
C11036,4,583,Yes
C11037,2,656,No
C11038,4,578,No
C11039,2,682,No
C11040,4,671,No
C11041,3,686,No
C11042,3,610,Yes
C11043,4,595,No
C11044,3,600,No
C11045,4,638,No
C11046,4,586,No
C11047,3,645,Yes
C11048,3,629,Yes
C11049,2,623,Yes
C11050,4,589,Yes
C11051,2,635,Yes
C11052,3,632,Yes
C11053,3,661,No
C11054,4,505,No
C11055,4,668,Yes
C11056,3,691,No
C11057,3,664,No
C11058,4,619,Yes
C11059,2,678,No
C11060,3,543,Yes
C11061,3,652,Yes
C11062,3,668,No
C11063,2,722,Yes
C11064,2,559,Yes
C11065,3,690,No
C11066,2,686,No
C11067,2,608,Yes
C11068,4,527,Yes
C11069,2,596,Yes
C11070,3,648,No
C11071,3,556,Yes
C11072,3,602,Yes
C11073,3,659,No
C11074,3,666,No
C11075,2,572,No
C11076,3,618,Yes
C11077,3,679,No
C11078,3,545,Yes
C11079,2,583,Yes
C11080,3,616,No
C11081,2,616,No
C11082,3,634,No
C11083,2,636,No
C11084,3,668,Yes
C11085,4,506,Yes
C11086,4,602,No
C11087,4,668,No
C11088,2,598,Yes
C11089,4,548,Yes
C11090,3,703,No
C11091,3,621,Yes
C11092,4,685,No
C11093,3,653,Yes
C11094,4,597,No
C11095,3,701,Yes
C11096,4,689,Yes
C11097,3,671,Yes
C11098,3,682,Yes
C11099,3,568,Yes
C11100,4,619,Yes
C11101,4,647,No
C11102,2,680,No
C11103,2,622,No
C11104,3,603,No
C11105,3,563,No
C11106,4,654,No
C11107,3,562,No
C11108,4,557,Yes
C11109,4,695,No
C11110,4,584,No
C11111,4,603,No
C11112,2,649,Yes
C11113,2,656,No
C11114,2,662,Yes
C11115,3,643,Yes
C11116,2,607,Yes
C11117,3,678,No
C11118,4,670,No
C11119,3,591,Yes
C11120,3,709,Yes
C11121,3,672,No
C11122,2,562,No
C11123,2,679,No
C11124,4,618,Yes
C11125,3,680,No
C11126,2,651,No
C11127,2,682,No
C11128,3,671,Yes
C11129,3,545,Yes
C11130,3,644,Yes
C11131,3,675,No
C11132,3,542,Yes
C11133,2,661,No
C11134,3,702,Yes
C11135,3,603,Yes
C11136,4,663,Yes
C11137,4,651,Yes
C11138,4,517,Yes
C11139,3,706,Yes
C11140,2,664,No
C11141,4,607,No
C11142,2,578,Yes
C11143,2,540,Yes
C11144,3,534,Yes
C11145,4,582,Yes
C11146,2,642,No
C11147,4,700,Yes
C11148,3,703,Yes
C11149,2,585,No
C11150,2,663,Yes
C11151,4,699,Yes
C11152,4,663,No
C11153,2,681,Yes
C11154,3,593,No
C11155,2,660,Yes
C11156,4,662,Yes
C11157,4,564,No
C11158,4,685,Yes
C11159,3,631,Yes
C11160,2,663,No
C11161,3,655,Yes
C11162,3,635,Yes
C11163,2,621,Yes
C11164,2,567,Yes
C11165,2,651,Yes
C11166,4,536,No
C11167,2,602,Yes
C11168,3,627,Yes
C11169,4,570,Yes
C11170,2,627,Yes
C11171,2,588,Yes
C11172,2,572,Yes
C11173,3,603,No
C11174,2,690,No
C11175,4,655,No
C11176,3,634,No
C11177,3,614,Yes
C11178,4,603,Yes
C11179,3,689,Yes
C11180,4,641,Yes
C11181,3,613,No
C11182,2,631,Yes
C11183,3,616,Yes
C11184,3,643,No
C11185,3,586,Yes
C11186,4,646,Yes
C11187,4,653,No
C11188,3,627,Yes
C11189,4,698,No
C11190,2,673,Yes
C11191,3,552,Yes
C11192,2,620,Yes
C11193,3,585,Yes
C11194,4,602,Yes
C11195,3,640,Yes
C11196,4,618,No
C11197,2,486,Yes
C11198,4,651,Yes
C11199,2,611,No
C11200,2,631,Yes
C11201,2,507,No
C11202,2,690,Yes
C11203,3,556,Yes
C11204,2,667,No
C11205,3,616,Yes
C11206,4,644,Yes
C11207,2,561,Yes
C11208,4,674,No
C11209,2,557,Yes
C11210,3,692,Yes
C11211,4,615,No
C11212,2,680,No
C11213,2,588,No
C11214,3,604,Yes
C11215,3,655,No
C11216,2,697,No
C11217,4,486,Yes
C11218,3,552,Yes
C11219,3,630,Yes
C11220,3,610,No
C11221,3,521,Yes
C11222,4,690,Yes
C11223,2,564,No
C11224,2,489,Yes
C11225,2,706,Yes
C11226,2,671,No
C11227,4,687,Yes
C11228,3,615,Yes
C11229,4,676,Yes
C11230,4,667,No
C11231,2,561,No
C11232,2,588,Yes
C11233,3,663,Yes
C11234,2,622,Yes
C11235,4,683,Yes
C11236,2,665,Yes
C11237,4,642,No
C11238,3,669,No
C11239,2,599,Yes
C11240,2,659,No
C11241,3,661,No
C11242,3,625,Yes
C11243,4,692,Yes
C11244,4,600,Yes
C11245,3,583,No
C11246,3,449,Yes
C11247,4,614,Yes
C11248,4,665,Yes
C11249,3,718,Yes
C11250,2,624,Yes
C11251,4,689,Yes
C11252,3,640,No
C11253,3,650,Yes
C11254,2,655,No
C11255,4,532,Yes
C11256,2,644,No
C11257,3,522,Yes
C11258,3,568,Yes
C11259,4,680,Yes
C11260,4,715,No
C11261,4,607,No
C11262,2,676,Yes
C11263,4,682,No
C11264,3,584,Yes
C11265,2,566,No
C11266,4,653,Yes
C11267,4,627,Yes
C11268,2,614,No
C11269,3,658,Yes
C11270,2,650,Yes
C11271,2,584,Yes
C11272,2,635,No
C11273,2,640,No
C11274,3,660,Yes
C11275,4,660,No
C11276,4,636,No
C11277,2,702,Yes
C11278,2,609,No
C11279,3,655,No
C11280,4,598,No
C11281,4,594,Yes
C11282,3,651,Yes
C11283,4,655,Yes
C11284,4,626,No
C11285,4,559,Yes
C11286,3,678,Yes
C11287,4,592,Yes
C11288,2,620,Yes
C11289,2,650,No
C11290,2,621,Yes
C11291,2,651,No
C11292,4,589,Yes
C11293,2,662,Yes
C11294,4,600,Yes
C11295,2,601,Yes
C11296,2,519,Yes
C11297,3,541,Yes
C11298,3,689,No
C11299,3,637,Yes
C11300,2,708,Yes
C11301,3,668,No
C11302,2,610,Yes
C11303,3,621,No
C11304,2,672,No
C11305,2,615,No
C11306,4,651,No
C11307,4,610,Yes
C11308,3,696,No
C11309,2,657,Yes
C11310,3,550,No
C11311,4,673,Yes
C11312,3,696,No
C11313,4,635,Yes
C11314,3,583,Yes
C11315,2,549,Yes
C11316,4,680,Yes
C11317,4,693,No
C11318,2,668,No
C11319,2,569,Yes
C11320,2,625,Yes
C11321,2,710,No
C11322,3,679,Yes
C11323,3,666,No
C11324,4,654,Yes
C11325,2,629,Yes
C11326,3,576,Yes
C11327,2,593,No
C11328,4,698,No
C11329,2,607,Yes
C11330,3,707,Yes
C11331,4,592,No
C11332,2,715,No
C11333,2,654,Yes
C11334,2,667,Yes
C11335,2,663,No
C11336,3,586,No
C11337,4,581,No
C11338,2,630,No
C11339,4,640,Yes
C11340,4,588,Yes
C11341,4,649,No
C11342,4,648,Yes
C11343,4,624,No
C11344,3,644,Yes
C11345,2,616,No
C11346,2,561,Yes
C11347,2,653,Yes
C11348,3,625,No
C11349,2,638,Yes
C11350,4,615,Yes
C11351,2,634,Yes
C11352,4,677,Yes
C11353,4,612,Yes
C11354,3,611,No
C11355,3,610,Yes
C11356,3,639,Yes
C11357,3,557,Yes
C11358,4,495,Yes
C11359,3,565,Yes
C11360,2,572,Yes
C11361,4,660,Yes
C11362,3,608,Yes
C11363,3,652,Yes
C11364,4,675,Yes
C11365,3,657,Yes
C11366,3,681,Yes
C11367,4,635,Yes
C11368,4,669,No
C11369,2,669,No
C11370,4,642,No
C11371,3,641,No
C11372,3,692,No
C11373,2,636,Yes
C11374,2,675,Yes
C11375,3,579,No
C11376,4,542,Yes
C11377,4,593,Yes
C11378,3,704,No
C11379,3,661,No
C11380,2,645,No
C11381,4,577,No
C11382,4,643,Yes
C11383,4,543,Yes
C11384,3,685,Yes
C11385,2,638,Yes
C11386,2,645,Yes
C11387,4,599,Yes
C11388,4,643,No
C11389,2,626,No
C11390,2,538,No
C11391,4,711,No
C11392,4,590,Yes
C11393,4,663,Yes
C11394,2,573,Yes
C11395,4,652,Yes
C11396,4,629,No
C11397,4,607,Yes
C11398,4,631,No
C11399,3,661,No
C11400,4,622,No
C11401,4,499,Yes
C11402,4,554,Yes
C11403,4,553,No
C11404,3,693,No
C11405,2,675,No
C11406,3,640,Yes
C11407,2,547,Yes
C11408,2,592,No
C11409,4,551,Yes
C11410,3,639,No
C11411,4,571,Yes
C11412,2,682,Yes
C11413,2,644,No
C11414,4,649,Yes
C11415,2,655,No
C11416,2,576,No
C11417,2,654,Yes
C11418,4,596,Yes
C11419,3,632,Yes
C11420,3,634,No
C11421,2,555,Yes
C11422,2,556,No
C11423,3,674,No
C11424,2,623,Yes
C11425,2,601,Yes
C11426,2,655,Yes
C11427,4,662,No
C11428,4,666,No
C11429,2,600,Yes
C11430,2,541,Yes
C11431,2,601,No
C11432,2,657,Yes
C11433,3,628,No
C11434,3,670,No
C11435,3,604,Yes
C11436,3,623,Yes
C11437,2,581,Yes
C11438,2,628,No
C11439,3,685,No
C11440,2,622,Yes
C11441,4,671,Yes
C11442,2,617,Yes
C11443,3,654,Yes
C11444,2,634,No
C11445,4,650,Yes
C11446,4,674,No
C11447,4,667,Yes
C11448,2,603,No
C11449,4,620,Yes
C11450,2,657,Yes
C11451,2,650,No
C11452,4,522,Yes
C11453,3,676,No
C11454,3,679,Yes
C11455,2,681,No
C11456,4,654,Yes
C11457,3,599,No
C11458,2,640,Yes
C11459,4,568,Yes
C11460,2,684,Yes
C11461,2,659,Yes
C11462,4,663,No
C11463,4,624,Yes
C11464,2,621,No
C11465,4,651,Yes
C11466,3,627,No
C11467,3,577,No
C11468,2,602,Yes
C11469,4,675,Yes
C11470,3,680,Yes
C11471,4,670,Yes
C11472,3,674,Yes
C11473,4,688,Yes
C11474,2,654,No
C11475,4,606,No
C11476,4,545,Yes
C11477,2,620,Yes
C11478,2,655,Yes
C11479,3,667,No
C11480,4,709,No
C11481,4,523,Yes
C11482,3,577,Yes
C11483,2,611,Yes
C11484,3,684,Yes
C11485,3,663,Yes
C11486,3,575,Yes
C11487,4,615,Yes
C11488,2,683,No
C11489,3,712,Yes
C11490,4,631,No
C11491,3,687,No
C11492,2,540,Yes
C11493,2,674,Yes
C11494,2,661,Yes
C11495,2,670,No
C11496,2,641,Yes
C11497,4,648,Yes
C11498,4,647,Yes
C11499,2,619,No
C11500,4,663,No
C11501,4,638,No
C11502,3,672,Yes
C11503,4,630,Yes
C11504,4,598,Yes
C11505,4,663,Yes
C11506,3,598,Yes
C11507,3,602,No
C11508,2,679,No
C11509,4,657,No
C11510,4,603,Yes
C11511,3,637,No
C11512,4,635,Yes
C11513,2,651,Yes
C11514,2,685,No
C11515,2,665,No
C11516,2,588,No
C11517,4,624,No
C11518,4,633,Yes
C11519,2,631,No
C11520,2,575,No
C11521,4,593,Yes
C11522,2,651,Yes
C11523,2,651,No
C11524,2,583,Yes
C11525,4,621,Yes
C11526,4,680,Yes
C11527,3,676,Yes
C11528,2,643,Yes
C11529,3,725,Yes
C11530,4,574,Yes
C11531,4,657,No
C11532,2,591,Yes
C11533,2,619,Yes
C11534,3,588,No
C11535,3,469,Yes
C11536,3,568,No
C11537,3,574,No
C11538,2,664,Yes
C11539,2,671,Yes
C11540,3,648,No
C11541,2,623,Yes
C11542,3,555,Yes
C11543,3,574,Yes
C11544,4,623,Yes
C11545,2,596,No
C11546,4,645,Yes
C11547,3,568,No
C11548,3,619,Yes
C11549,3,693,Yes
C11550,3,691,Yes
C11551,4,685,Yes
C11552,3,561,Yes
C11553,2,663,No
C11554,4,655,Yes
C11555,2,609,No
C11556,2,662,Yes
C11557,4,668,Yes
C11558,3,555,Yes
C11559,2,659,No
C11560,4,542,Yes
C11561,3,631,Yes
C11562,3,668,No
C11563,4,603,Yes
C11564,4,658,Yes
C11565,3,594,Yes
C11566,2,707,Yes
C11567,4,534,No
C11568,4,525,Yes
C11569,3,612,Yes
C11570,2,630,No
C11571,3,675,Yes
C11572,2,719,Yes
C11573,3,643,Yes
C11574,4,608,Yes
C11575,2,645,Yes
C11576,4,646,Yes
C11577,4,673,No
C11578,4,591,No
C11579,2,692,No
C11580,3,658,No
C11581,4,510,Yes
C11582,2,669,No
C11583,2,646,No
C11584,2,649,No
C11585,4,642,No
C11586,2,472,Yes
C11587,3,612,Yes
C11588,2,618,Yes
C11589,3,660,No
C11590,4,664,No
C11591,4,651,No
C11592,4,687,Yes
C11593,3,667,No
C11594,3,660,Yes
C11595,2,675,No
C11596,3,667,No
C11597,3,652,Yes
C11598,3,682,No
C11599,3,606,No
C11600,2,611,No
C11601,4,608,Yes
C11602,4,681,Yes
C11603,2,655,No
C11604,3,704,Yes
C11605,4,649,No
C11606,3,644,Yes
C11607,4,682,No
C11608,3,662,Yes
C11609,4,687,No
C11610,4,642,No
C11611,2,539,Yes
C11612,2,657,Yes
C11613,2,633,Yes
C11614,2,606,Yes
C11615,2,677,Yes
C11616,2,645,Yes
C11617,2,681,Yes
C11618,3,619,Yes
C11619,3,553,Yes
C11620,4,589,No
C11621,2,584,Yes
C11622,3,580,Yes
C11623,2,689,No
C11624,4,652,Yes
C11625,2,607,No
C11626,2,674,Yes
C11627,2,704,Yes
C11628,2,601,No
C11629,3,687,Yes
C11630,2,582,No
C11631,3,657,No
C11632,2,609,Yes
C11633,3,537,Yes
C11634,4,584,No
C11635,3,647,No
C11636,2,589,Yes
C11637,4,634,Yes
C11638,4,667,Yes
C11639,2,678,No
C11640,2,628,Yes
C11641,3,677,No
C11642,2,591,Yes
C11643,4,545,No
C11644,3,637,No
C11645,3,645,No
C11646,2,663,No
C11647,2,638,Yes
C11648,4,658,Yes
C11649,3,661,Yes
C11650,4,716,No
C11651,2,578,No
C11652,3,619,No
C11653,3,664,No
C11654,3,605,Yes
C11655,3,670,No
C11656,4,691,Yes
C11657,3,708,No
C11658,3,636,Yes
C11659,2,664,No
C11660,2,606,No
C11661,3,565,No
C11662,2,595,Yes
C11663,3,507,Yes
C11664,3,603,Yes
C11665,4,655,No
C11666,4,599,Yes
C11667,3,553,Yes
C11668,3,630,No
C11669,4,650,No
C11670,2,524,Yes
C11671,2,576,Yes
C11672,2,657,No
C11673,4,489,Yes
C11674,3,667,Yes
C11675,4,541,No
C11676,4,680,No
C11677,2,663,No
C11678,4,645,No
C11679,3,667,No
C11680,4,595,Yes
C11681,2,522,Yes
C11682,3,675,Yes
C11683,4,616,Yes
C11684,4,602,Yes
C11685,3,574,Yes
C11686,4,636,No
C11687,4,623,No
C11688,4,553,Yes
C11689,3,578,Yes
C11690,3,663,Yes
C11691,2,604,No
C11692,4,582,Yes
C11693,3,668,Yes
C11694,2,594,No
C11695,2,528,Yes
C11696,4,586,Yes
C11697,4,605,Yes
C11698,2,522,Yes
C11699,4,639,Yes
C11700,4,592,Yes
C11701,3,696,Yes
C11702,4,582,Yes
C11703,2,634,Yes
C11704,4,552,Yes
C11705,2,648,No
C11706,2,648,Yes
C11707,4,704,No
C11708,4,664,Yes
C11709,4,591,Yes
C11710,3,646,No
C11711,4,695,No
C11712,2,644,No
C11713,3,620,Yes
C11714,3,652,Yes
C11715,4,652,No
C11716,2,563,Yes
C11717,2,622,Yes
C11718,3,559,Yes
C11719,2,621,No
C11720,4,618,Yes
C11721,4,636,Yes
C11722,3,642,Yes
C11723,3,657,No
C11724,4,649,Yes
C11725,3,640,Yes
C11726,2,631,No
C11727,2,601,No
C11728,2,625,No
C11729,4,698,No
C11730,3,610,No
C11731,2,520,Yes
C11732,3,554,Yes
C11733,4,640,Yes
C11734,4,619,Yes
C11735,2,681,Yes
C11736,2,608,Yes
C11737,4,560,Yes
C11738,3,673,No
C11739,4,563,Yes
C11740,2,662,Yes
C11741,2,660,No
C11742,3,614,Yes
C11743,2,634,Yes
C11744,4,588,Yes
C11745,4,687,No
C11746,2,622,No
C11747,4,621,No
C11748,2,675,No
C11749,3,639,No
C11750,4,683,Yes
C11751,3,614,Yes
C11752,4,682,Yes
C11753,2,668,No
C11754,3,689,No
C11755,2,671,Yes
C11756,4,676,No
C11757,4,637,Yes
C11758,3,469,No
C11759,4,666,Yes
C11760,2,652,Yes
C11761,4,650,Yes
C11762,2,492,Yes
C11763,3,586,Yes
C11764,4,605,Yes
C11765,4,694,No
C11766,4,648,No
C11767,2,606,Yes
C11768,3,596,No
C11769,2,669,Yes
C11770,3,680,Yes
C11771,3,609,Yes
C11772,2,624,Yes
C11773,2,543,Yes
C11774,3,532,Yes
C11775,4,561,Yes
C11776,4,588,Yes
C11777,4,579,Yes
C11778,4,624,No
C11779,2,608,Yes
C11780,2,602,Yes
C11781,4,568,Yes
C11782,2,713,Yes
C11783,2,667,No
C11784,4,538,No
C11785,2,662,No
C11786,4,659,Yes
C11787,4,680,Yes
C11788,3,573,Yes
C11789,2,640,No
C11790,2,590,No
C11791,3,591,Yes
C11792,3,574,Yes
C11793,3,694,No
C11794,4,655,Yes
C11795,3,649,Yes
C11796,3,698,Yes
C11797,3,645,Yes
C11798,2,462,Yes
C11799,2,668,No
C11800,4,692,No
C11801,3,636,No
C11802,3,631,Yes
C11803,2,639,Yes
C11804,3,626,No
C11805,3,673,Yes
C11806,2,679,Yes
C11807,4,587,Yes
C11808,4,704,Yes
C11809,2,662,Yes
C11810,2,588,Yes
C11811,3,612,Yes
C11812,2,635,Yes
C11813,4,694,Yes
C11814,3,601,Yes
C11815,3,642,No
C11816,4,677,No
C11817,4,635,No
C11818,2,675,No
C11819,3,658,Yes
C11820,2,615,Yes
C11821,3,613,No
C11822,2,675,Yes
C11823,2,647,No
C11824,2,673,Yes
C11825,4,545,No
C11826,3,569,No
C11827,4,483,Yes
C11828,3,711,No
C11829,2,634,Yes
C11830,2,668,No
C11831,2,657,Yes
C11832,4,655,Yes
C11833,2,549,Yes
C11834,2,663,Yes
C11835,3,580,Yes
C11836,2,619,No
C11837,3,604,Yes
C11838,3,632,No
C11839,4,619,Yes
C11840,2,662,No
C11841,4,618,Yes
C11842,3,669,No
C11843,3,574,No
C11844,4,591,No
C11845,4,672,Yes
C11846,4,658,Yes
C11847,2,682,No
C11848,3,593,Yes
C11849,4,615,No
C11850,4,586,Yes
C11851,4,660,No
C11852,2,620,Yes
C11853,4,610,Yes
C11854,2,659,Yes
C11855,4,693,Yes
C11856,4,681,Yes
C11857,2,552,Yes
C11858,3,597,No
C11859,4,683,No
C11860,4,668,Yes
C11861,4,617,No
C11862,2,633,Yes
C11863,2,610,No
C11864,2,705,No
C11865,4,687,No
C11866,4,659,No
C11867,2,616,Yes
C11868,3,614,No
C11869,2,598,Yes
C11870,4,643,No
C11871,2,570,Yes
C11872,3,535,Yes
C11873,2,688,Yes
C11874,3,616,No
C11875,3,530,Yes
C11876,2,546,Yes
C11877,3,629,No
C11878,3,685,No
C11879,2,514,Yes
C11880,4,690,Yes
C11881,2,555,No
C11882,4,692,No
C11883,3,476,No
C11884,4,607,Yes
C11885,3,673,Yes
C11886,2,578,Yes
C11887,3,580,Yes
C11888,3,650,No
C11889,3,580,Yes
C11890,2,699,Yes
C11891,3,564,Yes
C11892,2,631,No
C11893,2,661,No
C11894,3,613,No
C11895,4,578,Yes
C11896,2,656,Yes
C11897,3,627,Yes
C11898,4,494,Yes
C11899,2,588,Yes
C11900,3,663,No
C11901,3,493,No
C11902,2,682,Yes
C11903,2,629,Yes
C11904,2,669,Yes
C11905,4,649,Yes
C11906,2,643,Yes
C11907,3,636,No
C11908,3,624,No
C11909,3,617,Yes
C11910,3,607,Yes
C11911,4,652,Yes
C11912,4,667,No
C11913,2,570,No
C11914,3,658,No
C11915,4,608,No
C11916,4,646,No
C11917,2,546,No
C11918,2,585,No
C11919,4,634,No
C11920,2,540,No
C11921,4,671,Yes
C11922,3,653,No
C11923,3,632,No
C11924,4,636,Yes
C11925,3,660,Yes
C11926,2,585,No
C11927,4,532,Yes
C11928,4,640,No
C11929,3,634,No
C11930,2,572,No
C11931,4,631,Yes
C11932,2,573,Yes
C11933,4,593,No
C11934,3,521,No
C11935,4,655,No
C11936,3,654,No
C11937,4,686,No
C11938,2,663,No
C11939,4,601,Yes
C11940,4,689,No
C11941,2,683,Yes
C11942,2,645,Yes
C11943,4,643,Yes
C11944,4,606,Yes
C11945,4,544,Yes
C11946,2,585,No
C11947,3,631,No
C11948,2,649,Yes
C11949,2,620,No
C11950,3,685,Yes
C11951,4,609,Yes
C11952,2,683,Yes
C11953,4,603,No
C11954,3,661,Yes
C11955,2,646,Yes
C11956,3,562,No
C11957,4,611,No
C11958,3,609,No
C11959,2,663,No
C11960,2,640,No
C11961,4,636,No
C11962,4,666,Yes
C11963,2,608,Yes
C11964,4,593,Yes
C11965,4,623,Yes
C11966,3,608,Yes
C11967,3,577,No
C11968,4,616,Yes
C11969,4,659,No
C11970,2,631,Yes
C11971,3,561,Yes
C11972,3,681,Yes
C11973,4,686,No
C11974,2,642,Yes
C11975,4,653,Yes
C11976,4,692,No
C11977,2,665,Yes
C11978,2,692,No
C11979,3,631,Yes
C11980,2,638,No
C11981,3,624,No
C11982,3,544,Yes
C11983,3,640,No
C11984,3,624,Yes
C11985,4,681,No
C11986,3,600,Yes
C11987,3,620,Yes
C11988,3,705,Yes
C11989,2,705,No
C11990,4,624,No
C11991,2,595,Yes
C11992,2,656,No
C11993,3,611,No
C11994,4,678,Yes
C11995,2,615,No
C11996,3,671,No
C11997,4,616,No
C11998,3,655,Yes
C11999,4,579,Yes
C12000,3,620,Yes
C12001,4,591,Yes
C12002,4,662,Yes
C12003,3,607,Yes
C12004,3,661,No
C12005,2,606,No
C12006,3,556,No
C12007,2,667,No
C12008,2,649,No
C12009,2,584,No
C12010,2,616,Yes
C12011,3,600,No
C12012,2,613,No
C12013,2,668,Yes
C12014,2,700,No
C12015,4,624,No
C12016,3,628,No
C12017,3,631,No
C12018,3,679,Yes
C12019,4,670,No
C12020,3,673,No
C12021,4,599,Yes
C12022,3,645,Yes
C12023,3,560,Yes
C12024,2,660,Yes
C12025,2,696,No
C12026,2,621,Yes
C12027,4,542,Yes
C12028,4,646,Yes
C12029,3,568,Yes
C12030,4,607,No
C12031,4,552,Yes
C12032,4,627,Yes
C12033,2,648,No
C12034,4,605,Yes
C12035,2,630,Yes
C12036,3,653,Yes
C12037,3,610,No
C12038,4,575,No
C12039,3,698,No
C12040,4,617,Yes
C12041,2,500,Yes
C12042,4,657,No
C12043,3,647,No
C12044,2,612,No
C12045,2,561,No
C12046,2,686,Yes
C12047,2,640,Yes
C12048,2,591,No
C12049,3,527,No
C12050,4,633,No
C12051,2,588,Yes
C12052,4,607,No
C12053,3,649,Yes
C12054,4,627,No
C12055,3,515,Yes
C12056,2,632,No
C12057,2,698,No
C12058,2,663,Yes
C12059,4,664,Yes
C12060,4,642,No
C12061,2,641,Yes
C12062,3,590,No
C12063,4,579,No
C12064,3,711,No
C12065,4,577,No
C12066,4,521,Yes
C12067,3,471,No
C12068,2,637,Yes
C12069,2,614,Yes
C12070,3,678,Yes
C12071,4,701,No
C12072,4,618,No
C12073,3,683,No
C12074,3,541,No
C12075,3,703,No
C12076,2,625,Yes
C12077,3,606,Yes
C12078,3,680,Yes
C12079,3,599,No
C12080,2,600,Yes
C12081,4,591,Yes
C12082,3,556,Yes
C12083,4,555,Yes
C12084,3,594,Yes
C12085,3,646,Yes
C12086,4,569,Yes
C12087,3,564,No
C12088,2,647,Yes
C12089,4,524,Yes
C12090,3,551,No
C12091,3,548,Yes
C12092,2,537,No
C12093,3,593,Yes
C12094,3,653,No
C12095,4,656,No
C12096,4,692,No
C12097,4,577,Yes
C12098,2,599,Yes
C12099,3,571,Yes
C12100,2,559,No
C12101,3,549,Yes
C12102,3,573,Yes
C12103,3,631,No
C12104,4,647,Yes
C12105,2,694,No
C12106,2,678,No
C12107,3,624,No
C12108,3,489,Yes
C12109,3,668,Yes
C12110,2,619,No
C12111,4,679,Yes
C12112,4,627,Yes
C12113,2,591,Yes
C12114,3,680,No
C12115,3,717,Yes
C12116,2,665,No
C12117,2,709,Yes
C12118,3,616,Yes
C12119,3,650,No
C12120,2,683,No
C12121,2,661,No
C12122,2,692,Yes
C12123,3,674,Yes
C12124,4,601,No
C12125,4,687,No
C12126,3,583,Yes
C12127,2,601,Yes
C12128,2,636,No
C12129,3,606,Yes
C12130,2,628,No
C12131,2,607,No
C12132,3,704,No
C12133,2,644,No
C12134,3,675,Yes
C12135,3,635,Yes
C12136,2,654,No
C12137,3,671,Yes
C12138,4,625,Yes
C12139,2,674,No
C12140,4,569,Yes
C12141,4,507,Yes
C12142,2,642,Yes
C12143,2,610,No
C12144,4,528,Yes
C12145,4,676,No
C12146,4,617,Yes
C12147,4,629,No
C12148,3,536,No
C12149,2,630,Yes
C12150,2,616,No
C12151,3,610,Yes
C12152,4,578,Yes
C12153,2,676,No
C12154,4,606,Yes
C12155,4,550,Yes
C12156,2,669,No
C12157,2,631,Yes
C12158,3,640,No
C12159,4,609,No
C12160,3,663,Yes
C12161,2,699,No
C12162,2,638,No
C12163,3,656,No
C12164,3,612,No
C12165,3,601,Yes
C12166,2,627,No
C12167,4,624,Yes
C12168,3,598,Yes
C12169,4,593,No
C12170,2,571,Yes
C12171,2,614,Yes
C12172,4,626,No
C12173,2,634,No
C12174,2,623,No
C12175,4,648,No
C12176,4,681,No
C12177,4,569,Yes
C12178,3,669,No
C12179,2,540,Yes
C12180,2,632,No
C12181,3,647,No
C12182,4,670,Yes
C12183,3,523,No
C12184,2,692,No
C12185,2,669,No
C12186,2,635,Yes
C12187,4,722,No
C12188,2,640,No
C12189,3,522,Yes
C12190,2,618,No
C12191,4,664,Yes
C12192,3,606,No
C12193,3,636,No
C12194,3,619,Yes
C12195,3,674,Yes
C12196,3,677,No
C12197,2,695,Yes
C12198,3,665,No
C12199,3,517,No
C12200,3,553,Yes
C12201,4,643,No
C12202,3,660,No
C12203,3,579,Yes
C12204,2,551,No
C12205,2,655,No
C12206,2,579,No
C12207,3,558,Yes
C12208,3,496,No
C12209,4,696,No
C12210,4,586,No
C12211,3,585,No
C12212,4,561,No
C12213,3,583,No
C12214,4,632,Yes
C12215,4,705,No
C12216,4,661,No
C12217,3,594,Yes
C12218,2,567,Yes
C12219,4,702,No
C12220,3,600,No
C12221,3,639,No
C12222,4,521,Yes
C12223,2,566,No
C12224,2,604,No
C12225,2,643,Yes
C12226,3,585,No
C12227,2,653,No
C12228,2,670,No
C12229,4,690,No
C12230,4,681,Yes
C12231,2,554,No
C12232,3,558,Yes
C12233,3,680,No
C12234,4,609,No
C12235,2,668,No
C12236,3,578,No
C12237,4,681,No
C12238,4,607,No
C12239,2,691,No
C12240,3,612,No
C12241,4,549,Yes
C12242,3,717,No
C12243,2,619,Yes
C12244,4,646,No
C12245,4,604,No
C12246,3,659,No
C12247,4,635,No
C12248,4,596,No
C12249,4,605,Yes
C12250,2,560,Yes
C12251,3,613,Yes
C12252,3,617,No
C12253,4,558,Yes
C12254,2,615,Yes
C12255,4,636,Yes
C12256,4,612,No
C12257,2,662,Yes
C12258,3,669,Yes
C12259,4,606,Yes
C12260,3,594,Yes
C12261,4,626,No
C12262,3,677,No
C12263,3,658,No
C12264,2,646,No
C12265,2,644,No
C12266,2,601,No
C12267,3,650,No
C12268,4,660,Yes
C12269,2,721,No
C12270,3,694,Yes
C12271,2,642,No
C12272,3,632,Yes
C12273,2,628,Yes
C12274,3,632,No
C12275,4,584,No
C12276,4,667,No
C12277,2,637,No
C12278,2,568,No
C12279,4,620,Yes
C12280,3,613,No
C12281,3,699,Yes
C12282,4,559,No
C12283,4,574,No
C12284,3,625,No
C12285,4,619,No
C12286,3,694,No
C12287,3,581,No
C12288,3,650,Yes
C12289,3,537,Yes
C12290,3,640,No
C12291,4,622,No
C12292,2,597,Yes
C12293,3,631,No
C12294,2,594,No
C12295,3,601,Yes
C12296,4,675,No
C12297,3,689,No
C12298,4,616,No
C12299,4,592,No
C12300,2,625,Yes
C12301,4,624,Yes
C12302,4,663,No
C12303,4,611,No
C12304,4,668,Yes
C12305,2,690,Yes
C12306,3,646,Yes
C12307,3,651,Yes
C12308,2,586,No
C12309,2,578,No
C12310,3,555,Yes
C12311,2,634,No
C12312,4,673,Yes
C12313,2,638,Yes
C12314,2,661,No
C12315,4,689,Yes
C12316,2,578,Yes
C12317,2,620,No
C12318,3,637,Yes
C12319,3,515,Yes
C12320,2,706,No
C12321,2,609,No
C12322,4,601,No
C12323,3,635,No
C12324,4,659,No
C12325,4,697,No
C12326,3,659,No
C12327,3,652,Yes
C12328,3,583,No
C12329,3,655,Yes
C12330,3,632,No
C12331,4,653,Yes
C12332,3,567,No
C12333,2,671,No
C12334,4,616,Yes
C12335,4,652,Yes
C12336,3,661,No
C12337,3,670,No
C12338,4,663,Yes
C12339,2,624,No
C12340,3,629,Yes
C12341,2,515,No
C12342,2,634,Yes
C12343,2,630,No
C12344,4,619,No
C12345,2,664,Yes
C12346,3,655,Yes
C12347,3,564,Yes
C12348,2,623,No
C12349,4,646,No
C12350,3,635,Yes
C12351,4,627,No
C12352,3,549,No
C12353,4,597,No
C12354,3,535,No
C12355,4,704,No
C12356,4,625,Yes
C12357,2,607,Yes
C12358,4,576,Yes
C12359,2,668,No
C12360,2,521,Yes
C12361,3,600,No
C12362,3,579,Yes
C12363,4,621,No
C12364,4,637,No
C12365,4,680,Yes
C12366,3,676,Yes
C12367,2,653,Yes
C12368,2,558,Yes
C12369,2,535,Yes
C12370,2,662,No
C12371,3,702,No
C12372,4,587,Yes
C12373,2,611,Yes
C12374,4,606,Yes
C12375,4,653,Yes
C12376,3,618,Yes
C12377,3,617,No
C12378,3,629,No
C12379,3,622,Yes
C12380,2,516,Yes
C12381,3,635,No
C12382,2,646,No
C12383,2,522,Yes
C12384,2,652,No
C12385,4,622,Yes
C12386,4,686,No
C12387,3,641,No
C12388,4,595,Yes
C12389,2,716,Yes
C12390,3,652,No
C12391,4,602,No
C12392,2,702,No
C12393,3,649,No
C12394,2,671,Yes
C12395,3,629,Yes
C12396,4,641,No
C12397,3,652,Yes
C12398,3,682,No
C12399,2,614,Yes
C12400,3,632,Yes
C12401,3,579,Yes
C12402,4,516,Yes
C12403,3,627,Yes
C12404,3,655,No
C12405,2,648,Yes
C12406,4,634,No
C12407,4,605,No
C12408,3,707,Yes
C12409,4,608,Yes
C12410,3,653,No
C12411,3,651,No
C12412,2,578,No
C12413,3,580,No
C12414,3,673,No
C12415,4,675,No
C12416,2,695,No
C12417,2,545,Yes
C12418,3,618,Yes
C12419,2,722,No
C12420,2,589,No
C12421,3,664,Yes
C12422,3,592,Yes
C12423,2,631,No
C12424,3,560,Yes
C12425,2,609,Yes
C12426,2,599,No
C12427,2,642,Yes
C12428,4,630,No
C12429,4,673,Yes
C12430,2,641,No
C12431,3,659,Yes
C12432,4,716,Yes
C12433,4,522,No
C12434,4,645,Yes
C12435,2,644,No
C12436,3,682,No
C12437,2,540,No
C12438,4,581,Yes
C12439,2,708,No
C12440,4,648,Yes
C12441,3,586,Yes
C12442,2,681,No
C12443,4,541,Yes
C12444,2,562,Yes
C12445,3,620,No
C12446,2,604,Yes
C12447,4,636,Yes
C12448,4,625,Yes
C12449,2,629,Yes
C12450,2,594,Yes
C12451,4,588,Yes
C12452,4,702,No
C12453,2,691,No
C12454,3,666,No
C12455,2,582,Yes
C12456,4,666,No
C12457,3,674,No
C12458,2,572,Yes
C12459,2,688,Yes
C12460,4,580,Yes
C12461,3,638,Yes
C12462,4,632,Yes
C12463,4,621,No
C12464,4,611,Yes
C12465,3,624,Yes
C12466,3,569,Yes
C12467,2,644,Yes
C12468,3,571,No
C12469,4,606,Yes
C12470,2,624,No
C12471,3,618,No
C12472,4,703,No
C12473,4,630,Yes
C12474,3,639,Yes
C12475,3,657,No
C12476,3,669,Yes
C12477,3,690,No
C12478,3,641,Yes
C12479,4,566,Yes
C12480,4,645,Yes
C12481,2,654,No
C12482,3,673,No
C12483,3,545,Yes
C12484,2,648,No
C12485,2,677,No
C12486,3,669,Yes
C12487,3,624,Yes
C12488,3,682,Yes
C12489,3,678,Yes
C12490,3,623,Yes
C12491,3,676,No
C12492,2,604,Yes
C12493,3,668,No
C12494,3,680,No
C12495,4,646,No
C12496,3,647,No
C12497,2,651,Yes
C12498,2,640,Yes
C12499,2,561,Yes
C12500,3,612,No
C12501,2,604,Yes
C12502,2,666,Yes
C12503,2,620,Yes
C12504,3,676,Yes
C12505,4,676,No
C12506,3,628,No
C12507,2,551,No
C12508,2,689,No
C12509,4,702,Yes
C12510,2,561,No
C12511,3,618,Yes
C12512,3,580,Yes
C12513,2,638,Yes
C12514,4,652,Yes
C12515,3,680,No
C12516,2,647,Yes
C12517,2,586,Yes
C12518,2,690,Yes
C12519,2,582,No
C12520,3,662,No
C12521,3,645,No
C12522,4,705,No
C12523,2,562,Yes
C12524,3,692,Yes
C12525,3,596,Yes
C12526,3,522,Yes
C12527,4,645,Yes
C12528,3,676,No
C12529,4,586,Yes
C12530,3,673,No
C12531,3,621,Yes
C12532,3,621,No
C12533,2,599,No
C12534,3,694,No
C12535,2,669,Yes
C12536,2,612,Yes
C12537,3,709,No
C12538,4,686,No
C12539,2,540,Yes
C12540,2,597,No
C12541,4,676,Yes
C12542,4,660,No
C12543,3,676,No
C12544,4,594,Yes
C12545,4,658,Yes
C12546,4,636,No
C12547,3,640,No
C12548,3,617,No
C12549,3,664,Yes
C12550,3,682,No
C12551,3,625,No
C12552,3,601,Yes
C12553,3,570,No
C12554,4,672,Yes
C12555,3,720,No
C12556,4,659,Yes
C12557,3,588,Yes
C12558,2,605,Yes
C12559,2,616,No
C12560,4,615,Yes
C12561,4,685,No
C12562,4,614,Yes
C12563,4,641,No
C12564,2,632,Yes
C12565,4,617,Yes
C12566,2,604,Yes
C12567,3,620,Yes
C12568,2,586,Yes
C12569,2,656,No
C12570,3,589,No
C12571,2,685,Yes
C12572,4,587,Yes
C12573,4,579,Yes
C12574,3,651,Yes
C12575,3,730,Yes
C12576,2,669,Yes
C12577,4,667,Yes
C12578,2,658,Yes
C12579,2,543,Yes
C12580,4,698,Yes
C12581,2,685,No
C12582,3,677,No
C12583,2,666,No
C12584,3,705,Yes
C12585,4,643,Yes
C12586,3,697,Yes
C12587,3,644,No
C12588,3,661,No
C12589,3,681,Yes
C12590,2,690,No
C12591,2,618,Yes
C12592,2,672,Yes
C12593,2,654,No
C12594,4,650,No
C12595,4,579,Yes
C12596,3,633,Yes
C12597,2,625,Yes
C12598,3,638,Yes
C12599,4,612,No
C12600,4,650,No
C12601,4,629,Yes
C12602,2,558,No
C12603,3,636,No
C12604,3,709,Yes
C12605,3,646,No
C12606,4,596,Yes
C12607,3,650,No
C12608,3,611,Yes
C12609,2,620,Yes
C12610,3,592,Yes
C12611,4,631,Yes
C12612,2,657,Yes
C12613,2,575,Yes
C12614,3,634,No
C12615,3,622,No
C12616,4,641,No
C12617,3,500,Yes
C12618,2,573,Yes
C12619,3,672,Yes
C12620,3,697,No
C12621,2,538,No
C12622,4,645,No
C12623,3,659,Yes
C12624,2,587,Yes
C12625,4,642,No
C12626,2,628,Yes
C12627,2,705,Yes
C12628,4,658,Yes
C12629,4,616,Yes
C12630,3,490,Yes
C12631,4,616,No
C12632,2,676,No
C12633,3,543,Yes
C12634,3,646,No
C12635,4,634,No
C12636,2,677,No
C12637,2,700,Yes
C12638,3,672,Yes
C12639,2,684,No
C12640,4,569,No
C12641,2,701,No
C12642,2,576,Yes
C12643,3,573,Yes
C12644,2,578,Yes
C12645,2,538,No
C12646,2,637,No
C12647,4,680,Yes
C12648,4,646,No
C12649,3,611,No
C12650,4,652,No
C12651,4,653,No
C12652,2,583,Yes
C12653,4,594,Yes
C12654,3,560,Yes
C12655,3,698,Yes
C12656,3,603,Yes
C12657,4,627,Yes
C12658,4,679,No
C12659,2,603,No
C12660,2,636,Yes
C12661,4,648,No
C12662,2,629,Yes
C12663,3,573,No
C12664,4,649,No
C12665,2,671,Yes
C12666,2,608,No
C12667,4,468,Yes
C12668,3,583,No
C12669,2,639,No
C12670,4,507,Yes
C12671,3,531,Yes
C12672,3,648,Yes
C12673,2,610,Yes
C12674,4,691,Yes
C12675,4,520,Yes
C12676,2,661,No
C12677,3,643,Yes
C12678,2,662,Yes
C12679,3,621,Yes
C12680,3,624,Yes
C12681,4,676,No
C12682,2,580,Yes
C12683,3,682,No
C12684,4,662,No
C12685,3,566,No
C12686,4,642,Yes
C12687,3,549,Yes
C12688,2,623,No
C12689,2,675,Yes
C12690,4,519,Yes
C12691,2,643,Yes
C12692,3,634,No
C12693,4,652,No
C12694,4,694,Yes
C12695,2,615,No
C12696,4,670,Yes
C12697,4,668,Yes
C12698,4,649,No
C12699,2,605,No
C12700,3,658,Yes
C12701,2,683,Yes
C12702,2,612,No
C12703,4,676,Yes
C12704,2,578,Yes
C12705,3,609,No
C12706,4,642,No
C12707,2,690,Yes
C12708,4,589,Yes
C12709,4,647,No
C12710,3,520,Yes
C12711,3,628,No
C12712,4,665,No
C12713,2,638,Yes
C12714,2,635,Yes
C12715,4,671,No
C12716,4,531,No
C12717,2,685,No
C12718,4,659,Yes
C12719,4,616,Yes
C12720,4,623,Yes
C12721,3,687,No
C12722,2,623,No
C12723,4,621,Yes
C12724,2,702,No
C12725,2,643,No
C12726,2,525,Yes
C12727,3,628,Yes
C12728,3,608,Yes
C12729,4,610,No
C12730,4,651,Yes
C12731,4,720,Yes
C12732,3,579,Yes
C12733,3,608,Yes
C12734,2,616,Yes
C12735,2,652,Yes
C12736,2,584,Yes
C12737,4,662,No
C12738,2,637,Yes
C12739,4,641,Yes
C12740,4,576,No
C12741,3,666,Yes
C12742,3,653,Yes
C12743,3,631,No
C12744,4,639,No
C12745,3,618,Yes
C12746,4,596,Yes
C12747,2,622,No
C12748,4,641,Yes
C12749,4,668,No
C12750,3,469,Yes
C12751,2,705,No
C12752,2,634,Yes
C12753,4,649,Yes
C12754,3,570,Yes
C12755,2,536,Yes
C12756,2,577,Yes
C12757,3,679,Yes
C12758,3,521,Yes
C12759,3,670,No
C12760,3,610,No
C12761,4,621,No
C12762,4,692,Yes
C12763,4,672,Yes
C12764,3,567,Yes
C12765,2,607,Yes
C12766,4,656,Yes
C12767,4,637,No
C12768,3,549,No
C12769,2,707,Yes
C12770,4,575,No
C12771,2,627,Yes
C12772,2,530,Yes
C12773,4,651,No
C12774,4,698,No
C12775,4,663,No
C12776,2,595,No
C12777,3,671,Yes
C12778,2,669,No
C12779,4,524,Yes
C12780,3,666,Yes
C12781,4,624,Yes
C12782,4,619,Yes
C12783,4,594,Yes
C12784,4,716,Yes
C12785,2,643,Yes
C12786,3,645,No
C12787,2,540,Yes
C12788,2,622,No
C12789,3,600,No
C12790,2,637,No
C12791,4,639,Yes
C12792,4,660,Yes
C12793,3,692,Yes
C12794,2,544,Yes
C12795,4,555,No
C12796,2,593,No
C12797,3,564,Yes
C12798,3,630,No
C12799,4,577,Yes
C12800,4,679,No
C12801,2,574,Yes
C12802,4,615,No
C12803,4,603,Yes
C12804,2,646,No
C12805,3,540,Yes
C12806,3,586,Yes
C12807,3,659,Yes
C12808,2,565,Yes
C12809,3,641,No
C12810,2,642,No
C12811,4,678,Yes
C12812,4,663,Yes
C12813,3,658,No
C12814,3,663,No
C12815,3,583,Yes
C12816,3,648,Yes
C12817,2,629,Yes
C12818,2,645,Yes
C12819,2,650,No
C12820,4,594,Yes
C12821,3,564,Yes
C12822,3,660,Yes
C12823,4,543,Yes
C12824,2,631,Yes
C12825,3,561,Yes
C12826,4,650,No
C12827,4,606,No
C12828,4,661,Yes
C12829,4,703,Yes
C12830,2,704,No
C12831,3,648,Yes
C12832,2,656,Yes
C12833,2,695,Yes
C12834,3,618,No
C12835,4,610,No
C12836,3,668,No
C12837,2,648,Yes
C12838,3,674,Yes
C12839,4,568,Yes
C12840,4,585,No
C12841,3,653,No
C12842,3,679,No
C12843,2,641,No
C12844,4,681,Yes
C12845,4,638,Yes
C12846,3,610,Yes
C12847,4,632,Yes
C12848,2,673,No
C12849,2,639,No
C12850,2,497,Yes
C12851,4,674,Yes
C12852,4,607,Yes
C12853,2,688,No
C12854,4,670,No
C12855,2,666,Yes
C12856,4,713,Yes
C12857,4,582,Yes
C12858,4,480,Yes
C12859,4,656,Yes
C12860,3,649,Yes
C12861,2,655,No
C12862,2,649,Yes
C12863,4,620,Yes
C12864,3,654,No
C12865,2,690,No
C12866,2,672,No
C12867,2,678,No
C12868,2,574,No
C12869,2,712,Yes
C12870,3,590,No
C12871,3,649,No
C12872,3,680,Yes
C12873,4,644,Yes
C12874,2,621,No
C12875,3,673,Yes
C12876,3,706,Yes
C12877,3,677,Yes
C12878,4,586,Yes
C12879,2,600,Yes
C12880,2,572,Yes
C12881,3,670,Yes
C12882,2,605,No
C12883,2,665,Yes
C12884,4,652,Yes
C12885,3,607,Yes
C12886,2,630,No
C12887,3,593,Yes
C12888,3,712,No
C12889,4,670,No
C12890,3,658,No
C12891,3,630,Yes
C12892,3,584,Yes
C12893,3,631,Yes
C12894,2,458,Yes
C12895,4,576,Yes
C12896,4,649,Yes
C12897,2,678,Yes
C12898,3,602,No
C12899,3,560,Yes
C12900,2,554,No
C12901,2,630,No
C12902,3,687,No
C12903,2,553,No
C12904,4,613,No
C12905,2,581,Yes
C12906,3,659,No
C12907,4,715,No
C12908,4,649,Yes
C12909,2,561,Yes
C12910,2,580,No
C12911,2,677,Yes
C12912,4,611,Yes
C12913,2,602,Yes
C12914,2,620,No
C12915,2,682,No
C12916,2,652,Yes
C12917,3,649,No
C12918,2,627,No
C12919,2,663,No
C12920,2,657,Yes
C12921,2,694,Yes
C12922,4,655,No
C12923,4,585,Yes
C12924,3,666,No
C12925,2,694,Yes
C12926,3,642,No
C12927,3,636,No
C12928,4,596,Yes
C12929,4,645,Yes
C12930,4,590,No
C12931,4,592,Yes
C12932,2,662,Yes
C12933,4,656,No
C12934,3,592,Yes
C12935,2,637,No
C12936,4,678,Yes
C12937,4,627,Yes
C12938,2,656,Yes
C12939,4,592,Yes
C12940,3,646,No
C12941,3,585,Yes
C12942,2,569,Yes
C12943,4,679,Yes
C12944,2,641,Yes
C12945,4,538,No
C12946,3,536,No
C12947,2,679,Yes
C12948,2,654,Yes
C12949,3,684,Yes
C12950,3,680,No
C12951,2,596,No
C12952,4,643,Yes
C12953,3,676,Yes
C12954,3,671,No
C12955,4,567,Yes
C12956,2,649,No
C12957,3,543,Yes
C12958,4,636,Yes
C12959,4,666,Yes
C12960,4,668,No
C12961,2,639,No
C12962,4,614,No
C12963,4,523,Yes
C12964,3,661,No
C12965,2,600,No
C12966,3,586,Yes
C12967,3,684,Yes
C12968,4,682,No
C12969,4,675,Yes
C12970,3,570,Yes
C12971,4,637,Yes
C12972,4,686,No
C12973,4,666,No
C12974,3,654,Yes
C12975,3,543,Yes
C12976,4,636,No
C12977,3,652,Yes
C12978,4,693,No
C12979,3,526,Yes
C12980,3,631,No
C12981,3,658,Yes
C12982,2,681,No
C12983,3,631,No
C12984,2,567,No
C12985,2,620,Yes
C12986,4,629,Yes
C12987,4,661,No
C12988,2,586,Yes
C12989,3,705,No
C12990,4,578,No
C12991,3,611,No
C12992,4,709,No
C12993,2,596,No
C12994,3,556,Yes
C12995,2,632,No
C12996,3,650,Yes
C12997,3,569,Yes
C12998,2,628,No
C12999,2,545,Yes
C13000,2,591,No
C13001,2,631,Yes
C13002,4,580,Yes
C13003,3,659,No
C13004,4,647,Yes
C13005,2,546,Yes
C13006,3,661,No
C13007,4,638,No
C13008,3,529,Yes
C13009,2,647,Yes
C13010,4,521,No
C13011,4,497,Yes
C13012,2,596,No
C13013,4,502,Yes
C13014,4,641,No
C13015,2,684,No
C13016,3,696,Yes
C13017,4,689,Yes
C13018,4,631,No
C13019,2,562,Yes
C13020,4,714,Yes
C13021,3,587,Yes
C13022,2,668,Yes
C13023,4,652,Yes
C13024,3,729,No
C13025,3,665,No
C13026,2,659,Yes
C13027,4,578,Yes
C13028,2,559,Yes
C13029,3,619,Yes
C13030,4,668,Yes
C13031,2,597,Yes
C13032,2,525,Yes
C13033,4,682,Yes
C13034,2,694,Yes
C13035,2,672,Yes
C13036,2,610,Yes
C13037,3,609,Yes
C13038,3,678,Yes
C13039,2,539,No
C13040,3,627,Yes
C13041,4,599,No
C13042,2,506,Yes
C13043,3,537,No
C13044,3,660,Yes
C13045,4,652,Yes
C13046,3,658,Yes
C13047,4,670,Yes
C13048,3,691,No
C13049,2,638,No
C13050,3,677,Yes
C13051,3,699,No
C13052,2,695,No
C13053,3,639,Yes
C13054,3,652,Yes
C13055,2,628,No
C13056,3,596,No
C13057,2,555,Yes
C13058,4,717,No
C13059,4,635,No
C13060,4,650,Yes
C13061,4,508,Yes
C13062,2,614,No
C13063,3,651,No
C13064,2,618,No
C13065,4,687,No
C13066,4,686,Yes
C13067,3,672,Yes
C13068,2,702,No
C13069,2,634,Yes
C13070,3,502,Yes
C13071,2,502,Yes
C13072,4,566,Yes
C13073,3,649,Yes
C13074,2,568,Yes
C13075,4,664,No
C13076,2,675,No
C13077,4,618,Yes
C13078,4,580,Yes
C13079,4,620,Yes
C13080,3,698,No
C13081,3,676,Yes
C13082,3,615,No
C13083,3,673,No
C13084,2,640,No
C13085,3,653,No
C13086,2,673,Yes
C13087,4,618,No
C13088,4,655,Yes
C13089,2,649,Yes
C13090,3,666,Yes
C13091,4,615,No
C13092,3,545,Yes
C13093,4,546,No
C13094,2,615,Yes
C13095,3,683,No
C13096,4,584,Yes
C13097,3,576,Yes
C13098,2,597,Yes
C13099,3,499,Yes
C13100,2,518,Yes
C13101,2,588,No
C13102,4,677,No
C13103,4,621,No
C13104,2,622,No
C13105,3,578,Yes
C13106,2,645,Yes
C13107,4,598,Yes
C13108,4,659,No
C13109,4,523,Yes
C13110,2,598,Yes
C13111,3,669,No
C13112,4,663,No
C13113,4,631,No
C13114,3,659,No
C13115,4,664,No
C13116,3,660,Yes
C13117,3,567,Yes
C13118,3,699,No
C13119,3,519,Yes
C13120,4,709,No
C13121,2,588,Yes
C13122,3,592,Yes
C13123,2,605,No
C13124,2,600,Yes
C13125,4,665,No
C13126,4,593,Yes
C13127,2,601,No
C13128,4,638,No
C13129,3,619,Yes
C13130,3,596,Yes
C13131,4,651,Yes
C13132,3,535,No
C13133,2,636,Yes
C13134,2,646,No
C13135,3,537,Yes
C13136,2,608,No
C13137,2,655,Yes
C13138,3,696,No
C13139,4,680,No
C13140,4,659,Yes
C13141,4,601,No
C13142,4,628,Yes
C13143,3,582,No
C13144,4,649,No
C13145,2,654,Yes
C13146,4,665,No
C13147,4,672,No
C13148,3,512,Yes
C13149,2,649,No
C13150,2,664,No
C13151,2,735,No
C13152,3,628,Yes
C13153,2,655,No
C13154,2,636,No
C13155,4,562,Yes
C13156,2,624,No
C13157,2,636,No
C13158,2,650,Yes
C13159,3,617,Yes
C13160,2,670,No
C13161,2,621,Yes
C13162,4,557,Yes
C13163,4,668,Yes
C13164,2,589,No
C13165,4,544,Yes
C13166,3,636,No
C13167,3,572,Yes
C13168,2,566,Yes
C13169,4,612,Yes
C13170,4,645,No
C13171,4,666,No
C13172,2,667,Yes
C13173,4,708,No
C13174,2,708,No
C13175,2,700,Yes
C13176,2,670,No
C13177,3,590,Yes
C13178,4,632,Yes
C13179,2,620,No
C13180,4,573,Yes
C13181,3,681,No
C13182,3,654,No
C13183,3,611,No
C13184,2,674,Yes
C13185,4,669,Yes
C13186,3,713,Yes
C13187,2,584,No
C13188,4,654,No
C13189,3,660,No
C13190,4,626,Yes
C13191,4,565,No
C13192,3,536,Yes
C13193,4,673,No
C13194,4,629,No
C13195,2,515,Yes
C13196,2,636,No
C13197,2,687,Yes
C13198,2,674,No
C13199,3,674,Yes
C13200,4,674,Yes
C13201,2,648,Yes
C13202,3,616,No
C13203,3,712,No
C13204,4,661,No
C13205,3,699,No
C13206,3,638,No
C13207,2,703,No
C13208,4,653,Yes
C13209,3,665,Yes
C13210,2,628,Yes
C13211,4,619,Yes
C13212,2,611,Yes
C13213,3,527,No
C13214,3,578,Yes
C13215,4,594,No
C13216,4,688,No
C13217,2,620,Yes
C13218,2,651,No
C13219,4,576,Yes
C13220,4,658,No
C13221,2,636,Yes
C13222,3,608,Yes
C13223,4,603,Yes
C13224,2,644,No
C13225,4,672,No
C13226,2,636,Yes
C13227,2,591,Yes
C13228,3,613,No
C13229,3,624,Yes
C13230,3,632,No
C13231,2,538,Yes
C13232,4,667,No
C13233,3,679,No
C13234,3,536,Yes
C13235,2,678,No
C13236,4,645,No
C13237,4,590,No
C13238,3,615,Yes
C13239,2,671,No
C13240,2,615,Yes
C13241,4,610,No
C13242,4,687,No
C13243,2,688,No
C13244,2,623,Yes
C13245,3,657,No
C13246,4,565,No
C13247,2,657,No
C13248,2,546,Yes
C13249,4,681,Yes
C13250,4,668,No
C13251,3,636,Yes
C13252,2,644,Yes
C13253,4,654,Yes
C13254,2,670,No
C13255,3,648,Yes
C13256,3,650,No
C13257,3,640,No
C13258,3,596,No
C13259,2,696,No
C13260,4,593,Yes
C13261,3,703,Yes
C13262,3,608,No
C13263,3,657,Yes
C13264,3,685,No
C13265,4,675,No
C13266,2,647,No
C13267,2,604,No
C13268,3,537,No
C13269,4,677,Yes
C13270,2,564,No
C13271,2,591,No
C13272,4,577,Yes
C13273,2,627,Yes
C13274,2,603,Yes
C13275,2,672,No
C13276,3,634,Yes
C13277,4,675,No
C13278,4,630,No
C13279,4,618,Yes
C13280,4,497,No
C13281,4,683,No
C13282,4,686,No
C13283,4,606,Yes
C13284,3,640,No
C13285,2,526,No
C13286,4,694,No
C13287,3,658,No
C13288,4,679,Yes
C13289,3,676,Yes
C13290,4,537,No
C13291,4,681,Yes
C13292,4,614,No
C13293,3,607,No
C13294,4,671,Yes
C13295,2,603,No
C13296,3,661,Yes
C13297,2,583,Yes
C13298,4,631,Yes
C13299,3,691,No
C13300,3,705,No
C13301,3,667,No
C13302,2,582,No
C13303,3,581,No
C13304,4,678,Yes
C13305,4,621,No
C13306,2,650,Yes
C13307,4,709,Yes
C13308,2,675,No
C13309,2,572,No
C13310,3,681,Yes
C13311,4,603,Yes
C13312,4,470,Yes
C13313,2,688,No
C13314,4,654,No
C13315,4,711,Yes
C13316,4,565,No
C13317,3,628,No
C13318,3,555,Yes
C13319,3,665,No
C13320,3,636,No
C13321,4,604,Yes
C13322,2,646,Yes
C13323,4,640,No
C13324,3,656,No
C13325,4,590,Yes
C13326,3,678,No
C13327,3,590,Yes
C13328,3,680,Yes
C13329,2,614,Yes
C13330,3,667,Yes
C13331,4,606,Yes
C13332,3,601,Yes
C13333,2,661,No
C13334,3,630,No
C13335,2,669,No
C13336,3,659,No
C13337,4,658,Yes
C13338,2,668,No
C13339,2,657,Yes
C13340,3,621,Yes
C13341,2,634,No
C13342,4,635,No
C13343,4,624,Yes
C13344,4,616,Yes
C13345,2,630,Yes
C13346,3,687,No
C13347,4,671,No
C13348,4,630,No
C13349,3,608,No
C13350,2,645,No
C13351,2,682,No
C13352,3,599,No
C13353,2,695,No
C13354,4,630,Yes
C13355,2,689,No
C13356,3,603,No
C13357,4,599,Yes
C13358,4,680,Yes
C13359,4,699,Yes
C13360,2,563,Yes
C13361,2,598,Yes
C13362,4,516,Yes
C13363,4,688,Yes
C13364,2,653,No
C13365,3,611,No
C13366,4,681,No
C13367,2,663,Yes
C13368,2,623,No
C13369,4,642,No
C13370,3,652,Yes
C13371,2,599,No
C13372,2,644,No
C13373,4,648,Yes
C13374,4,652,No
C13375,3,678,No
C13376,3,634,Yes
C13377,4,563,Yes
C13378,3,662,No
C13379,2,717,No
C13380,4,585,Yes
C13381,3,696,No
C13382,4,687,No
C13383,2,659,Yes
C13384,2,559,Yes
C13385,4,632,Yes
C13386,3,623,Yes
C13387,3,576,No
C13388,3,643,No
C13389,3,645,Yes
C13390,2,582,Yes
C13391,2,684,No
C13392,2,529,No
C13393,4,644,No
C13394,4,622,No
C13395,2,580,No
C13396,2,700,No
C13397,4,488,Yes
C13398,4,606,Yes
C13399,3,523,Yes
C13400,4,547,Yes
C13401,3,594,Yes
C13402,4,682,No
C13403,4,613,No
C13404,4,591,Yes
C13405,4,515,Yes
C13406,3,664,Yes
C13407,3,610,No
C13408,3,619,No
C13409,2,704,Yes
C13410,2,654,Yes
C13411,4,663,No
C13412,2,655,No
C13413,4,644,No
C13414,2,493,Yes
C13415,4,666,No
C13416,2,645,No
C13417,4,635,Yes
C13418,2,587,Yes
C13419,3,570,Yes
C13420,4,713,No
C13421,3,642,Yes
C13422,4,639,No
C13423,2,671,Yes
C13424,3,622,Yes
C13425,2,608,Yes
C13426,2,666,Yes
C13427,2,640,Yes
C13428,3,597,No
C13429,3,642,Yes
C13430,2,629,Yes
C13431,2,696,Yes
C13432,2,639,Yes
C13433,4,658,Yes
C13434,3,676,No
C13435,3,671,Yes
C13436,2,587,No
C13437,2,671,Yes
C13438,3,704,Yes
C13439,3,551,Yes
C13440,2,612,Yes
C13441,3,613,Yes
C13442,3,653,Yes
C13443,4,611,Yes
C13444,3,604,No
C13445,2,571,Yes
C13446,3,608,Yes
C13447,2,684,No
C13448,4,580,Yes
C13449,3,645,No
C13450,2,697,Yes
C13451,3,612,Yes
C13452,2,691,No
C13453,2,551,Yes
C13454,3,530,Yes
C13455,2,675,No
C13456,4,514,Yes
C13457,2,642,Yes
C13458,2,633,No
C13459,2,685,Yes
C13460,4,546,Yes
C13461,4,671,No
C13462,4,620,No
C13463,2,596,No
C13464,2,586,No
C13465,4,681,No
C13466,4,569,Yes
C13467,2,642,No
C13468,2,691,No
C13469,3,691,No
C13470,3,632,No
C13471,2,589,Yes
C13472,3,700,No
C13473,2,518,Yes
C13474,4,697,Yes
C13475,2,615,No
C13476,3,645,Yes
C13477,2,589,Yes
C13478,2,681,No
C13479,4,655,No
C13480,2,576,Yes
C13481,2,575,No
C13482,4,693,No
C13483,4,617,No
C13484,2,563,No
C13485,3,565,No
C13486,4,661,No
C13487,2,607,No
C13488,2,670,No
C13489,2,676,No
C13490,4,643,Yes
C13491,3,687,No
C13492,3,643,No
C13493,4,695,No
C13494,2,645,No
C13495,3,631,Yes
C13496,4,670,Yes
C13497,2,646,Yes
C13498,3,573,Yes
C13499,4,666,Yes
C13500,2,694,No
C13501,2,668,Yes
C13502,2,688,No
C13503,2,616,Yes
C13504,3,664,Yes
C13505,3,534,Yes
C13506,2,551,Yes
C13507,4,626,No
C13508,2,672,No
C13509,2,638,Yes
C13510,4,605,No
C13511,4,689,Yes
C13512,2,597,No
C13513,4,659,No
C13514,3,575,Yes
C13515,2,633,Yes
C13516,2,505,Yes
C13517,4,676,No
C13518,4,673,No
C13519,3,704,No
C13520,2,565,Yes
C13521,3,709,Yes
C13522,4,668,Yes
C13523,3,667,No
C13524,3,669,No
C13525,4,536,Yes
C13526,2,527,Yes
C13527,3,614,Yes
C13528,2,682,Yes
C13529,4,613,No
C13530,2,566,Yes
C13531,3,564,No
C13532,4,618,No
C13533,2,697,Yes
C13534,4,643,No
C13535,4,652,Yes
C13536,3,735,Yes
C13537,4,663,Yes
C13538,3,644,Yes
C13539,3,649,Yes
C13540,3,555,No
C13541,2,603,No
C13542,4,673,Yes
C13543,2,693,No
C13544,3,514,Yes
C13545,2,648,Yes
C13546,3,695,No
C13547,3,562,Yes
C13548,4,550,Yes
C13549,2,522,Yes
C13550,4,703,Yes
C13551,4,631,Yes
C13552,3,594,Yes
C13553,2,674,Yes
C13554,2,656,Yes
C13555,4,619,No
C13556,3,663,No
C13557,4,681,Yes
C13558,3,700,Yes
C13559,2,590,Yes
C13560,3,648,Yes
C13561,2,648,No
C13562,4,641,No
C13563,2,500,Yes
C13564,4,604,No
C13565,2,586,Yes
C13566,3,626,No
C13567,3,631,No
C13568,3,470,Yes
C13569,4,639,No
C13570,2,675,Yes
C13571,3,657,No
C13572,2,580,No
C13573,4,595,No
C13574,4,569,Yes
C13575,4,623,Yes
C13576,4,658,No
C13577,3,684,No
C13578,4,689,No
C13579,2,625,No
C13580,4,634,Yes
C13581,2,530,No
C13582,2,593,No
C13583,3,629,No
C13584,4,716,No
C13585,2,620,Yes
C13586,2,568,Yes
C13587,3,636,Yes
C13588,2,664,No
C13589,3,603,No
C13590,4,514,Yes
C13591,2,572,Yes
C13592,3,668,Yes
C13593,4,621,Yes
C13594,3,597,Yes
C13595,4,626,Yes
C13596,2,648,Yes
C13597,2,702,No
C13598,2,696,No
C13599,4,677,Yes
C13600,4,514,Yes
C13601,2,671,Yes
C13602,3,619,Yes
C13603,4,677,Yes
C13604,2,530,No
C13605,3,608,Yes
C13606,2,485,Yes
C13607,3,569,Yes
C13608,4,598,No
C13609,3,532,Yes
C13610,4,670,No
C13611,4,637,Yes
C13612,3,614,No
C13613,4,527,Yes
C13614,4,678,No
C13615,4,492,Yes
C13616,4,650,No
C13617,4,581,Yes
C13618,4,658,Yes
C13619,4,651,No
C13620,4,633,Yes
C13621,4,591,Yes
C13622,2,649,Yes
C13623,2,582,No
C13624,4,629,No
C13625,4,617,No
C13626,2,603,No
C13627,2,678,No
C13628,2,577,Yes
C13629,4,670,No
C13630,2,558,Yes
C13631,4,613,No
C13632,3,679,No
C13633,3,633,No
C13634,3,609,Yes
C13635,2,665,No
C13636,3,695,Yes
C13637,3,611,No
C13638,3,684,No
C13639,3,597,Yes
C13640,2,706,Yes
C13641,2,628,No
C13642,3,680,No
C13643,2,620,Yes
C13644,2,644,Yes
C13645,3,638,No
C13646,4,684,Yes
C13647,2,622,No
C13648,4,625,Yes
C13649,4,619,Yes
C13650,3,624,No
C13651,2,614,Yes
C13652,3,645,Yes
C13653,3,593,Yes
C13654,2,694,Yes
C13655,2,687,Yes
C13656,4,603,Yes
C13657,4,592,Yes
C13658,4,652,Yes
C13659,2,644,No
C13660,4,561,Yes
C13661,4,635,Yes
C13662,3,597,Yes
C13663,4,694,Yes
C13664,3,692,No
C13665,2,612,Yes
C13666,4,495,Yes
C13667,4,499,Yes
C13668,4,715,Yes
C13669,4,665,No
C13670,2,683,No
C13671,2,663,Yes
C13672,2,583,Yes
C13673,3,669,Yes
C13674,4,514,Yes
C13675,2,676,Yes
C13676,4,628,No
C13677,3,612,Yes
C13678,3,645,No
C13679,4,582,Yes
C13680,2,686,Yes
C13681,3,651,No
C13682,4,663,Yes
C13683,3,594,No
C13684,2,579,Yes
C13685,2,569,No
C13686,3,536,Yes
C13687,4,613,No
C13688,2,706,No
C13689,3,647,No
C13690,3,714,No
C13691,2,533,Yes
C13692,3,591,No
C13693,4,615,Yes
C13694,4,538,Yes
C13695,3,632,No
C13696,3,583,Yes
C13697,4,569,Yes
C13698,4,601,Yes
C13699,3,575,Yes
C13700,4,621,No
C13701,4,541,Yes
C13702,2,702,No
C13703,2,683,Yes
C13704,3,707,No
C13705,4,687,No
C13706,2,585,No
C13707,4,540,Yes
C13708,4,575,No
C13709,3,680,No
C13710,4,640,No
C13711,2,675,No
C13712,4,525,Yes
C13713,4,697,Yes
C13714,4,690,Yes
C13715,2,699,Yes
C13716,3,579,Yes
C13717,4,541,Yes
C13718,3,526,Yes
C13719,3,510,Yes
C13720,2,651,Yes
C13721,3,603,Yes
C13722,3,678,Yes
C13723,4,648,No
C13724,3,666,Yes
C13725,2,599,No
C13726,3,662,Yes
C13727,4,543,Yes
C13728,2,558,Yes
C13729,4,645,Yes
C13730,4,546,Yes
C13731,4,646,No
C13732,4,588,No
C13733,4,507,Yes
C13734,3,598,No
C13735,2,601,No
C13736,2,553,Yes
C13737,3,575,Yes
C13738,2,554,No
C13739,2,553,Yes
C13740,3,595,Yes
C13741,4,575,No
C13742,4,687,No
C13743,4,587,No
C13744,2,682,No
C13745,4,617,No
C13746,3,691,No
C13747,4,651,No
C13748,3,629,Yes
C13749,4,604,No
C13750,4,640,Yes
C13751,2,616,No
C13752,3,686,Yes
C13753,3,641,Yes
C13754,2,681,Yes
C13755,3,723,Yes
C13756,4,573,No
C13757,3,641,No
C13758,3,688,Yes
C13759,4,658,Yes
C13760,2,593,Yes
C13761,4,680,Yes
C13762,3,628,No
C13763,3,592,No
C13764,4,548,Yes
C13765,3,630,No
C13766,3,691,No
C13767,4,563,Yes
C13768,2,620,No
C13769,3,612,Yes
C13770,3,659,Yes
C13771,4,579,Yes
C13772,2,636,Yes
C13773,3,678,No
C13774,4,630,Yes
C13775,2,660,No
C13776,3,668,No
C13777,3,512,Yes
C13778,3,608,Yes
C13779,2,588,Yes
C13780,3,614,No
C13781,4,597,Yes
C13782,4,663,No
C13783,3,686,Yes
C13784,4,650,Yes
C13785,3,665,Yes
C13786,3,664,No
C13787,3,704,No
C13788,4,621,Yes
C13789,3,585,No
C13790,3,488,Yes
C13791,4,582,Yes
C13792,4,654,Yes
C13793,2,668,No
C13794,4,587,Yes
C13795,2,624,No
C13796,4,561,Yes
C13797,2,681,No
C13798,3,625,No
C13799,2,634,Yes
C13800,4,678,No
C13801,4,554,No
C13802,2,558,No
C13803,3,635,No
C13804,3,644,Yes
C13805,2,611,Yes
C13806,4,568,No
C13807,3,651,Yes
C13808,3,453,Yes
C13809,4,585,Yes
C13810,4,560,No
C13811,4,710,No
C13812,2,671,Yes
C13813,2,610,Yes
C13814,3,645,Yes
C13815,2,725,No
C13816,3,546,Yes
C13817,2,580,Yes
C13818,3,521,Yes
C13819,2,553,No
C13820,4,531,Yes
C13821,4,553,Yes
C13822,3,649,Yes
C13823,3,597,Yes
C13824,4,522,No
C13825,4,565,Yes
C13826,3,698,No
C13827,3,637,No
C13828,3,597,Yes
C13829,3,597,No
C13830,4,638,Yes
C13831,4,649,Yes
C13832,4,646,No
C13833,4,658,No
C13834,4,479,Yes
C13835,2,675,No
C13836,2,654,No
C13837,2,664,No
C13838,2,476,Yes
C13839,4,678,No
C13840,2,727,No
C13841,2,684,Yes
C13842,4,645,Yes
C13843,2,598,No
C13844,3,596,Yes
C13845,3,601,No
C13846,2,734,No
C13847,4,590,Yes
C13848,4,655,Yes
C13849,2,583,No
C13850,4,593,Yes
C13851,3,627,No
C13852,2,528,Yes
C13853,2,598,No
C13854,4,704,No
C13855,2,499,Yes
C13856,4,579,Yes
C13857,2,571,No
C13858,4,664,No
C13859,4,596,Yes
C13860,2,708,No
C13861,3,630,No
C13862,4,621,Yes
C13863,3,528,Yes
C13864,4,631,Yes
C13865,3,699,Yes
C13866,3,648,No
C13867,4,601,Yes
C13868,4,522,Yes
C13869,3,663,Yes
C13870,3,667,Yes
C13871,4,632,No
C13872,3,656,No
C13873,2,577,Yes
C13874,2,608,Yes
C13875,3,598,Yes
C13876,3,630,Yes
C13877,3,610,Yes
C13878,2,536,No
C13879,2,623,Yes
C13880,4,574,Yes
C13881,2,610,No
C13882,2,566,No
C13883,2,670,No
C13884,2,575,Yes
C13885,3,506,Yes
C13886,2,618,No
C13887,2,581,Yes
C13888,2,650,Yes
C13889,3,626,No
C13890,3,554,Yes
C13891,3,569,Yes
C13892,3,586,Yes
C13893,3,599,Yes
C13894,3,595,Yes
C13895,3,649,No
C13896,3,663,Yes
C13897,3,656,Yes
C13898,3,604,No
C13899,3,607,Yes
C13900,3,692,Yes
C13901,4,669,No
C13902,2,681,Yes
C13903,4,653,Yes
C13904,3,641,No
C13905,3,605,Yes
C13906,4,628,Yes
C13907,3,614,Yes
C13908,4,669,No
C13909,2,632,No
C13910,2,649,No
C13911,3,611,Yes
C13912,2,676,No
C13913,4,648,Yes
C13914,3,631,No
C13915,2,527,No
C13916,2,663,No
C13917,3,634,Yes
C13918,4,657,No
C13919,4,594,No
C13920,2,611,Yes
C13921,4,669,Yes
C13922,3,693,Yes
C13923,3,602,Yes
C13924,3,646,No
C13925,3,656,No
C13926,3,629,No
C13927,4,613,No
C13928,4,583,Yes
C13929,4,543,Yes
C13930,2,673,Yes
C13931,3,637,No
C13932,4,659,No
C13933,3,679,No
C13934,2,627,Yes
C13935,2,558,No
C13936,4,577,Yes
C13937,2,535,No
C13938,3,647,Yes
C13939,4,622,Yes
C13940,2,623,Yes
C13941,3,608,Yes
C13942,2,633,Yes
C13943,4,679,Yes
C13944,4,582,Yes
C13945,2,653,No
C13946,3,571,No
C13947,2,655,Yes
C13948,3,668,Yes
C13949,3,681,Yes
C13950,2,617,No
C13951,3,614,Yes
C13952,3,664,No
C13953,2,564,No
C13954,2,621,No
C13955,2,542,Yes
C13956,3,689,No
C13957,4,603,Yes
C13958,2,679,Yes
C13959,4,642,No
C13960,3,682,Yes
C13961,2,563,No
C13962,4,670,Yes
C13963,2,606,No
C13964,2,665,Yes
C13965,4,705,No
C13966,4,593,No
C13967,3,643,No
C13968,3,651,Yes
C13969,2,619,No
C13970,2,681,Yes
C13971,4,673,No
C13972,4,612,Yes
C13973,4,628,Yes
C13974,3,511,Yes
C13975,4,688,Yes
C13976,2,693,No
C13977,3,580,No
C13978,2,633,Yes
C13979,3,681,No
C13980,2,639,Yes
C13981,3,645,Yes
C13982,4,614,Yes
C13983,2,678,No
C13984,4,679,No
C13985,4,674,Yes
C13986,4,651,Yes
C13987,3,700,Yes
C13988,4,631,Yes
C13989,2,631,Yes
C13990,2,689,Yes
C13991,3,604,Yes
C13992,2,614,Yes
C13993,3,586,Yes
C13994,4,599,Yes
C13995,3,667,No
C13996,2,646,Yes
C13997,4,583,Yes
C13998,3,693,Yes
C13999,4,523,Yes
C14000,2,616,Yes
C14001,2,544,Yes
C14002,3,633,No
C14003,3,622,Yes
C14004,4,624,Yes
C14005,3,645,No
C14006,4,638,Yes
C14007,3,677,No
C14008,2,599,No
C14009,3,687,No
C14010,4,644,No
C14011,3,690,No
C14012,3,679,Yes
C14013,4,614,No
C14014,2,660,No
C14015,3,611,No
C14016,3,560,Yes
C14017,2,601,No
C14018,3,637,Yes
C14019,3,684,Yes
C14020,2,679,No
C14021,4,583,No
C14022,2,646,No
C14023,3,586,Yes
C14024,4,613,Yes
C14025,2,675,No
C14026,3,610,Yes
C14027,4,652,No
C14028,2,557,Yes
C14029,2,640,Yes
C14030,4,674,Yes
C14031,4,663,Yes
C14032,3,690,Yes
C14033,4,600,Yes
C14034,2,680,No
C14035,4,667,Yes
C14036,2,505,Yes
C14037,4,599,Yes
C14038,2,559,No
C14039,4,679,No
C14040,2,612,No
C14041,4,573,Yes
C14042,4,605,No
C14043,4,589,Yes
C14044,2,635,No
C14045,4,568,Yes
C14046,2,575,Yes
C14047,2,664,Yes
C14048,2,633,Yes
C14049,3,605,No
C14050,2,686,Yes
C14051,2,699,No
C14052,3,637,No
C14053,2,599,Yes
C14054,4,678,Yes
C14055,2,657,No
C14056,3,635,No
C14057,2,660,Yes
C14058,4,637,No
C14059,2,480,Yes
C14060,2,595,Yes
C14061,4,649,Yes
C14062,3,627,No
C14063,2,631,No
C14064,3,589,Yes
C14065,4,555,Yes
C14066,3,585,Yes
C14067,2,686,Yes
C14068,4,648,Yes
C14069,3,666,No
C14070,2,637,Yes
C14071,2,652,Yes
C14072,3,559,Yes
C14073,2,662,Yes
C14074,4,542,Yes
C14075,4,652,No
C14076,2,556,Yes
C14077,3,651,Yes
C14078,2,574,Yes
C14079,4,626,Yes
C14080,2,659,Yes
C14081,3,663,No
C14082,3,675,Yes
C14083,2,596,Yes
C14084,4,522,No
C14085,2,683,Yes
C14086,4,605,Yes
C14087,4,611,No
C14088,2,605,Yes
C14089,3,580,Yes
C14090,2,606,Yes
C14091,4,547,Yes
C14092,2,666,No
C14093,3,640,No
C14094,4,695,No
C14095,2,638,Yes
C14096,4,586,Yes
C14097,2,671,Yes
C14098,4,531,Yes
C14099,4,620,Yes
C14100,4,637,Yes
C14101,2,545,No
C14102,2,501,Yes
C14103,3,599,No
C14104,4,699,No
C14105,2,675,Yes
C14106,3,701,Yes
C14107,4,593,Yes
C14108,3,657,Yes
C14109,3,614,No
C14110,3,648,No
C14111,4,655,Yes
C14112,4,626,Yes
C14113,2,586,No
C14114,2,633,Yes
C14115,4,619,No
C14116,2,630,No
C14117,4,659,No
C14118,4,706,No
C14119,3,608,Yes
C14120,3,573,Yes
C14121,3,625,Yes
C14122,3,541,Yes
C14123,4,607,Yes
C14124,2,572,Yes
C14125,2,678,Yes
C14126,4,535,Yes
C14127,2,659,Yes
C14128,2,653,No
C14129,4,493,Yes
C14130,3,633,No
C14131,2,618,No
C14132,3,637,Yes
C14133,3,626,Yes
C14134,4,704,Yes
C14135,4,631,Yes
C14136,3,650,No
C14137,4,668,No
C14138,2,611,Yes
C14139,2,676,Yes
C14140,2,624,No
C14141,3,641,No
C14142,2,703,Yes
C14143,3,648,No
C14144,4,681,Yes
C14145,3,659,Yes
C14146,3,650,No
C14147,2,510,No
C14148,3,539,Yes
C14149,4,620,No
C14150,2,626,No
C14151,2,659,No
C14152,3,611,Yes
C14153,4,587,Yes
C14154,3,529,Yes
C14155,3,487,Yes
C14156,3,620,No
C14157,2,524,Yes
C14158,2,697,No
C14159,2,623,No
C14160,2,506,Yes
C14161,2,606,Yes
C14162,4,630,Yes
C14163,4,620,Yes
C14164,3,565,No
C14165,4,629,Yes
C14166,4,608,No
C14167,3,557,No
C14168,3,681,Yes
C14169,4,626,Yes
C14170,3,607,Yes
C14171,3,658,No
C14172,3,587,No
C14173,3,602,No
C14174,3,637,Yes
C14175,3,660,Yes
C14176,2,565,Yes
C14177,4,622,No
C14178,2,629,No
C14179,4,667,No
C14180,4,677,Yes
C14181,2,713,No
C14182,2,692,No
C14183,4,627,Yes
C14184,3,652,Yes
C14185,4,680,No
C14186,4,586,No
C14187,3,648,Yes
C14188,4,667,Yes
C14189,4,625,Yes
C14190,4,519,No
C14191,4,670,No
C14192,4,521,Yes
C14193,2,531,No
C14194,2,540,Yes
C14195,3,585,No
C14196,3,565,Yes
C14197,2,559,Yes
C14198,3,692,No
C14199,4,681,No
C14200,3,627,No
C14201,3,722,No
C14202,4,631,No
C14203,4,668,Yes
C14204,4,576,No
C14205,4,638,No
C14206,2,554,Yes
C14207,2,563,No
C14208,3,629,Yes
C14209,4,646,Yes
C14210,3,668,Yes
C14211,4,685,No
C14212,3,650,Yes
C14213,3,606,No
C14214,2,570,Yes
C14215,3,600,Yes
C14216,2,679,Yes
C14217,2,524,Yes
C14218,3,630,Yes
C14219,4,665,Yes
C14220,4,636,No
C14221,3,609,No
C14222,3,685,Yes
C14223,4,627,Yes
C14224,3,568,No
C14225,2,643,Yes
C14226,3,592,No
C14227,3,641,Yes
C14228,4,625,Yes
C14229,4,553,Yes
C14230,3,587,Yes
C14231,4,607,Yes
C14232,3,683,No
C14233,2,602,Yes
C14234,3,656,Yes
C14235,4,629,Yes
C14236,2,573,Yes
C14237,3,691,Yes
C14238,2,710,No
C14239,2,634,Yes
C14240,3,658,No
C14241,3,670,Yes
C14242,4,536,No
C14243,3,598,Yes
C14244,2,681,No
C14245,4,665,Yes
C14246,3,592,Yes
C14247,2,678,No
C14248,3,621,No
C14249,3,553,Yes
C14250,3,608,No
C14251,2,625,No
C14252,3,685,No
C14253,3,486,Yes
C14254,4,621,Yes
C14255,4,549,No
C14256,4,603,Yes
C14257,3,685,No
C14258,2,673,No
C14259,4,516,Yes
C14260,3,696,No
C14261,2,657,No
C14262,2,615,Yes
C14263,2,541,Yes
C14264,4,628,No
C14265,4,662,No
C14266,3,596,Yes
C14267,2,614,No
C14268,3,672,No
C14269,2,651,No
C14270,2,639,No
C14271,2,659,No
C14272,3,688,No
C14273,3,631,Yes
C14274,3,600,Yes
C14275,3,672,No
C14276,4,670,Yes
C14277,4,528,Yes
C14278,2,614,No
C14279,4,649,Yes
C14280,2,622,No
C14281,4,546,Yes
C14282,2,684,No
C14283,3,609,No
C14284,4,654,No
C14285,4,551,Yes
C14286,4,618,Yes
C14287,3,596,No
C14288,2,558,Yes
C14289,2,662,No
C14290,2,600,Yes
C14291,4,681,Yes
C14292,3,642,Yes
C14293,2,614,No
C14294,2,612,Yes
C14295,2,582,Yes
C14296,3,574,Yes
C14297,2,564,Yes
C14298,2,677,No
C14299,4,595,No
C14300,3,682,Yes
C14301,4,629,No
C14302,2,706,Yes
C14303,3,669,No
C14304,3,661,No
C14305,3,644,Yes
C14306,2,564,Yes
C14307,2,578,Yes
C14308,3,680,Yes
C14309,4,603,Yes
C14310,4,639,No
C14311,2,686,Yes
C14312,3,631,Yes
C14313,4,592,Yes
C14314,3,598,No
C14315,2,668,Yes
C14316,4,569,Yes
C14317,2,670,Yes
C14318,3,597,No
C14319,2,613,No
C14320,2,662,No
C14321,4,505,Yes
C14322,3,502,Yes
C14323,2,651,No
C14324,4,634,No
C14325,3,615,Yes
C14326,3,556,Yes
C14327,3,653,No
C14328,2,674,No
C14329,4,593,No
C14330,4,619,No
C14331,4,619,Yes
C14332,3,630,No
C14333,3,706,Yes
C14334,3,644,No
C14335,4,680,No
C14336,2,696,No
C14337,3,607,Yes
C14338,3,593,No
C14339,2,662,No
C14340,4,598,No
C14341,2,595,Yes
C14342,4,645,Yes
C14343,4,597,Yes
C14344,2,622,Yes
C14345,3,645,Yes
C14346,4,616,No
C14347,3,608,Yes
C14348,4,468,Yes
C14349,3,677,No
C14350,3,579,No
C14351,2,645,Yes
C14352,2,601,No
C14353,2,664,Yes
C14354,2,652,No
C14355,3,618,No
C14356,3,632,Yes
C14357,4,708,Yes
C14358,4,597,No
C14359,2,671,Yes
C14360,3,568,Yes
C14361,2,651,No
C14362,3,654,No
C14363,3,647,Yes
C14364,3,658,No
C14365,2,635,No
C14366,3,560,No
C14367,4,644,No
C14368,2,612,No
C14369,3,667,No
C14370,2,691,No
C14371,3,654,Yes
C14372,2,690,Yes
C14373,3,643,No
C14374,4,682,Yes
C14375,3,600,Yes
C14376,3,686,No
C14377,3,627,No
C14378,2,682,No
C14379,2,598,Yes
C14380,4,619,Yes
C14381,2,687,No
C14382,3,635,Yes
C14383,2,547,Yes
C14384,2,608,Yes
C14385,4,571,Yes
C14386,4,558,Yes
C14387,3,564,Yes
C14388,2,625,No
C14389,3,576,Yes
C14390,4,693,No
C14391,2,625,No
C14392,3,600,Yes
C14393,2,598,Yes
C14394,3,585,Yes
C14395,2,700,No
C14396,4,556,Yes
C14397,2,685,Yes
C14398,3,701,No
C14399,4,608,Yes
C14400,4,660,Yes
C14401,3,670,No
C14402,4,545,No
C14403,4,648,No
C14404,4,615,No
C14405,3,585,Yes
C14406,4,515,No
C14407,4,610,No
C14408,4,689,No
C14409,4,608,No
C14410,2,678,Yes
C14411,4,629,Yes
C14412,2,543,No
C14413,3,548,Yes
C14414,3,702,No
C14415,3,686,Yes
C14416,3,593,Yes
C14417,2,554,Yes
C14418,2,630,Yes
C14419,2,680,No
C14420,4,724,Yes
C14421,2,650,No
C14422,2,676,No
C14423,2,608,Yes
C14424,4,639,No
C14425,4,613,No
C14426,2,636,No
C14427,3,639,Yes
C14428,2,512,Yes
C14429,3,674,No
C14430,3,591,Yes
C14431,3,636,Yes
C14432,3,638,No
C14433,4,599,Yes
C14434,4,629,Yes
C14435,4,634,Yes
C14436,4,640,No
C14437,4,625,Yes
C14438,4,665,Yes
C14439,4,676,No
C14440,4,593,Yes
C14441,3,655,No
C14442,3,592,Yes
C14443,3,650,Yes
C14444,2,565,Yes
C14445,2,678,Yes
C14446,4,597,No
C14447,4,670,No
C14448,3,653,No
C14449,2,675,No
C14450,3,682,No
C14451,2,661,No
C14452,4,516,Yes
C14453,3,675,No
C14454,2,600,Yes
C14455,4,526,Yes
C14456,3,642,No
C14457,2,671,No
C14458,3,621,Yes
C14459,3,569,Yes
C14460,2,681,No
C14461,4,667,Yes
C14462,2,665,Yes
C14463,4,671,Yes
C14464,4,544,Yes
C14465,2,663,Yes
C14466,3,590,Yes
C14467,2,679,No
C14468,4,579,No
C14469,3,511,Yes
C14470,2,597,Yes
C14471,2,654,No
C14472,2,663,No
C14473,4,645,Yes
C14474,3,659,Yes
C14475,3,700,No
C14476,4,547,Yes
C14477,2,577,Yes
C14478,2,580,Yes
C14479,4,622,Yes
C14480,4,654,No
C14481,2,642,Yes
C14482,3,625,Yes
C14483,3,599,No
C14484,4,683,Yes
C14485,2,638,Yes
C14486,2,590,Yes
C14487,2,671,No
C14488,3,577,No
C14489,2,588,No
C14490,2,678,Yes
C14491,2,654,No
C14492,4,646,Yes
C14493,3,675,Yes
C14494,4,585,Yes
C14495,3,566,Yes
C14496,3,697,Yes
C14497,4,626,Yes
C14498,2,671,No
C14499,4,635,Yes
C14500,2,468,Yes
C14501,4,634,No
C14502,4,646,Yes
C14503,3,715,Yes
C14504,2,652,No
C14505,3,611,Yes
C14506,4,647,Yes
C14507,4,536,Yes
C14508,2,543,Yes
C14509,2,679,No
C14510,2,613,Yes
C14511,2,620,Yes
C14512,3,541,Yes
C14513,3,679,Yes
C14514,2,609,Yes
C14515,2,650,Yes
C14516,2,573,No
C14517,4,545,Yes
C14518,3,652,Yes
C14519,4,593,Yes
C14520,2,679,Yes
C14521,2,528,No
C14522,2,679,Yes
C14523,4,480,Yes
C14524,4,576,Yes
C14525,4,659,No
C14526,3,595,Yes
C14527,3,541,Yes
C14528,4,639,No
C14529,3,551,Yes
C14530,4,647,Yes
C14531,2,686,No
C14532,3,678,Yes
C14533,3,645,Yes
C14534,4,670,Yes
C14535,2,695,Yes
C14536,3,661,Yes
C14537,2,630,No
C14538,3,671,No
C14539,4,675,Yes
C14540,2,641,No
C14541,2,594,Yes
C14542,2,658,Yes
C14543,4,564,No
C14544,2,687,No
C14545,2,576,No
C14546,4,585,No
C14547,3,687,Yes
C14548,4,472,Yes
C14549,4,679,No
C14550,3,590,Yes
C14551,3,634,Yes
C14552,3,688,Yes
C14553,4,629,Yes
C14554,2,592,Yes
C14555,3,637,No
C14556,4,668,Yes
C14557,3,658,Yes
C14558,4,682,Yes
C14559,3,656,No
C14560,4,644,No
C14561,4,643,Yes
C14562,2,628,Yes
C14563,3,552,Yes
C14564,4,538,Yes
C14565,3,630,Yes
C14566,4,633,Yes
C14567,2,657,Yes
C14568,2,678,Yes
C14569,3,595,Yes
C14570,2,610,No
C14571,4,675,No
C14572,3,661,No
C14573,2,654,No
C14574,2,648,No
C14575,3,649,Yes
C14576,4,642,Yes
C14577,2,633,No
C14578,4,640,Yes
C14579,2,629,No
C14580,2,673,Yes
C14581,4,670,No
C14582,2,617,Yes
C14583,2,671,Yes
C14584,3,698,No
C14585,2,632,Yes
C14586,3,571,Yes
C14587,4,640,Yes
C14588,3,548,Yes
C14589,3,609,Yes
C14590,3,578,No
C14591,4,717,Yes
C14592,4,657,Yes
C14593,3,642,No
C14594,2,602,No
C14595,4,639,Yes
C14596,3,609,Yes
C14597,3,673,Yes
C14598,4,559,Yes
C14599,4,633,No
C14600,2,577,Yes
C14601,3,587,Yes
C14602,3,509,Yes
C14603,4,627,No
C14604,4,681,Yes
C14605,2,584,Yes
C14606,3,616,Yes
C14607,4,669,Yes
C14608,3,629,Yes
C14609,4,599,No
C14610,2,677,No
C14611,2,648,Yes
C14612,2,515,Yes
C14613,4,684,Yes
C14614,2,618,Yes
C14615,4,611,No
C14616,2,663,Yes
C14617,2,661,Yes
C14618,4,493,Yes
C14619,2,639,No
C14620,4,701,No
C14621,2,606,No
C14622,4,660,No
C14623,2,518,Yes
C14624,2,611,Yes
C14625,4,677,Yes
C14626,3,593,No
C14627,4,585,Yes
C14628,4,680,No
C14629,4,652,Yes
C14630,2,632,Yes
C14631,4,562,Yes
C14632,2,593,Yes
C14633,2,657,Yes
C14634,2,574,Yes
C14635,4,667,Yes
C14636,3,638,No
C14637,2,677,No
C14638,3,616,Yes
C14639,3,596,No
C14640,4,639,No
C14641,3,676,No
C14642,3,681,No
C14643,4,666,No
C14644,3,692,No
C14645,3,720,No
C14646,3,591,Yes
C14647,3,657,No
C14648,3,610,Yes
C14649,4,624,No
C14650,2,681,No
C14651,4,618,No
C14652,3,582,No
C14653,3,611,No
C14654,2,635,No
C14655,2,617,Yes
C14656,2,638,Yes
C14657,3,613,No
C14658,4,708,No
C14659,3,595,No
C14660,4,595,No
C14661,3,508,Yes
C14662,3,630,No
C14663,3,607,No
C14664,2,635,Yes
C14665,3,616,Yes
C14666,3,530,Yes
C14667,3,611,Yes
C14668,3,603,No
C14669,2,689,No
C14670,4,618,Yes
C14671,3,573,Yes
C14672,4,619,Yes
C14673,3,653,No
C14674,2,633,Yes
C14675,3,631,Yes
C14676,3,620,Yes
C14677,4,675,No
C14678,4,532,No
C14679,2,676,No
C14680,3,558,Yes
C14681,4,546,No
C14682,2,677,Yes
C14683,4,619,Yes
C14684,3,581,Yes
C14685,4,616,Yes
C14686,3,587,Yes
C14687,3,673,No
C14688,3,644,No
C14689,3,683,No
C14690,3,665,No
C14691,4,659,Yes
C14692,4,706,No
C14693,3,614,Yes
C14694,2,681,No
C14695,3,613,Yes
C14696,4,665,No
C14697,4,517,Yes
C14698,3,662,No
C14699,4,641,No
C14700,3,646,No
C14701,4,628,Yes
C14702,3,679,No
C14703,3,618,No
C14704,4,639,Yes
C14705,4,685,No
C14706,4,665,Yes
C14707,4,657,No
C14708,3,566,No
C14709,2,652,Yes
C14710,3,634,No
C14711,3,633,No
C14712,3,616,No
C14713,4,656,No
C14714,2,656,Yes
C14715,3,653,No
C14716,3,697,Yes
C14717,3,568,Yes
C14718,4,663,No
C14719,3,569,No
C14720,4,635,Yes
C14721,4,623,Yes
C14722,4,547,Yes
C14723,2,690,No
C14724,2,620,No
C14725,2,615,Yes
C14726,2,627,No
C14727,4,665,Yes
C14728,3,549,Yes
C14729,4,633,Yes
C14730,3,676,No
C14731,4,576,No
C14732,4,531,Yes
C14733,2,570,Yes
C14734,4,702,No
C14735,4,587,No
C14736,4,648,Yes
C14737,3,633,No
C14738,3,612,No
C14739,4,629,No
C14740,4,622,No
C14741,2,611,Yes
C14742,2,650,No
C14743,3,684,Yes
C14744,3,593,Yes
C14745,3,659,No
C14746,2,676,No
C14747,4,678,Yes
C14748,4,674,No
C14749,2,658,No
C14750,4,621,No
C14751,4,568,Yes
C14752,4,596,No
C14753,4,647,No
C14754,2,691,No
C14755,2,571,Yes
C14756,2,653,Yes
C14757,4,530,No
C14758,2,624,Yes
C14759,4,570,No
C14760,4,691,No
C14761,3,645,No
C14762,4,624,Yes
C14763,3,636,No
C14764,3,498,Yes
C14765,3,680,Yes
C14766,2,584,Yes
C14767,3,624,No
C14768,3,672,Yes
C14769,2,680,No
C14770,2,592,No
C14771,4,672,Yes
C14772,4,656,Yes
C14773,2,551,No
C14774,3,561,Yes
C14775,2,629,No
C14776,2,681,No
C14777,2,557,No
C14778,2,670,No
C14779,2,662,Yes
C14780,4,624,Yes
C14781,4,628,No
C14782,3,616,No
C14783,4,541,No
C14784,4,607,Yes
C14785,4,637,No
C14786,3,711,No
C14787,2,687,Yes
C14788,4,666,Yes
C14789,4,565,Yes
C14790,4,649,No
C14791,4,648,No
C14792,4,475,No
C14793,2,526,No
C14794,3,589,No
C14795,3,636,No
C14796,3,653,No
C14797,2,612,No
C14798,2,598,No
C14799,3,625,No
C14800,4,632,Yes
C14801,4,595,Yes
C14802,3,672,Yes
C14803,2,673,No
C14804,4,604,Yes
C14805,2,709,No
C14806,4,553,No
C14807,4,588,No
C14808,2,643,Yes
C14809,2,569,No
C14810,4,606,No
C14811,3,652,No
C14812,4,635,No
C14813,3,652,Yes
C14814,3,643,Yes
C14815,3,632,No
C14816,2,680,No
C14817,2,534,Yes
C14818,4,650,Yes
C14819,4,602,Yes
C14820,2,645,No
C14821,3,665,Yes
C14822,2,670,Yes
C14823,3,639,No
C14824,2,600,Yes
C14825,4,636,No
C14826,4,665,No
C14827,4,646,Yes
C14828,3,624,Yes
C14829,4,616,Yes
C14830,3,693,Yes
C14831,4,637,No
C14832,4,619,Yes
C14833,4,571,Yes
C14834,4,647,Yes
C14835,4,635,No
C14836,2,653,Yes
C14837,4,707,Yes
C14838,2,656,No
C14839,2,638,No
C14840,2,705,No
C14841,4,602,Yes
C14842,2,632,No
C14843,4,534,Yes
C14844,4,637,Yes
C14845,4,629,Yes
C14846,3,671,Yes
C14847,2,611,No
C14848,2,687,Yes
C14849,2,589,Yes
C14850,4,625,No
C14851,3,690,Yes
C14852,3,663,No
C14853,4,632,Yes
C14854,2,644,No
C14855,4,577,Yes
C14856,4,675,No
C14857,4,658,Yes
C14858,3,583,No
C14859,4,576,No
C14860,3,625,Yes
C14861,4,701,No
C14862,4,561,Yes
C14863,2,552,Yes
C14864,4,616,No
C14865,2,614,No
C14866,4,643,Yes
C14867,3,607,Yes
C14868,3,604,No
C14869,4,687,No
C14870,2,661,No
C14871,2,636,No
C14872,3,678,No
C14873,2,584,No
C14874,2,610,No
C14875,4,613,Yes
C14876,4,498,Yes
C14877,2,695,Yes
C14878,3,715,No
C14879,2,613,No
C14880,3,598,Yes
C14881,2,655,No
C14882,2,695,No
C14883,3,683,Yes
C14884,3,642,No
C14885,2,618,Yes
C14886,4,666,Yes
C14887,2,631,No
C14888,3,696,No
C14889,3,651,No
C14890,2,661,No
C14891,3,684,No
C14892,2,564,No
C14893,2,623,No
C14894,4,655,Yes
C14895,2,610,Yes
C14896,4,592,Yes
C14897,2,620,Yes
C14898,2,678,Yes
C14899,2,669,No
C14900,4,680,No
C14901,2,654,No
C14902,3,625,No
C14903,2,645,No
C14904,3,661,No
C14905,4,674,No
C14906,3,651,No
C14907,4,537,No
C14908,4,634,Yes
C14909,3,638,No
C14910,2,690,No
C14911,3,698,No
C14912,4,549,No
C14913,3,621,No
C14914,4,674,No
C14915,3,632,Yes
C14916,4,621,No
C14917,2,640,No
C14918,2,642,Yes
C14919,2,657,No
C14920,2,603,Yes
C14921,2,637,Yes
C14922,3,650,No
C14923,4,658,No
C14924,2,751,No
C14925,3,630,No
C14926,4,614,No
C14927,3,629,Yes
C14928,4,629,Yes
C14929,3,692,No
C14930,2,582,Yes
C14931,2,619,Yes
C14932,4,610,Yes
C14933,2,679,No
C14934,3,643,Yes
C14935,3,532,Yes
C14936,4,613,Yes
C14937,3,530,No
C14938,4,625,Yes
C14939,4,677,No
C14940,4,604,No
C14941,3,666,Yes
C14942,3,666,Yes
C14943,2,651,No
C14944,3,583,No
C14945,4,606,No
C14946,3,651,Yes
C14947,4,650,No
C14948,2,652,Yes
C14949,4,543,Yes
C14950,4,569,No
C14951,3,634,Yes
C14952,3,608,No
C14953,4,669,No
C14954,4,666,Yes
C14955,4,562,Yes
C14956,2,701,No
C14957,3,654,Yes
C14958,4,630,No
C14959,2,699,No
C14960,4,681,No
C14961,2,683,Yes
C14962,4,646,Yes
C14963,3,572,Yes
C14964,3,653,No
C14965,2,594,Yes
C14966,4,611,Yes
C14967,2,603,Yes
C14968,2,696,Yes
C14969,4,622,Yes
C14970,4,612,Yes
C14971,2,652,Yes
C14972,4,530,Yes
C14973,3,650,No
C14974,3,675,No
C14975,3,674,No
C14976,2,679,Yes
C14977,3,553,Yes
C14978,4,559,No
C14979,3,647,Yes
C14980,2,527,Yes
C14981,2,666,Yes
C14982,2,614,Yes
C14983,4,650,No
C14984,4,634,Yes
C14985,2,579,No
C14986,3,605,Yes
C14987,4,641,Yes
C14988,4,546,Yes
C14989,3,651,Yes
C14990,3,578,Yes
C14991,2,554,Yes
C14992,4,662,Yes
C14993,3,619,Yes
C14994,4,653,No
C14995,2,682,No
C14996,2,566,Yes
C14997,2,522,Yes
C14998,3,578,Yes
C14999,4,504,Yes
C15000,2,680,No
C15001,4,611,No
C15002,3,642,Yes
C15003,3,553,Yes
C15004,4,626,Yes
C15005,3,542,Yes
C15006,3,653,No
C15007,3,670,No
C15008,2,679,Yes
C15009,2,567,No
C15010,3,619,Yes
C15011,3,630,Yes
C15012,2,672,Yes
C15013,3,610,Yes
C15014,2,554,Yes
C15015,2,618,No
C15016,2,604,Yes
C15017,2,699,No
C15018,2,650,Yes
C15019,3,646,No
C15020,2,668,No
C15021,3,582,Yes
C15022,4,714,Yes
C15023,2,695,Yes
C15024,3,573,No
C15025,3,652,Yes
C15026,3,667,Yes
C15027,3,601,Yes
C15028,2,597,Yes
C15029,3,672,No
C15030,3,685,No
C15031,2,631,No
C15032,2,645,Yes
C15033,4,678,Yes
C15034,2,581,Yes
C15035,4,644,Yes
C15036,3,697,No
C15037,4,645,Yes
C15038,3,650,No
C15039,4,633,No
C15040,2,694,Yes
C15041,3,627,Yes
C15042,3,586,Yes
C15043,3,616,No
C15044,2,598,Yes
C15045,2,606,Yes
C15046,3,555,Yes
C15047,3,573,No
C15048,3,665,No
C15049,3,688,No
C15050,3,547,Yes
C15051,3,676,No
C15052,3,735,Yes
C15053,2,706,No
C15054,3,625,No
C15055,2,645,No
C15056,3,640,Yes
C15057,2,623,Yes
C15058,4,673,Yes
C15059,3,633,No
C15060,3,595,Yes
C15061,2,668,No
C15062,3,622,No
C15063,4,717,Yes
C15064,4,652,No
C15065,3,577,Yes
C15066,2,538,Yes
C15067,4,624,No
C15068,2,612,No
C15069,4,642,Yes
C15070,3,697,No
C15071,2,567,Yes
C15072,4,629,No
C15073,4,626,No
C15074,3,608,Yes
C15075,4,710,No
C15076,4,644,Yes
C15077,4,613,Yes
C15078,2,658,No
C15079,4,602,Yes
C15080,2,693,No
C15081,3,597,Yes
C15082,2,565,Yes
C15083,3,625,Yes
C15084,4,549,Yes
C15085,2,659,No
C15086,4,663,No
C15087,4,687,Yes
C15088,2,646,No
C15089,2,690,Yes
C15090,2,607,Yes
C15091,3,610,No
C15092,4,619,Yes
C15093,3,645,Yes
C15094,2,571,Yes
C15095,2,669,Yes
C15096,4,676,Yes
C15097,2,708,No
C15098,2,647,Yes
C15099,3,665,Yes
C15100,4,663,Yes
C15101,4,580,No
C15102,4,564,Yes
C15103,2,660,No
C15104,3,665,No
C15105,4,524,Yes
C15106,2,663,No
C15107,2,671,No
C15108,3,668,Yes
C15109,3,624,No
C15110,2,654,No
C15111,2,656,Yes
C15112,3,613,Yes
C15113,3,664,No
C15114,2,645,Yes
C15115,3,676,No
C15116,4,657,Yes
C15117,4,605,No
C15118,4,683,No
C15119,2,621,Yes
C15120,2,508,Yes
C15121,4,596,No
C15122,4,554,Yes
C15123,3,666,Yes
C15124,3,668,Yes
C15125,4,574,Yes
C15126,2,580,No
C15127,4,643,No
C15128,2,626,No
C15129,4,673,Yes
C15130,4,629,No
C15131,3,599,Yes
C15132,2,671,Yes
C15133,2,639,Yes
C15134,4,636,Yes
C15135,3,652,No
C15136,4,703,No
C15137,3,644,Yes
C15138,4,689,Yes
C15139,4,665,No
C15140,4,601,Yes
C15141,4,697,Yes
C15142,4,661,Yes
C15143,3,673,No
C15144,4,667,No
C15145,3,590,Yes
C15146,4,677,No
C15147,3,647,No
C15148,2,533,Yes
C15149,3,667,No
C15150,3,659,No
C15151,2,536,Yes
C15152,2,602,No
C15153,2,597,Yes
C15154,2,612,Yes
C15155,2,641,No
C15156,4,561,Yes
C15157,4,655,Yes
C15158,3,670,Yes
C15159,3,670,Yes
C15160,3,632,No
C15161,4,675,Yes
C15162,4,694,Yes
C15163,2,616,Yes
C15164,3,650,No
C15165,2,663,Yes
C15166,2,621,Yes
C15167,3,635,No
C15168,3,504,Yes
C15169,3,699,Yes
C15170,3,683,Yes
C15171,4,659,No
C15172,2,585,Yes
C15173,2,650,No
C15174,4,614,Yes
C15175,3,620,Yes
C15176,4,627,Yes
C15177,2,638,No
C15178,2,569,No
C15179,2,622,Yes
C15180,2,633,Yes
C15181,4,615,Yes
C15182,4,586,Yes
C15183,3,535,Yes
C15184,3,650,No
C15185,2,599,No
C15186,2,692,No
C15187,2,605,No
C15188,2,666,No
C15189,3,542,Yes
C15190,2,605,No
C15191,4,608,Yes
C15192,3,483,Yes
C15193,3,690,Yes
C15194,2,560,Yes
C15195,3,640,No
C15196,3,603,No
C15197,4,596,No
C15198,4,639,No
C15199,2,682,No
C15200,2,664,Yes
C15201,4,602,No
C15202,3,599,No
C15203,2,619,Yes
C15204,3,668,No
C15205,3,660,No
C15206,3,599,No
C15207,3,667,Yes
C15208,2,535,Yes
C15209,3,684,No
C15210,4,631,Yes
C15211,3,554,Yes
C15212,2,561,Yes
C15213,2,631,Yes
C15214,4,691,No
C15215,4,655,No
C15216,4,607,Yes
C15217,2,678,Yes
C15218,2,645,Yes
C15219,4,547,No
C15220,2,681,No
C15221,2,537,Yes
C15222,4,607,No
C15223,2,584,Yes
C15224,4,577,No
C15225,4,493,Yes
C15226,3,679,No
C15227,2,594,Yes
C15228,2,631,No
C15229,4,652,Yes
C15230,4,543,Yes
C15231,2,660,Yes
C15232,3,630,No
C15233,2,512,Yes
C15234,4,637,Yes
C15235,4,677,Yes
C15236,4,578,Yes
C15237,2,647,No
C15238,4,594,Yes
C15239,3,607,No
C15240,2,688,No
C15241,4,651,Yes
C15242,3,602,Yes
C15243,4,688,Yes
C15244,2,653,Yes
C15245,3,567,Yes
C15246,2,611,No
C15247,3,663,Yes
C15248,2,657,No
C15249,4,618,Yes
C15250,3,669,No
C15251,4,641,Yes
C15252,4,638,Yes
C15253,3,673,No
C15254,4,665,Yes
C15255,2,591,Yes
C15256,4,659,Yes
C15257,2,532,No
C15258,2,478,Yes
C15259,2,641,Yes
C15260,3,638,No
C15261,3,619,Yes
C15262,3,656,No
C15263,3,662,No
C15264,4,681,No
C15265,3,530,Yes
C15266,4,675,Yes
C15267,2,635,No
C15268,4,603,Yes
C15269,2,664,Yes
C15270,3,498,Yes
C15271,3,627,Yes
C15272,3,701,No
C15273,3,638,No
C15274,2,560,No
C15275,2,630,No
C15276,3,653,No
C15277,4,516,Yes
C15278,4,595,No
C15279,2,546,Yes
C15280,3,612,Yes
C15281,3,664,Yes
C15282,3,620,Yes
C15283,2,663,Yes
C15284,3,651,Yes
C15285,4,615,Yes
C15286,3,513,Yes
C15287,4,512,Yes
C15288,3,586,No
C15289,4,599,Yes
C15290,2,580,Yes
C15291,2,587,Yes
C15292,3,605,Yes
C15293,3,646,Yes
C15294,2,550,Yes
C15295,3,650,No
C15296,2,680,Yes
C15297,4,693,No
C15298,2,607,Yes
C15299,2,624,Yes
C15300,4,609,Yes
C15301,3,595,Yes
C15302,3,620,Yes
C15303,3,627,Yes
C15304,2,508,Yes
C15305,3,656,Yes
C15306,3,579,Yes
C15307,2,651,Yes
C15308,3,572,No
C15309,2,636,Yes
C15310,4,692,Yes
C15311,3,697,Yes
C15312,4,669,No
C15313,3,698,Yes
C15314,2,667,No
C15315,2,519,Yes
C15316,3,645,Yes
C15317,3,607,Yes
C15318,4,667,Yes
C15319,4,617,Yes
C15320,4,595,No
C15321,2,649,No
C15322,4,634,Yes
C15323,3,625,No
C15324,3,671,Yes
C15325,3,653,No
C15326,3,711,Yes
C15327,2,612,Yes
C15328,4,655,No
C15329,2,646,Yes
C15330,3,550,Yes
C15331,4,532,Yes
C15332,2,583,No
C15333,4,693,Yes
C15334,4,625,No
C15335,2,656,Yes
C15336,4,637,Yes
C15337,3,647,No
C15338,3,631,Yes
C15339,4,587,No
C15340,3,638,Yes
C15341,4,655,Yes
C15342,2,687,No
C15343,4,623,Yes
C15344,3,632,Yes
C15345,4,655,No
C15346,4,593,No
C15347,4,618,Yes
C15348,3,676,Yes
C15349,2,645,Yes
C15350,3,619,No
C15351,2,469,Yes
C15352,3,600,Yes
C15353,3,642,Yes
C15354,4,563,No
C15355,4,697,Yes
C15356,3,685,Yes
C15357,4,656,Yes
C15358,3,542,Yes
C15359,2,616,No
C15360,2,656,Yes
C15361,2,615,No
C15362,2,598,No
C15363,2,622,Yes
C15364,2,531,No
C15365,2,692,No
C15366,2,548,No
C15367,4,675,Yes
C15368,2,661,No
C15369,3,546,Yes
C15370,4,646,No
C15371,4,659,No
C15372,3,631,Yes
C15373,4,628,Yes
C15374,2,616,No
C15375,4,625,No
C15376,3,542,No
C15377,3,694,No
C15378,2,563,Yes
C15379,2,649,Yes
C15380,2,624,Yes
C15381,2,596,Yes
C15382,3,553,No
C15383,4,725,No
C15384,2,684,No
C15385,4,692,No
C15386,2,650,No
C15387,3,648,No
C15388,2,669,Yes
C15389,4,648,No
C15390,2,661,No
C15391,2,537,Yes
C15392,3,664,Yes
C15393,3,528,Yes
C15394,3,625,Yes
C15395,3,636,No
C15396,3,588,Yes
C15397,3,501,Yes
C15398,2,676,Yes
C15399,3,668,Yes
C15400,3,660,Yes
C15401,4,654,No
C15402,3,554,Yes
C15403,4,634,Yes
C15404,4,599,Yes
C15405,3,606,No
C15406,3,616,Yes
C15407,2,571,No
C15408,2,663,Yes
C15409,4,589,No
C15410,3,642,No
C15411,2,624,No
C15412,3,586,No
C15413,3,715,No
C15414,3,647,No
C15415,3,614,No
C15416,3,592,Yes
C15417,2,630,Yes
C15418,2,640,Yes
C15419,2,614,No
C15420,4,688,No
C15421,3,671,Yes
C15422,3,580,No
C15423,2,533,Yes
C15424,2,706,Yes
C15425,2,657,Yes
C15426,2,565,Yes
C15427,2,667,No
C15428,3,601,Yes
C15429,3,680,No
C15430,3,666,Yes
C15431,4,617,No
C15432,3,555,No
C15433,4,488,No
C15434,4,587,No
C15435,3,631,No
C15436,4,576,Yes
C15437,2,676,No
C15438,4,668,No
C15439,3,699,Yes
C15440,4,570,Yes
C15441,3,636,No
C15442,4,659,No
C15443,4,709,Yes
C15444,4,624,No
C15445,4,654,No
C15446,4,571,Yes
C15447,4,592,Yes
C15448,4,677,Yes
C15449,2,609,Yes
C15450,3,709,Yes
C15451,3,574,No
C15452,2,622,Yes
C15453,3,605,Yes
C15454,3,502,Yes
C15455,3,618,No
C15456,3,646,No
C15457,4,647,No
C15458,2,705,No
C15459,4,619,Yes
C15460,2,642,Yes
C15461,2,619,Yes
C15462,2,570,Yes
C15463,3,642,No
C15464,3,648,Yes
C15465,4,647,Yes
C15466,3,544,Yes
C15467,3,667,No
C15468,3,565,Yes
C15469,2,654,No
C15470,4,680,No
C15471,4,597,No
C15472,3,683,Yes
C15473,4,663,Yes
C15474,2,642,No
C15475,3,653,Yes
C15476,2,669,No
C15477,2,703,No
C15478,4,659,No
C15479,3,719,Yes
C15480,2,691,No
C15481,2,647,Yes
C15482,4,576,No
C15483,4,697,Yes
C15484,3,637,Yes
C15485,3,635,No
C15486,2,632,No
C15487,3,682,No
C15488,3,667,Yes
C15489,3,700,Yes
C15490,2,678,Yes
C15491,4,586,No
C15492,3,697,No
C15493,4,556,Yes
C15494,3,670,Yes
C15495,3,560,No
C15496,4,709,No
C15497,3,569,Yes
C15498,3,623,No
C15499,3,638,Yes
C15500,3,703,No
C15501,4,644,No
C15502,4,740,No
C15503,3,514,Yes
C15504,2,695,No
C15505,3,656,No
C15506,3,543,No
C15507,2,588,Yes
C15508,3,642,Yes
C15509,4,672,Yes
C15510,3,673,Yes
C15511,4,659,Yes
C15512,3,617,Yes
C15513,3,534,Yes
C15514,4,647,No
C15515,4,650,Yes
C15516,4,636,No
C15517,2,706,No
C15518,2,527,Yes
C15519,4,647,No
C15520,3,663,Yes
C15521,3,704,No
C15522,4,618,No
C15523,3,703,Yes
C15524,3,498,Yes
C15525,2,641,No
C15526,4,670,Yes
C15527,4,688,No
C15528,3,672,No
C15529,2,637,No
C15530,3,627,No
C15531,4,697,No
C15532,3,653,No
C15533,2,600,No
C15534,2,691,Yes
C15535,3,665,No
C15536,2,613,No
C15537,3,595,No
C15538,4,508,Yes
C15539,4,593,Yes
C15540,3,603,No
C15541,4,647,Yes
C15542,4,674,Yes
C15543,2,683,Yes
C15544,3,696,No
C15545,2,662,No
C15546,3,706,Yes
C15547,2,600,Yes
C15548,2,608,Yes
C15549,2,672,Yes
C15550,3,625,Yes
C15551,3,657,Yes
C15552,2,597,No
C15553,4,658,Yes
C15554,2,655,Yes
C15555,4,558,Yes
C15556,4,620,No
C15557,4,631,Yes
C15558,2,586,No
C15559,2,678,Yes
C15560,4,570,Yes
C15561,3,621,Yes
C15562,4,504,Yes
C15563,4,614,Yes
C15564,4,657,No
C15565,2,590,Yes
C15566,2,652,No
C15567,2,685,Yes
C15568,2,615,No
C15569,4,523,Yes
C15570,2,688,No
C15571,3,681,No
C15572,2,684,No
C15573,2,561,Yes
C15574,3,535,No
C15575,2,669,Yes
C15576,4,605,No
C15577,3,668,No
C15578,3,634,No
C15579,3,616,Yes
C15580,3,553,Yes
C15581,2,600,No
C15582,3,637,Yes
C15583,4,612,Yes
C15584,4,624,Yes
C15585,2,630,Yes
C15586,2,569,Yes
C15587,3,606,No
C15588,3,639,No
C15589,3,596,Yes
C15590,2,650,No
C15591,4,668,Yes
C15592,3,651,Yes
C15593,4,664,No
C15594,3,591,Yes
C15595,4,600,Yes
C15596,4,647,No
C15597,4,643,No
C15598,3,634,No
C15599,3,641,No
C15600,4,551,Yes
C15601,2,699,Yes
C15602,4,589,No
C15603,3,681,No
C15604,2,535,No
C15605,2,600,No
C15606,4,645,No
C15607,4,489,Yes
C15608,4,648,No
C15609,3,593,No
C15610,3,580,No
C15611,3,689,Yes
C15612,4,704,No
C15613,4,623,Yes
C15614,3,579,Yes
C15615,3,530,Yes
C15616,2,673,No
C15617,2,612,Yes
C15618,3,646,Yes
C15619,4,618,Yes
C15620,4,595,Yes
C15621,3,588,Yes
C15622,2,627,Yes
C15623,4,557,No
C15624,2,687,No
C15625,2,677,No
C15626,2,582,Yes
C15627,3,653,Yes
C15628,2,703,No
C15629,3,681,Yes
C15630,4,695,No
C15631,4,704,No
C15632,4,511,Yes
C15633,2,608,Yes
C15634,2,637,Yes
C15635,4,647,No
C15636,2,649,Yes
C15637,4,669,Yes
C15638,3,627,Yes
C15639,4,587,Yes
C15640,3,672,No
C15641,4,654,No
C15642,2,620,No
C15643,3,626,Yes
C15644,3,579,Yes
C15645,2,684,Yes
C15646,4,673,Yes
C15647,4,641,Yes
C15648,3,632,Yes
C15649,3,607,Yes
C15650,4,626,Yes
C15651,2,664,Yes
C15652,2,621,Yes
C15653,2,652,No
C15654,4,629,Yes
C15655,4,630,Yes
C15656,4,666,No
C15657,4,537,Yes
C15658,3,543,Yes
C15659,3,639,No
C15660,3,675,No
C15661,2,685,Yes
C15662,4,690,Yes
C15663,4,620,No
C15664,4,675,Yes
C15665,4,644,Yes
C15666,4,658,No
C15667,3,657,No
C15668,4,545,Yes
C15669,4,635,Yes
C15670,2,652,No
C15671,2,689,No
C15672,2,628,No
C15673,2,594,No
C15674,2,515,No
C15675,4,605,Yes
C15676,2,607,Yes
C15677,3,604,Yes
C15678,2,602,Yes
C15679,3,663,Yes
C15680,3,672,No
C15681,2,698,No
C15682,3,611,No
C15683,4,618,Yes
C15684,3,648,No
C15685,4,651,No
C15686,3,599,No
C15687,4,678,No
C15688,4,697,No
C15689,4,610,Yes
C15690,3,646,No
C15691,4,651,Yes
C15692,3,683,Yes
C15693,3,643,No
C15694,3,703,No
C15695,2,633,No
C15696,3,667,No
C15697,2,577,No
C15698,4,670,No
C15699,3,664,Yes
C15700,4,658,No
C15701,2,562,No
C15702,2,666,No
C15703,2,660,Yes
C15704,2,572,Yes
C15705,3,662,Yes
C15706,2,609,No
C15707,4,607,Yes
C15708,2,694,No
C15709,4,622,No
C15710,2,607,No
C15711,2,696,No
C15712,3,658,Yes
C15713,2,615,No
C15714,4,698,No
C15715,4,669,No
C15716,2,680,Yes
C15717,3,635,Yes
C15718,2,649,Yes
C15719,3,672,No
C15720,4,666,No
C15721,2,694,No
C15722,3,628,No
C15723,2,654,No
C15724,3,629,Yes
C15725,2,619,No
C15726,3,624,No
C15727,3,650,Yes
C15728,4,562,Yes
C15729,2,615,Yes
C15730,3,659,No
C15731,2,660,No
C15732,4,691,Yes
C15733,3,667,No
C15734,4,660,No
C15735,3,647,No
C15736,2,639,Yes
C15737,4,637,No
C15738,4,649,Yes
C15739,2,654,Yes
C15740,4,651,Yes
C15741,3,620,Yes
C15742,4,663,No
C15743,2,665,No
C15744,4,556,No
C15745,4,662,No
C15746,2,631,Yes
C15747,4,656,No
C15748,2,536,Yes
C15749,2,673,Yes
C15750,3,643,No
C15751,2,656,Yes
C15752,3,613,No
C15753,3,639,No
C15754,3,640,No
C15755,4,676,Yes
C15756,3,620,Yes
C15757,2,637,No
C15758,3,581,No
C15759,4,638,No
C15760,2,496,No
C15761,3,583,Yes
C15762,3,641,No
C15763,4,508,Yes
C15764,4,661,No
C15765,3,659,No
C15766,2,597,Yes
C15767,2,678,No
C15768,2,597,Yes
C15769,3,628,Yes
C15770,3,573,Yes
C15771,3,618,Yes
C15772,4,677,No
C15773,4,579,Yes
C15774,3,637,No
C15775,4,693,No
C15776,2,604,Yes
C15777,2,573,Yes
C15778,2,577,Yes
C15779,2,675,Yes
C15780,3,638,Yes
C15781,3,631,Yes
C15782,2,722,Yes
C15783,2,596,No
C15784,2,673,No
C15785,2,659,No
C15786,4,695,Yes
C15787,4,653,No
C15788,2,609,Yes
C15789,4,658,No
C15790,2,699,Yes
C15791,4,642,No
C15792,4,647,No
C15793,3,632,No
C15794,3,623,No
C15795,3,649,Yes
C15796,3,664,Yes
C15797,3,515,Yes
C15798,2,667,Yes
C15799,3,673,No
C15800,4,659,Yes
C15801,3,625,Yes
C15802,2,544,No
C15803,4,670,Yes
C15804,3,691,No
C15805,3,674,No
C15806,4,694,No
C15807,4,591,Yes
C15808,2,709,No
C15809,4,686,Yes
C15810,3,636,No
C15811,4,510,No
C15812,4,520,No
C15813,3,497,Yes
C15814,2,640,Yes
C15815,3,632,Yes
C15816,2,550,No
C15817,4,669,No
C15818,3,636,No
C15819,4,596,Yes
C15820,3,609,Yes
C15821,4,695,Yes
C15822,2,665,No
C15823,2,655,No
C15824,2,670,No
C15825,4,556,Yes
C15826,3,621,No
C15827,3,656,Yes
C15828,3,640,No
C15829,4,656,Yes
C15830,2,566,Yes
C15831,4,687,Yes
C15832,2,681,Yes
C15833,3,672,No
C15834,3,694,Yes
C15835,2,683,Yes
C15836,2,675,Yes
C15837,4,651,Yes
C15838,3,703,No
C15839,3,659,Yes
C15840,2,672,No
C15841,2,659,No
C15842,4,638,Yes
C15843,3,625,Yes
C15844,2,629,No
C15845,2,671,Yes
C15846,2,570,Yes
C15847,2,600,No
C15848,3,653,No
C15849,3,630,No
C15850,2,612,Yes
C15851,2,631,No
C15852,3,678,Yes
C15853,3,607,Yes
C15854,2,629,Yes
C15855,3,583,Yes
C15856,3,590,Yes
C15857,4,530,Yes
C15858,4,621,No
C15859,4,659,No
C15860,2,556,Yes
C15861,4,584,Yes
C15862,2,667,Yes
C15863,4,644,Yes
C15864,2,504,Yes
C15865,4,610,No
C15866,3,680,No
C15867,2,685,No
C15868,4,688,No
C15869,4,647,No
C15870,3,676,Yes
C15871,2,654,Yes
C15872,4,654,No
C15873,2,615,No
C15874,2,704,Yes
C15875,3,515,Yes
C15876,2,677,No
C15877,3,647,No
C15878,3,588,No
C15879,3,572,No
C15880,4,667,Yes
C15881,4,622,No
C15882,4,650,No
C15883,2,559,Yes
C15884,3,648,No
C15885,4,638,Yes
C15886,3,580,Yes
C15887,4,654,No
C15888,3,631,Yes
C15889,2,662,No
C15890,3,662,No
C15891,2,672,Yes
C15892,2,592,No
C15893,2,601,Yes
C15894,2,570,No
C15895,4,659,No
C15896,4,583,No
C15897,3,597,Yes
C15898,4,649,No
C15899,4,697,No
C15900,4,674,Yes
C15901,3,574,Yes
C15902,2,546,Yes
C15903,4,662,No
C15904,2,669,No
C15905,3,624,No
C15906,4,714,Yes
C15907,2,555,No
C15908,2,633,Yes
C15909,2,653,Yes
C15910,3,595,Yes
C15911,3,722,Yes
C15912,2,678,No
C15913,2,617,Yes
C15914,4,621,Yes
C15915,4,532,Yes
C15916,3,579,Yes
C15917,4,608,No
C15918,2,634,No
C15919,3,680,No
C15920,3,660,No
C15921,2,512,No
C15922,4,618,No
C15923,4,546,No
C15924,4,624,Yes
C15925,3,675,No
C15926,2,620,No
C15927,4,586,No
C15928,2,686,Yes
C15929,2,613,No
C15930,2,503,No
C15931,3,689,No
C15932,2,671,No
C15933,2,592,No
C15934,4,554,No
C15935,3,618,No
C15936,4,647,No
C15937,3,662,No
C15938,4,556,No
C15939,2,516,No
C15940,2,651,No
C15941,2,672,No
C15942,2,515,No
C15943,3,661,No
C15944,2,580,No
C15945,2,656,Yes
C15946,4,608,Yes
C15947,2,601,No
C15948,2,647,No
C15949,2,627,No
C15950,4,694,No
C15951,4,678,No
C15952,3,544,Yes
C15953,4,630,No
C15954,4,611,No
C15955,3,556,No
C15956,2,684,No
C15957,2,665,No
C15958,3,495,No
C15959,3,598,No
C15960,4,630,No
C15961,2,643,No
C15962,2,687,No
C15963,4,597,No
C15964,3,672,No
C15965,4,607,No
C15966,4,654,No
C15967,3,661,No
C15968,2,461,No
C15969,3,589,Yes
C15970,4,616,No
C15971,3,632,Yes
C15972,2,594,No
C15973,2,561,No
C15974,3,661,Yes
C15975,3,665,No
C15976,4,574,No
C15977,4,525,Yes
C15978,4,646,No
C15979,4,658,Yes
C15980,3,604,No
C15981,2,557,Yes
C15982,3,587,Yes
C15983,3,670,Yes
C15984,4,594,No
C15985,3,658,No
C15986,2,681,Yes
C15987,2,602,Yes
C15988,3,665,Yes
C15989,3,607,No
C15990,3,637,Yes
C15991,2,627,No
C15992,3,650,No
C15993,4,597,No
C15994,3,527,Yes
C15995,2,552,No
C15996,4,651,No
C15997,3,654,No
C15998,2,681,No
C15999,2,651,No
C16000,3,567,Yes
C16001,2,720,No
C16002,3,596,Yes
C16003,3,605,Yes
C16004,4,658,No
C16005,3,658,No
C16006,3,653,No
C16007,2,686,No
C16008,2,569,No
C16009,3,646,Yes
C16010,4,636,No
C16011,4,651,Yes
C16012,3,685,No
C16013,4,631,No
C16014,4,620,Yes
C16015,2,610,No
C16016,4,622,Yes
C16017,2,658,Yes
C16018,2,642,No
C16019,4,557,No
C16020,2,545,Yes
C16021,3,669,No
C16022,2,640,Yes
C16023,4,573,Yes
C16024,2,654,Yes
C16025,2,622,No
C16026,3,588,No
C16027,2,641,Yes
C16028,3,592,No
C16029,4,656,Yes
C16030,3,633,No
C16031,2,560,No
C16032,2,665,No
C16033,3,519,Yes
C16034,4,624,No
C16035,3,636,Yes
C16036,3,666,Yes
C16037,4,666,No
C16038,4,675,No
C16039,3,726,No
C16040,3,666,No
C16041,2,629,Yes
C16042,3,662,Yes
C16043,2,714,No
C16044,4,572,No
C16045,2,690,No
C16046,3,658,No
C16047,4,501,Yes
C16048,2,660,No
C16049,4,591,No
C16050,4,630,No
C16051,2,642,No
C16052,2,696,No
C16053,2,511,Yes
C16054,3,640,No
C16055,4,657,Yes
C16056,4,468,Yes
C16057,2,606,No
C16058,3,643,No
C16059,3,689,Yes
C16060,2,684,No
C16061,2,688,No
C16062,2,556,Yes
C16063,3,696,No
C16064,3,661,No
C16065,4,638,Yes
C16066,4,646,Yes
C16067,3,604,No
C16068,4,633,Yes
C16069,4,626,Yes
C16070,4,641,Yes
C16071,4,609,Yes
C16072,4,628,Yes
C16073,2,509,Yes
C16074,3,619,No
C16075,3,657,Yes
C16076,4,587,Yes
C16077,2,620,No
C16078,3,644,Yes
C16079,2,551,Yes
C16080,4,636,No
C16081,2,647,No
C16082,2,658,No
C16083,3,557,No
C16084,4,597,No
C16085,3,594,Yes
C16086,3,543,Yes
C16087,4,527,No
C16088,3,583,No
C16089,4,548,Yes
C16090,2,609,Yes
C16091,4,623,No
C16092,4,688,Yes
C16093,2,617,No
C16094,3,566,Yes
C16095,2,650,No
C16096,3,592,No
C16097,3,527,Yes
C16098,3,624,Yes
C16099,2,625,No
C16100,4,567,Yes
C16101,3,501,Yes
C16102,2,679,Yes
C16103,4,569,Yes
C16104,2,562,No
C16105,4,624,No
C16106,4,631,No
C16107,3,680,No
C16108,3,595,No
C16109,4,575,No
C16110,3,598,No
C16111,4,694,No
C16112,4,583,Yes
C16113,3,645,Yes
C16114,3,677,Yes
C16115,2,582,Yes
C16116,3,596,Yes
C16117,3,611,Yes
C16118,2,632,No
C16119,4,628,Yes
C16120,3,691,No
C16121,4,596,Yes
C16122,4,675,Yes
C16123,3,546,Yes
C16124,4,611,Yes
C16125,4,665,No
C16126,2,646,No
C16127,3,549,No
C16128,4,661,Yes
C16129,3,588,Yes
C16130,4,686,Yes
C16131,2,619,No
C16132,4,672,No
C16133,2,576,Yes
C16134,4,687,Yes
C16135,4,690,No
C16136,3,665,Yes
C16137,3,627,Yes
C16138,4,555,Yes
C16139,3,624,No
C16140,4,644,No
C16141,3,631,Yes
C16142,4,551,Yes
C16143,3,554,Yes
C16144,2,687,Yes
C16145,3,676,Yes
C16146,2,578,No
C16147,4,665,Yes
C16148,3,681,Yes
C16149,2,630,No
C16150,4,625,No
C16151,3,679,No
C16152,4,607,Yes
C16153,4,649,No
C16154,2,642,Yes
C16155,2,612,Yes
C16156,3,573,Yes
C16157,4,669,No
C16158,2,694,Yes
C16159,4,602,No
C16160,3,688,No
C16161,3,655,No
C16162,3,576,Yes
C16163,3,547,No
C16164,2,552,Yes
C16165,3,680,No
C16166,4,573,Yes
C16167,3,553,Yes
C16168,4,662,No
C16169,3,582,No
C16170,2,539,Yes
C16171,3,641,Yes
C16172,2,603,No
C16173,3,663,Yes
C16174,4,654,Yes
C16175,3,641,Yes
C16176,2,676,Yes
C16177,2,676,No
C16178,4,553,No
C16179,2,519,Yes
C16180,2,591,No
C16181,2,650,Yes
C16182,4,659,No
C16183,4,620,Yes
C16184,2,669,No
C16185,3,624,Yes
C16186,3,651,Yes
C16187,3,599,No
C16188,3,544,Yes
C16189,3,651,No
C16190,2,654,Yes
C16191,2,618,Yes
C16192,2,704,No
C16193,2,660,No
C16194,3,585,Yes
C16195,4,532,No
C16196,4,645,Yes
C16197,3,589,Yes
C16198,2,679,Yes
C16199,3,681,No
C16200,4,649,No
C16201,3,576,Yes
C16202,3,658,Yes
C16203,2,672,Yes
C16204,4,665,Yes
C16205,4,663,Yes
C16206,2,664,Yes
C16207,3,666,No
C16208,2,613,No
C16209,2,646,No
C16210,4,667,No
C16211,2,659,No
C16212,4,649,Yes
C16213,3,540,No
C16214,4,688,No
C16215,3,702,Yes
C16216,4,649,Yes
C16217,4,631,No
C16218,3,654,Yes
C16219,3,617,No
C16220,3,592,Yes
C16221,2,594,Yes
C16222,3,680,No
C16223,2,604,Yes
C16224,2,630,Yes
C16225,4,594,No
C16226,3,619,Yes
C16227,4,650,No
C16228,3,626,No
C16229,4,680,No
C16230,3,579,Yes
C16231,2,493,Yes
C16232,4,604,Yes
C16233,4,463,Yes
C16234,4,680,No
C16235,2,647,Yes
C16236,2,559,No
C16237,4,649,Yes
C16238,4,624,No
C16239,4,667,Yes
C16240,4,628,No
C16241,2,637,No
C16242,4,644,Yes
C16243,3,657,Yes
C16244,2,656,No
C16245,3,628,Yes
C16246,3,553,No
C16247,2,600,Yes
C16248,2,688,Yes
C16249,3,646,Yes
C16250,3,580,No
C16251,4,537,Yes
C16252,2,588,No
C16253,2,597,No
C16254,4,683,Yes
C16255,3,656,No
C16256,4,558,Yes
C16257,2,627,Yes
C16258,2,598,Yes
C16259,4,673,Yes
C16260,3,511,No
C16261,4,589,No
C16262,4,651,Yes
C16263,4,660,No
C16264,2,599,Yes
C16265,2,705,No
C16266,2,635,Yes
C16267,2,644,No
C16268,3,695,Yes
C16269,2,637,Yes
C16270,2,630,Yes
C16271,3,600,No
C16272,2,614,No
C16273,3,684,No
C16274,4,624,No
C16275,4,667,No
C16276,4,556,No
C16277,4,646,Yes
C16278,4,578,No
C16279,3,632,Yes
C16280,2,520,Yes
C16281,2,653,No
C16282,4,641,Yes
C16283,2,653,Yes
C16284,3,579,Yes
C16285,3,669,Yes
C16286,3,637,Yes
C16287,2,648,Yes
C16288,3,560,Yes
C16289,3,560,Yes
C16290,2,662,Yes
C16291,4,691,Yes
C16292,3,557,Yes
C16293,4,533,Yes
C16294,3,595,Yes
C16295,2,631,No
C16296,3,637,Yes
C16297,4,678,No
C16298,4,633,Yes
C16299,4,600,Yes
C16300,4,477,Yes
C16301,2,610,No
C16302,3,701,No
C16303,4,577,Yes
C16304,4,578,Yes
C16305,3,538,No
C16306,4,615,Yes
C16307,2,659,Yes
C16308,2,576,Yes
C16309,4,652,No
C16310,4,656,No
C16311,4,655,Yes
C16312,2,636,Yes
C16313,2,640,Yes
C16314,2,582,No
C16315,3,670,Yes
C16316,4,603,No
C16317,4,605,Yes
C16318,3,548,No
C16319,2,559,No
C16320,3,583,Yes
C16321,4,543,Yes
C16322,2,635,No
C16323,3,667,No
C16324,4,631,No
C16325,3,634,No
C16326,4,660,No
C16327,3,706,No
C16328,3,671,Yes
C16329,3,559,Yes
C16330,2,604,No
C16331,3,659,No
C16332,2,591,Yes
C16333,2,613,Yes
C16334,2,613,Yes
C16335,3,541,No
C16336,4,633,Yes
C16337,3,632,Yes
C16338,4,696,Yes
C16339,3,623,Yes
C16340,2,598,Yes
C16341,2,675,No
C16342,4,655,Yes
C16343,2,538,Yes
C16344,2,651,No
C16345,2,639,Yes
C16346,2,590,Yes
C16347,3,558,No
C16348,3,561,No
C16349,3,657,Yes
C16350,2,588,Yes
C16351,2,665,No
C16352,3,676,No
C16353,2,621,No
C16354,4,585,Yes
C16355,3,654,No
C16356,2,660,Yes
C16357,2,709,No
C16358,2,543,No
C16359,4,669,No
C16360,3,528,No
C16361,3,601,Yes
C16362,3,707,Yes
C16363,2,580,No
C16364,2,602,Yes
C16365,4,628,No
C16366,3,582,No
C16367,2,697,No
C16368,3,628,Yes
C16369,4,652,Yes
C16370,4,684,No
C16371,2,655,Yes
C16372,2,696,No
C16373,2,659,Yes
C16374,4,660,No
C16375,4,634,No
C16376,4,622,No
C16377,4,677,Yes
C16378,2,622,No
C16379,3,658,Yes
C16380,4,593,Yes
C16381,4,678,No
C16382,4,573,Yes
C16383,2,655,Yes
C16384,3,673,Yes
C16385,3,553,Yes
C16386,3,683,Yes
C16387,2,665,No
C16388,3,651,Yes
C16389,4,616,Yes
C16390,3,616,Yes
C16391,4,605,No
C16392,2,578,Yes
C16393,2,688,Yes
C16394,2,639,Yes
C16395,4,635,Yes
C16396,4,664,No
C16397,4,603,No
C16398,2,640,No
C16399,4,614,No
C16400,3,559,No
C16401,3,648,Yes
C16402,2,621,No
C16403,4,665,Yes
C16404,4,609,Yes
C16405,4,582,Yes
C16406,4,633,Yes
C16407,3,622,No
C16408,3,550,Yes
C16409,4,647,Yes
C16410,4,647,No
C16411,2,619,Yes
C16412,4,662,No
C16413,4,675,No
C16414,2,619,Yes
C16415,3,632,No
C16416,3,478,Yes
C16417,3,688,Yes
C16418,2,681,Yes
C16419,2,657,Yes
C16420,4,566,Yes
C16421,3,617,Yes
C16422,2,636,No
C16423,3,577,Yes
C16424,4,652,No
C16425,3,682,No
C16426,4,642,Yes
C16427,3,625,Yes
C16428,4,502,Yes
C16429,2,565,Yes
C16430,3,524,Yes
C16431,3,669,Yes
C16432,4,568,No
C16433,4,635,No
C16434,2,632,No
C16435,2,544,No
C16436,2,614,No
C16437,2,620,Yes
C16438,4,618,Yes
C16439,4,677,No
C16440,2,605,Yes
C16441,2,660,No
C16442,3,554,No
C16443,4,659,No
C16444,4,598,Yes
C16445,3,672,No
C16446,3,606,Yes
C16447,2,686,No
C16448,3,617,Yes
C16449,2,546,Yes
C16450,3,636,No
C16451,3,711,Yes
C16452,4,664,No
C16453,3,704,No
C16454,2,589,Yes
C16455,4,605,Yes
C16456,2,648,No
C16457,2,628,Yes
C16458,2,585,No
C16459,2,641,Yes
C16460,2,611,Yes
C16461,3,635,No
C16462,4,677,Yes
C16463,4,622,No
C16464,4,551,Yes
C16465,4,615,No
C16466,3,654,Yes
C16467,2,661,No
C16468,3,599,No
C16469,2,678,No
C16470,3,593,Yes
C16471,2,635,Yes
C16472,3,528,No
C16473,2,656,Yes
C16474,3,619,Yes
C16475,3,546,Yes
C16476,3,678,No
C16477,2,630,No
C16478,2,560,Yes
C16479,4,607,No
C16480,3,656,No
C16481,4,578,Yes
C16482,4,624,Yes
C16483,4,577,Yes
C16484,3,604,No
C16485,4,694,No
C16486,2,630,No
C16487,2,674,Yes
C16488,4,631,Yes
C16489,3,643,Yes
C16490,2,577,Yes
C16491,2,631,Yes
C16492,4,622,No
C16493,2,686,No
C16494,2,628,No
C16495,2,639,No
C16496,3,686,No
C16497,4,640,No
C16498,4,615,Yes
C16499,3,617,No
C16500,3,664,No
C16501,2,663,No
C16502,3,720,No
C16503,2,668,No
C16504,2,652,No
C16505,3,609,Yes
C16506,4,607,No
C16507,2,644,Yes
C16508,3,595,Yes
C16509,4,659,No
C16510,2,679,No
C16511,4,640,No
C16512,3,642,Yes
C16513,2,568,Yes
C16514,3,612,No
C16515,4,631,Yes
C16516,3,552,Yes
C16517,2,650,No
C16518,3,642,Yes
C16519,2,595,Yes
C16520,2,621,Yes
C16521,2,706,No
C16522,4,593,No
C16523,2,648,Yes
C16524,2,676,No
C16525,4,643,Yes
C16526,3,617,Yes
C16527,3,616,Yes
C16528,3,664,Yes
C16529,4,654,No
C16530,2,665,No
C16531,3,664,Yes
C16532,2,653,No
C16533,2,701,No
C16534,4,595,No
C16535,2,656,Yes
C16536,3,650,Yes
C16537,3,574,Yes
C16538,3,658,No
C16539,3,691,No
C16540,3,577,Yes
C16541,3,565,Yes
C16542,3,573,Yes
C16543,2,619,Yes
C16544,3,580,No
C16545,3,659,No
C16546,3,677,Yes
C16547,3,647,No
C16548,4,665,Yes
C16549,3,644,No
C16550,2,546,Yes
C16551,2,671,Yes
C16552,4,629,No
C16553,4,622,Yes
C16554,4,595,No
C16555,2,531,No
C16556,2,644,Yes
C16557,2,681,No
C16558,3,638,No
C16559,2,666,Yes
C16560,3,606,Yes
C16561,2,682,No
C16562,4,636,No
C16563,2,655,No
C16564,2,655,No
C16565,4,594,No
C16566,2,594,Yes
C16567,3,654,No
C16568,4,618,No
C16569,2,676,No
C16570,2,628,No
C16571,4,672,No
C16572,4,703,No
C16573,2,654,Yes
C16574,3,650,No
C16575,2,642,Yes
C16576,3,610,Yes
C16577,4,586,No
C16578,2,642,Yes
C16579,4,689,No
C16580,3,523,Yes
C16581,3,650,Yes
C16582,2,680,Yes
C16583,3,689,Yes
C16584,4,687,Yes
C16585,4,566,Yes
C16586,4,673,No
C16587,2,574,Yes
C16588,3,669,No
C16589,2,664,Yes
C16590,3,655,Yes
C16591,3,671,No
C16592,3,575,Yes
C16593,3,654,Yes
C16594,2,649,Yes
C16595,4,513,Yes
C16596,4,590,No
C16597,4,509,Yes
C16598,4,597,Yes
C16599,3,659,No
C16600,3,589,No
C16601,3,620,Yes
C16602,2,657,Yes
C16603,4,686,No
C16604,2,674,No
C16605,3,556,No
C16606,3,664,No
C16607,4,691,No
C16608,2,630,No
C16609,4,667,No
C16610,3,631,Yes
C16611,4,622,No
C16612,2,659,No
C16613,3,673,No
C16614,2,692,Yes
C16615,3,660,No
C16616,2,638,No
C16617,3,595,No
C16618,2,598,No
C16619,2,495,Yes
C16620,4,692,No
C16621,2,569,No
C16622,4,546,Yes
C16623,4,550,Yes
C16624,3,643,No
C16625,4,568,Yes
C16626,4,665,No
C16627,3,597,Yes
C16628,4,608,No
C16629,4,703,No
C16630,4,516,Yes
C16631,4,643,Yes
C16632,3,580,No
C16633,3,712,Yes
C16634,3,662,Yes
C16635,4,674,Yes
C16636,2,543,Yes
C16637,4,601,No
C16638,2,616,No
C16639,4,669,Yes
C16640,3,664,Yes
C16641,2,639,Yes
C16642,4,684,No
C16643,4,615,No
C16644,2,656,No
C16645,3,696,Yes
C16646,4,592,Yes
C16647,3,668,No
C16648,4,602,Yes
C16649,3,625,Yes
C16650,2,688,Yes
C16651,2,594,No
C16652,3,642,Yes
C16653,3,580,Yes
C16654,3,529,No
C16655,3,537,No
C16656,2,657,No
C16657,2,626,No
C16658,3,649,No
C16659,2,609,Yes
C16660,4,589,Yes
C16661,3,636,Yes
C16662,3,639,Yes
C16663,4,605,Yes
C16664,3,688,No
C16665,4,592,No
C16666,2,601,No
C16667,2,667,No
C16668,4,461,Yes
C16669,2,698,No
C16670,2,695,No
C16671,3,668,No
C16672,3,579,No
C16673,4,662,No
C16674,4,636,No
C16675,3,676,Yes
C16676,4,609,No
C16677,3,642,Yes
C16678,2,515,Yes
C16679,2,660,Yes
C16680,3,616,Yes
C16681,2,668,Yes
C16682,3,641,Yes
C16683,2,652,No
C16684,4,533,Yes
C16685,4,651,Yes
C16686,3,624,No
C16687,4,567,Yes
C16688,2,625,No
C16689,4,643,No
C16690,4,565,No
C16691,4,680,No
C16692,3,660,Yes
C16693,2,598,No
C16694,3,593,No
C16695,2,675,Yes
C16696,2,557,Yes
C16697,2,579,Yes
C16698,3,596,Yes
C16699,2,625,Yes
C16700,3,609,Yes
C16701,4,698,No
C16702,2,667,Yes
C16703,4,674,No
C16704,3,545,Yes
C16705,2,658,No
C16706,2,643,No
C16707,2,656,Yes
C16708,4,573,No
C16709,3,503,No
C16710,4,684,Yes
C16711,2,633,No
C16712,4,661,No
C16713,3,650,No
C16714,4,617,Yes
C16715,4,646,Yes
C16716,2,668,No
C16717,4,624,Yes
C16718,3,621,Yes
C16719,2,664,Yes
C16720,2,560,Yes
C16721,2,568,Yes
C16722,2,636,No
C16723,4,682,No
C16724,3,569,Yes
C16725,2,642,No
C16726,3,649,Yes
C16727,2,678,Yes
C16728,2,528,Yes
C16729,4,657,Yes
C16730,4,671,No
C16731,4,666,Yes
C16732,4,585,Yes
C16733,3,657,No
C16734,2,656,Yes
C16735,2,665,No
C16736,3,647,Yes
C16737,2,688,No
C16738,3,711,Yes
C16739,2,583,Yes
C16740,4,627,Yes
C16741,3,586,No
C16742,3,663,No
C16743,2,668,No
C16744,4,685,Yes
C16745,3,647,Yes
C16746,4,675,No
C16747,2,568,No
C16748,4,600,Yes
C16749,3,703,No
C16750,4,679,Yes
C16751,4,642,No
C16752,3,672,No
C16753,4,480,Yes
C16754,3,689,No
C16755,4,643,Yes
C16756,3,655,Yes
C16757,4,558,Yes
C16758,3,646,No
C16759,4,586,Yes
C16760,3,570,Yes
C16761,4,636,No
C16762,4,648,No
C16763,2,612,No
C16764,3,565,Yes
C16765,4,688,No
C16766,3,605,Yes
C16767,3,546,Yes
C16768,4,568,No
C16769,4,635,Yes
C16770,2,656,Yes
C16771,2,667,Yes
C16772,2,563,No
C16773,4,627,Yes
C16774,2,657,No
C16775,4,677,Yes
C16776,3,681,Yes
C16777,3,653,No
C16778,2,543,Yes
C16779,3,613,Yes
C16780,3,604,Yes
C16781,2,628,Yes
C16782,3,609,No
C16783,4,674,No
C16784,2,662,Yes
C16785,2,657,Yes
C16786,3,575,Yes
C16787,4,586,Yes
C16788,2,630,No
C16789,2,581,Yes
C16790,4,677,Yes
C16791,4,699,No
C16792,2,662,Yes
C16793,3,568,Yes
C16794,4,650,Yes
C16795,4,689,Yes
C16796,4,712,No
C16797,3,542,Yes
C16798,3,632,No
C16799,3,503,Yes
C16800,2,634,Yes
C16801,4,672,No
C16802,2,625,No
C16803,3,735,No
C16804,4,684,No
C16805,4,587,Yes
C16806,3,553,Yes
C16807,3,709,No
C16808,3,543,No
C16809,3,646,No
C16810,3,645,No
C16811,2,645,Yes
C16812,2,615,No
C16813,3,641,Yes
C16814,2,619,Yes
C16815,3,686,No
C16816,2,622,No
C16817,2,562,Yes
C16818,4,689,No
C16819,2,693,No
C16820,2,653,No
C16821,2,686,Yes
C16822,4,606,Yes
C16823,4,696,No
C16824,2,453,No
C16825,3,615,Yes
C16826,3,571,Yes
C16827,2,633,No
C16828,3,640,No
C16829,3,628,Yes
C16830,2,660,No
C16831,4,660,No
C16832,4,629,No
C16833,4,684,Yes
C16834,2,676,No
C16835,2,648,Yes
C16836,2,651,Yes
C16837,2,585,No
C16838,2,718,No
C16839,3,605,Yes
C16840,3,650,Yes
C16841,4,678,Yes
C16842,4,527,Yes
C16843,2,620,Yes
C16844,4,696,No
C16845,3,668,No
C16846,3,691,No
C16847,4,635,Yes
C16848,4,697,No
C16849,4,574,No
C16850,3,700,Yes
C16851,2,599,No
C16852,2,657,No
C16853,4,635,No
C16854,3,678,Yes
C16855,3,669,No
C16856,3,655,Yes
C16857,4,660,No
C16858,2,572,Yes
C16859,4,673,Yes
C16860,3,641,Yes
C16861,3,636,No
C16862,4,665,No
C16863,3,605,Yes
C16864,4,598,No
C16865,4,666,Yes
C16866,3,691,No
C16867,3,578,Yes
C16868,4,637,Yes
C16869,4,584,No
C16870,2,661,No
C16871,3,656,No
C16872,3,663,Yes
C16873,2,673,Yes
C16874,3,582,No
C16875,3,645,Yes
C16876,4,632,Yes
C16877,2,591,Yes
C16878,4,659,No
C16879,4,637,Yes
C16880,4,678,No
C16881,2,550,Yes
C16882,4,633,No
C16883,3,673,No
C16884,2,645,Yes
C16885,2,639,Yes
C16886,3,654,No
C16887,4,625,No
C16888,4,621,Yes
C16889,2,602,No
C16890,3,692,Yes
C16891,3,663,Yes
C16892,2,645,No
C16893,3,591,No
C16894,3,715,Yes
C16895,3,684,No
C16896,3,623,Yes
C16897,2,646,No
C16898,2,631,Yes
C16899,2,618,Yes
C16900,4,631,Yes
C16901,3,606,No
C16902,3,576,Yes
C16903,3,678,No
C16904,4,514,Yes
C16905,3,632,No
C16906,3,664,No
C16907,3,527,Yes
C16908,4,615,No
C16909,3,643,Yes
C16910,4,540,Yes
C16911,4,518,Yes
C16912,2,633,No
C16913,3,633,No
C16914,4,572,Yes
C16915,3,647,No
C16916,2,616,No
C16917,4,680,No
C16918,4,674,No
C16919,4,647,No
C16920,4,660,Yes
C16921,4,601,No
C16922,2,650,Yes
C16923,3,615,Yes
C16924,2,594,No
C16925,4,539,Yes
C16926,3,629,Yes
C16927,2,577,No
C16928,3,687,No
C16929,3,589,No
C16930,2,533,Yes
C16931,4,674,No
C16932,4,660,Yes
C16933,2,548,Yes
C16934,4,672,No
C16935,3,596,Yes
C16936,3,694,No
C16937,2,668,No
C16938,2,549,No
C16939,3,621,Yes
C16940,2,590,Yes
C16941,3,565,Yes
C16942,3,673,No
C16943,3,688,Yes
C16944,2,618,No
C16945,3,563,Yes
C16946,2,697,Yes
C16947,4,609,Yes
C16948,4,642,No
C16949,2,602,Yes
C16950,2,618,No
C16951,3,545,Yes
C16952,2,597,Yes
C16953,4,687,No
C16954,2,634,No
C16955,3,528,No
C16956,4,631,No
C16957,3,526,Yes
C16958,2,698,No
C16959,3,600,Yes
C16960,2,642,No
C16961,3,654,No
C16962,3,667,No
C16963,3,647,Yes
C16964,3,632,No
C16965,3,568,No
C16966,4,681,No
C16967,4,571,Yes
C16968,3,630,No
C16969,3,686,No
C16970,4,668,Yes
C16971,3,713,Yes
C16972,4,673,No
C16973,2,558,Yes
C16974,4,678,No
C16975,2,543,No
C16976,4,666,Yes
C16977,4,655,No
C16978,3,657,Yes
C16979,3,540,No
C16980,3,608,No
C16981,4,606,Yes
C16982,3,650,No
C16983,3,585,No
C16984,4,577,No
C16985,4,611,No
C16986,3,521,Yes
C16987,4,691,No
C16988,3,666,Yes
C16989,4,625,Yes
C16990,2,621,Yes
C16991,4,675,No
C16992,2,604,No
C16993,3,529,Yes
C16994,4,629,Yes
C16995,4,706,No
C16996,2,545,Yes
C16997,4,666,No
C16998,4,632,No
C16999,3,694,No
C17000,2,565,No
C17001,3,642,No
C17002,4,557,Yes
C17003,3,657,No
C17004,4,666,No
C17005,2,679,Yes
C17006,3,644,No
C17007,3,575,Yes
C17008,4,606,Yes
C17009,2,653,No
C17010,4,613,Yes
C17011,2,686,Yes
C17012,3,693,No
C17013,4,583,No
C17014,3,588,Yes
C17015,2,707,No
C17016,2,614,No
C17017,4,675,No
C17018,3,607,Yes
C17019,2,652,Yes
C17020,2,592,Yes
C17021,4,674,No
C17022,3,650,Yes
C17023,3,645,No
C17024,3,593,Yes
C17025,4,586,Yes
C17026,3,562,Yes
C17027,3,609,No
C17028,2,621,No
C17029,4,663,No
C17030,3,664,Yes
C17031,2,669,No
C17032,3,488,Yes
C17033,3,616,Yes
C17034,3,616,No
C17035,4,639,Yes
C17036,4,646,Yes
C17037,3,656,Yes
C17038,4,663,No
C17039,2,676,Yes
C17040,2,606,No
C17041,2,616,Yes
C17042,4,610,No
C17043,3,650,No
C17044,3,659,No
C17045,4,627,Yes
C17046,4,557,No
C17047,3,661,No
C17048,3,739,No
C17049,4,595,Yes
C17050,3,663,No
C17051,4,592,Yes
C17052,2,639,Yes
C17053,4,595,Yes
C17054,2,694,No
C17055,2,583,Yes
C17056,2,550,Yes
C17057,2,646,No
C17058,2,700,No
C17059,2,553,No
C17060,4,631,No
C17061,4,630,Yes
C17062,3,686,No
C17063,4,584,Yes
C17064,4,612,Yes
C17065,3,625,No
C17066,3,550,Yes
C17067,4,590,Yes
C17068,4,607,Yes
C17069,4,599,No
C17070,4,634,No
C17071,3,668,Yes
C17072,3,622,Yes
C17073,2,639,No
C17074,2,651,No
C17075,3,674,No
C17076,3,655,No
C17077,4,617,Yes
C17078,2,584,Yes
C17079,2,689,No
C17080,4,630,Yes
C17081,3,588,No
C17082,2,590,Yes
C17083,3,626,No
C17084,4,598,No
C17085,2,663,Yes
C17086,2,555,Yes
C17087,4,664,No
C17088,3,658,No
C17089,4,570,Yes
C17090,2,668,No
C17091,3,573,Yes
C17092,3,652,Yes
C17093,2,629,No
C17094,3,586,No
C17095,2,683,Yes
C17096,2,656,Yes
C17097,4,644,No
C17098,4,598,Yes
C17099,4,686,No
C17100,4,652,No
C17101,2,633,No
C17102,3,662,Yes
C17103,2,682,No
C17104,4,592,No
C17105,4,654,Yes
C17106,3,673,No
C17107,2,651,Yes
C17108,2,678,Yes
C17109,4,659,Yes
C17110,4,606,Yes
C17111,3,683,Yes
C17112,4,645,No
C17113,3,627,Yes
C17114,4,658,No
C17115,3,652,Yes
C17116,4,704,Yes
C17117,2,491,No
C17118,2,568,Yes
C17119,4,647,No
C17120,4,581,No
C17121,4,667,No
C17122,2,628,No
C17123,3,660,Yes
C17124,3,675,No
C17125,2,620,No
C17126,2,648,No
C17127,4,569,Yes
C17128,4,710,Yes
C17129,2,656,No
C17130,2,671,Yes
C17131,3,609,Yes
C17132,3,624,Yes
C17133,4,668,No
C17134,4,714,Yes
C17135,2,662,Yes
C17136,2,611,No
C17137,2,638,No
C17138,2,649,No
C17139,3,640,No
C17140,2,666,Yes
C17141,4,647,No
C17142,2,611,No
C17143,3,550,Yes
C17144,2,496,Yes
C17145,2,578,Yes
C17146,3,652,Yes
C17147,4,477,Yes
C17148,3,561,Yes
C17149,4,435,Yes
C17150,2,672,No
C17151,3,661,Yes
C17152,4,676,Yes
C17153,2,668,Yes
C17154,2,536,No
C17155,3,645,No
C17156,2,493,Yes
C17157,3,628,Yes
C17158,4,680,Yes
C17159,2,588,Yes
C17160,4,613,No
C17161,2,683,No
C17162,3,618,Yes
C17163,3,613,Yes
C17164,3,624,Yes
C17165,2,608,No
C17166,4,628,Yes
C17167,2,676,Yes
C17168,2,505,Yes
C17169,4,634,Yes
C17170,2,624,Yes
C17171,3,713,No
C17172,4,663,No
C17173,2,705,No
C17174,3,534,No
C17175,2,651,No
C17176,2,597,No
C17177,3,576,Yes
C17178,3,658,Yes
C17179,3,600,No
C17180,3,586,Yes
C17181,4,631,No
C17182,4,652,Yes
C17183,4,665,No
C17184,2,632,Yes
C17185,3,704,Yes
C17186,2,598,No
C17187,2,603,Yes
C17188,3,683,Yes
C17189,4,640,No
C17190,3,549,No
C17191,2,522,No
C17192,2,705,Yes
C17193,2,614,No
C17194,4,660,No
C17195,4,657,No
C17196,2,561,No
C17197,4,678,No
C17198,3,677,No
C17199,3,492,Yes
C17200,4,673,No
C17201,3,642,No
C17202,3,678,No
C17203,3,687,No
C17204,3,688,Yes
C17205,4,701,No
C17206,4,649,No
C17207,2,678,No
C17208,2,640,No
C17209,3,526,Yes
C17210,3,667,No
C17211,2,564,Yes
C17212,2,584,No
C17213,2,637,No
C17214,3,486,Yes
C17215,2,651,Yes
C17216,2,517,Yes
C17217,3,590,Yes
C17218,4,684,No
C17219,2,539,No
C17220,2,607,Yes
C17221,2,560,Yes
C17222,3,699,No
C17223,2,639,Yes
C17224,4,619,No
C17225,4,660,No
C17226,2,681,No
C17227,2,546,Yes
C17228,3,644,No
C17229,2,623,Yes
C17230,4,622,Yes
C17231,4,558,Yes
C17232,3,535,Yes
C17233,3,670,Yes
C17234,4,667,No
C17235,3,598,Yes
C17236,2,630,No
C17237,4,668,Yes
C17238,3,644,No
C17239,3,481,No
C17240,3,662,Yes
C17241,3,647,No
C17242,4,611,Yes
C17243,2,586,Yes
C17244,2,629,No
C17245,2,646,No
C17246,2,674,Yes
C17247,2,553,Yes
C17248,3,634,No
C17249,2,677,No
C17250,4,642,Yes
C17251,3,649,No
C17252,4,633,No
C17253,4,525,Yes
C17254,4,618,Yes
C17255,2,640,No
C17256,2,662,Yes
C17257,3,628,No
C17258,3,603,No
C17259,2,587,Yes
C17260,3,609,No
C17261,4,683,No
C17262,2,624,No
C17263,3,659,Yes
C17264,2,647,Yes
C17265,2,612,Yes
C17266,3,662,No
C17267,2,670,No
C17268,3,689,No
C17269,3,632,Yes
C17270,4,728,No
C17271,2,570,Yes
C17272,4,639,No
C17273,2,585,Yes
C17274,2,592,Yes
C17275,4,636,No
C17276,3,591,No
C17277,2,717,Yes
C17278,3,635,No
C17279,2,596,Yes
C17280,2,597,No
C17281,2,586,Yes
C17282,4,530,Yes
C17283,2,690,No
C17284,3,658,Yes
C17285,2,573,No
C17286,2,667,Yes
C17287,3,618,Yes
C17288,4,678,Yes
C17289,2,669,Yes
C17290,3,675,No
C17291,4,660,No
C17292,4,663,Yes
C17293,3,656,No
C17294,4,617,No
C17295,4,636,Yes
C17296,3,658,No
C17297,4,659,Yes
C17298,3,638,Yes
C17299,4,707,No
C17300,3,635,No
C17301,2,638,Yes
C17302,3,608,Yes
C17303,2,574,Yes
C17304,2,573,No
C17305,4,592,Yes
C17306,3,576,No
C17307,4,648,No
C17308,3,646,Yes
C17309,3,558,Yes
C17310,3,698,No
C17311,2,615,Yes
C17312,2,637,No
C17313,3,630,No
C17314,4,608,No
C17315,3,613,Yes
C17316,4,513,Yes
C17317,4,629,Yes
C17318,3,555,Yes
C17319,3,657,No
C17320,4,569,No
C17321,2,603,No
C17322,3,625,Yes
C17323,4,622,Yes
C17324,4,532,No
C17325,2,682,No
C17326,4,600,Yes
C17327,3,700,Yes
C17328,3,703,Yes
C17329,4,555,Yes
C17330,2,653,No
C17331,3,607,Yes
C17332,4,646,Yes
C17333,4,628,Yes
C17334,2,572,Yes
C17335,3,688,No
C17336,3,680,No
C17337,2,618,Yes
C17338,2,624,Yes
C17339,4,621,No
C17340,2,637,No
C17341,2,584,No
C17342,4,551,Yes
C17343,3,659,Yes
C17344,2,618,No
C17345,2,658,No
C17346,3,577,No
C17347,3,625,Yes
C17348,3,554,Yes
C17349,3,666,No
C17350,3,513,Yes
C17351,4,626,Yes
C17352,2,658,No
C17353,3,623,No
C17354,3,656,Yes
C17355,4,662,Yes
C17356,4,611,No
C17357,3,653,Yes
C17358,4,514,No
C17359,3,544,Yes
C17360,2,694,No
C17361,4,676,No
C17362,4,585,Yes
C17363,4,588,Yes
C17364,2,681,Yes
C17365,2,516,No
C17366,2,628,Yes
C17367,3,631,Yes
C17368,3,678,No
C17369,3,672,Yes
C17370,3,535,Yes
C17371,4,611,No
C17372,3,515,No
C17373,4,681,Yes
C17374,3,557,Yes
C17375,3,568,Yes
C17376,2,675,Yes
C17377,3,629,Yes
C17378,3,610,Yes
C17379,4,580,No
C17380,3,637,No
C17381,3,632,No
C17382,2,561,Yes
C17383,4,661,No
C17384,3,689,No
C17385,3,643,Yes
C17386,3,665,No
C17387,3,686,Yes
C17388,2,661,Yes
C17389,4,720,No
C17390,3,614,Yes
C17391,2,565,Yes
C17392,4,696,Yes
C17393,2,682,No
C17394,4,557,No
C17395,4,625,No
C17396,3,641,Yes
C17397,3,677,Yes
C17398,2,594,No
C17399,4,706,No
C17400,4,648,Yes
C17401,2,573,Yes
C17402,4,704,No
C17403,2,638,No
C17404,2,676,Yes
C17405,3,572,Yes
C17406,4,616,No
C17407,2,593,No
C17408,2,560,Yes
C17409,4,574,No
C17410,4,610,Yes
C17411,2,603,Yes
C17412,2,609,No
C17413,2,715,No
C17414,3,542,No
C17415,2,680,No
C17416,3,677,No
C17417,4,577,Yes
C17418,3,657,Yes
C17419,3,597,No
C17420,3,719,No
C17421,2,492,No
C17422,3,727,No
C17423,4,572,Yes
C17424,3,624,No
C17425,2,586,Yes
C17426,4,603,Yes
C17427,3,603,No
C17428,4,681,No
C17429,4,692,No
C17430,2,626,Yes
C17431,2,619,No
C17432,2,616,Yes
C17433,4,642,Yes
C17434,4,655,No
C17435,3,605,Yes
C17436,4,608,Yes
C17437,2,619,Yes
C17438,3,691,No
C17439,2,631,No
C17440,2,647,No
C17441,3,562,Yes
C17442,2,697,Yes
C17443,4,583,No
C17444,4,471,Yes
C17445,2,625,Yes
C17446,3,647,Yes
C17447,3,626,Yes
C17448,3,624,No
C17449,3,601,No
C17450,4,613,Yes
C17451,2,638,Yes
C17452,2,570,No
C17453,4,537,Yes
C17454,2,674,Yes
C17455,4,693,No
C17456,3,630,No
C17457,4,588,Yes
C17458,3,615,Yes
C17459,3,550,Yes
C17460,4,650,Yes
C17461,4,570,Yes
C17462,2,583,Yes
C17463,4,703,No
C17464,4,662,No
C17465,2,661,No
C17466,4,638,Yes
C17467,2,646,No
C17468,3,621,No
C17469,3,607,Yes
C17470,3,687,No
C17471,4,660,No
C17472,4,675,No
C17473,4,663,No
C17474,4,668,No
C17475,2,685,Yes
C17476,2,698,No
C17477,3,641,No
C17478,3,586,Yes
C17479,3,637,Yes
C17480,2,612,No
C17481,2,620,Yes
C17482,4,625,Yes
C17483,4,650,No
C17484,2,642,Yes
C17485,2,623,No
C17486,2,628,No
C17487,2,658,No
C17488,2,629,Yes
C17489,4,626,Yes
C17490,3,535,Yes
C17491,2,567,Yes
C17492,2,679,No
C17493,3,630,No
C17494,2,568,Yes
C17495,2,675,Yes
C17496,2,695,Yes
C17497,3,590,No
C17498,3,685,Yes
C17499,4,634,No
C17500,2,622,No
C17501,4,605,No
C17502,4,667,No
C17503,2,620,Yes
C17504,2,536,No
C17505,4,679,No
C17506,2,702,No
C17507,2,572,Yes
C17508,2,665,No
C17509,3,660,No
C17510,3,567,Yes
C17511,4,602,Yes
C17512,4,596,No
C17513,2,610,Yes
C17514,2,518,No
C17515,2,686,No
C17516,2,622,No
C17517,2,682,No
C17518,4,560,Yes
C17519,3,494,Yes
C17520,4,700,Yes
C17521,4,621,No
C17522,3,672,No
C17523,3,668,Yes
C17524,3,702,No
C17525,2,630,Yes
C17526,3,629,No
C17527,4,608,No
C17528,4,553,Yes
C17529,4,672,No
C17530,3,576,No
C17531,2,681,No
C17532,3,669,Yes
C17533,2,591,No
C17534,2,624,No
C17535,4,688,Yes
C17536,3,602,Yes
C17537,2,656,No
C17538,3,672,No
C17539,4,589,No
C17540,3,609,No
C17541,4,624,Yes
C17542,3,640,No
C17543,3,565,Yes
C17544,3,654,Yes
C17545,2,677,Yes
C17546,2,538,No
C17547,3,583,Yes
C17548,2,625,No
C17549,4,596,No
C17550,4,653,Yes
C17551,2,634,Yes
C17552,2,598,No
C17553,3,613,Yes
C17554,4,677,Yes
C17555,3,651,Yes
C17556,3,658,Yes
C17557,3,621,Yes
C17558,4,578,Yes
C17559,4,711,No
C17560,4,521,No
C17561,3,609,Yes
C17562,2,665,No
C17563,4,580,Yes
C17564,3,573,No
C17565,4,618,No
C17566,4,579,Yes
C17567,3,571,Yes
C17568,2,582,No
C17569,3,673,Yes
C17570,2,490,No
C17571,4,656,No
C17572,2,650,No
C17573,4,512,Yes
C17574,4,657,Yes
C17575,4,584,No
C17576,4,637,Yes
C17577,3,553,No
C17578,4,617,No
C17579,2,608,Yes
C17580,2,652,No
C17581,3,603,Yes
C17582,4,658,Yes
C17583,2,615,Yes
C17584,3,635,No
C17585,4,598,Yes
C17586,4,535,Yes
C17587,2,632,No
C17588,2,550,Yes
C17589,4,641,No
C17590,2,709,Yes
C17591,4,503,Yes
C17592,2,705,Yes
C17593,4,686,No
C17594,4,678,No
C17595,2,616,Yes
C17596,2,611,Yes
C17597,4,672,No
C17598,3,566,Yes
C17599,4,574,Yes
C17600,3,670,Yes
C17601,4,610,No
C17602,2,645,No
C17603,3,630,Yes
C17604,2,631,No
C17605,3,647,No
C17606,2,614,No
C17607,3,634,Yes
C17608,4,597,Yes
C17609,4,687,No
C17610,3,565,Yes
C17611,3,706,No
C17612,2,628,No
C17613,3,636,No
C17614,4,608,No
C17615,4,657,Yes
C17616,3,638,Yes
C17617,2,613,No
C17618,4,476,No
C17619,4,682,Yes
C17620,4,676,No
C17621,4,626,No
C17622,3,678,Yes
C17623,2,599,Yes
C17624,2,679,No
C17625,4,610,Yes
C17626,2,614,No
C17627,2,668,Yes
C17628,2,628,Yes
C17629,2,540,No
C17630,3,654,Yes
C17631,4,630,No
C17632,2,572,No
C17633,2,589,Yes
C17634,3,712,Yes
C17635,2,522,No
C17636,2,625,No
C17637,4,577,Yes
C17638,3,658,No
C17639,4,657,No
C17640,2,625,No
C17641,3,710,Yes
C17642,3,575,No
C17643,3,588,Yes
C17644,4,545,Yes
C17645,3,692,No
C17646,4,601,No
C17647,3,675,Yes
C17648,3,640,No
C17649,4,619,No
C17650,3,640,No
C17651,4,700,Yes
C17652,4,638,Yes
C17653,3,585,Yes
C17654,4,609,Yes
C17655,2,635,No
C17656,3,619,Yes
C17657,3,623,Yes
C17658,3,585,Yes
C17659,4,662,No
C17660,2,636,Yes
C17661,2,447,No
C17662,4,640,Yes
C17663,4,693,No
C17664,2,659,No
C17665,4,684,No
C17666,2,569,No
C17667,2,678,Yes
C17668,3,625,No
C17669,2,587,Yes
C17670,3,640,Yes
C17671,2,522,Yes
C17672,4,686,Yes
C17673,3,686,No
C17674,4,662,Yes
C17675,3,656,No
C17676,2,594,Yes
C17677,2,554,Yes
C17678,3,580,Yes
C17679,3,635,No
C17680,3,608,No
C17681,2,689,No
C17682,3,652,Yes
C17683,2,531,Yes
C17684,3,676,No
C17685,4,618,No
C17686,4,673,Yes
C17687,4,618,No
C17688,3,623,No
C17689,4,624,Yes
C17690,4,623,Yes
C17691,2,602,Yes
C17692,3,594,Yes
C17693,4,638,No
C17694,2,594,No
C17695,2,621,Yes
C17696,3,604,No
C17697,2,614,Yes
C17698,4,660,No
C17699,4,671,No
C17700,3,647,Yes
C17701,3,678,Yes
C17702,3,576,No
C17703,2,585,Yes
C17704,2,673,Yes
C17705,3,618,No
C17706,4,670,No
C17707,3,584,Yes
C17708,3,675,No
C17709,3,679,No
C17710,3,606,Yes
C17711,3,631,Yes
C17712,3,696,No
C17713,3,611,No
C17714,2,647,Yes
C17715,2,650,No
C17716,2,595,No
C17717,3,623,No
C17718,4,575,No
C17719,4,579,Yes
C17720,4,658,Yes
C17721,4,547,Yes
C17722,2,612,No
C17723,3,612,Yes
C17724,3,625,No
C17725,3,657,No
C17726,3,660,Yes
C17727,4,649,Yes
C17728,3,657,No
C17729,3,654,No
C17730,3,703,Yes
C17731,3,659,No
C17732,3,663,Yes
C17733,3,653,Yes
C17734,4,640,No
C17735,2,609,No
C17736,2,646,Yes
C17737,4,506,No
C17738,2,608,Yes
C17739,4,570,No
C17740,3,624,No
C17741,3,644,No
C17742,3,606,Yes
C17743,4,686,No
C17744,3,543,No
C17745,3,682,No
C17746,2,697,Yes
C17747,2,590,Yes
C17748,2,677,No
C17749,2,631,Yes
C17750,2,634,No
C17751,3,625,Yes
C17752,2,636,No
C17753,3,515,Yes
C17754,4,679,No
C17755,3,583,No
C17756,2,727,No
C17757,2,634,Yes
C17758,4,658,No
C17759,4,525,No
C17760,4,662,No
C17761,3,596,No
C17762,3,544,No
C17763,4,557,No
C17764,3,673,No
C17765,4,678,Yes
C17766,4,595,Yes
C17767,2,660,Yes
C17768,4,590,No
C17769,4,614,No
C17770,3,624,Yes
C17771,3,649,No
C17772,3,581,No
C17773,2,604,Yes
C17774,4,680,No
C17775,4,705,No
C17776,2,652,No
C17777,3,489,Yes
C17778,3,585,Yes
C17779,4,628,No
C17780,4,661,No
C17781,2,653,Yes
C17782,3,673,No
C17783,3,592,Yes
C17784,2,536,Yes
C17785,2,560,Yes
C17786,2,583,Yes
C17787,4,572,Yes
C17788,4,651,Yes
C17789,3,542,Yes
C17790,2,586,Yes
C17791,4,585,Yes
C17792,3,692,No
C17793,2,637,No
C17794,2,663,Yes
C17795,2,570,No
C17796,4,667,No
C17797,3,619,Yes
C17798,2,584,No
C17799,4,665,No
C17800,4,582,Yes
C17801,2,648,No
C17802,4,580,Yes
C17803,3,612,No
C17804,4,573,No
C17805,3,676,No
C17806,4,654,Yes
C17807,2,507,Yes
C17808,2,688,No
C17809,4,581,Yes
C17810,4,657,No
C17811,4,582,No
C17812,3,653,Yes
C17813,2,637,Yes
C17814,4,638,No
C17815,4,657,Yes
C17816,4,592,No
C17817,2,563,Yes
C17818,4,570,Yes
C17819,3,533,No
C17820,2,588,Yes
C17821,4,647,No
C17822,3,640,Yes
C17823,4,664,No
C17824,2,570,No
C17825,2,661,No
C17826,2,574,No
C17827,4,666,No
C17828,4,610,Yes
C17829,3,582,Yes
C17830,4,577,Yes
C17831,2,577,No
C17832,3,652,No
C17833,2,664,Yes
C17834,8,613,No
C17835,7,609,Yes
C17836,6,650,No
C17837,9,564,No
C17838,9,662,No
C17839,10,660,No
C17840,10,680,No
C17841,8,705,No
C17842,8,671,No
C17843,10,656,No
C17844,8,576,No
C17845,9,645,No
C17846,8,659,No
C17847,9,631,Yes
C17848,7,670,Yes
C17849,9,549,Yes
C17850,10,561,No
C17851,6,655,No
C17852,7,619,No
C17853,7,664,No
C17854,5,598,Yes
C17855,7,480,No
C17856,8,553,No
C17857,6,686,No
C17858,10,606,Yes
C17859,6,700,No
C17860,8,721,No
C17861,6,649,No
C17862,8,568,No
C17863,6,603,No
C17864,9,679,No
C17865,9,672,No
C17866,7,609,Yes
C17867,8,649,No
C17868,7,659,No
C17869,7,592,Yes
C17870,10,613,Yes
C17871,9,575,Yes
C17872,7,676,Yes
C17873,8,656,No
C17874,8,663,No
C17875,8,569,Yes
C17876,8,668,Yes
C17877,5,662,No
C17878,10,699,No
C17879,8,593,No
C17880,7,620,No
C17881,5,577,Yes
C17882,9,612,No
C17883,9,570,Yes
C17884,6,632,No
C17885,10,643,No
C17886,10,657,Yes
C17887,7,630,Yes
C17888,10,643,No
C17889,8,719,No
C17890,5,691,No
C17891,9,642,No
C17892,5,661,No
C17893,9,618,No
C17894,5,680,No
C17895,9,619,Yes
C17896,10,614,No
C17897,8,618,No
C17898,8,651,Yes
C17899,10,674,No
C17900,6,594,No
C17901,10,702,Yes
C17902,7,671,No
C17903,9,689,No
C17904,6,669,Yes
C17905,9,586,Yes
C17906,8,640,Yes
C17907,7,678,Yes
C17908,5,648,Yes
C17909,5,596,No
C17910,10,664,No
C17911,6,697,Yes
C17912,5,625,Yes
C17913,7,632,No
C17914,8,601,No
C17915,6,654,No
C17916,9,674,No
C17917,7,566,No
C17918,9,699,No
C17919,6,640,No
C17920,6,481,No
C17921,6,711,No
C17922,9,692,No
C17923,9,701,No
C17924,10,694,No
C17925,5,562,Yes
C17926,7,690,No
C17927,7,588,No
C17928,6,541,No
C17929,5,715,No
C17930,7,694,No
C17931,10,667,No
C17932,10,699,Yes
C17933,5,657,Yes
C17934,10,563,Yes
C17935,6,611,No
C17936,8,618,Yes
C17937,6,578,Yes
C17938,10,591,No
C17939,5,505,No
C17940,7,695,Yes
C17941,5,695,Yes
C17942,5,645,No
C17943,8,649,Yes
C17944,7,537,Yes
C17945,8,560,Yes
C17946,8,645,No
C17947,8,615,Yes
C17948,10,680,Yes
C17949,6,686,No
C17950,10,653,No
C17951,5,697,No
C17952,7,667,Yes
C17953,7,577,No
C17954,6,536,No
C17955,9,713,No
C17956,10,588,Yes
C17957,8,638,No
C17958,10,645,No
C17959,10,619,No
C17960,10,694,Yes
C17961,6,667,Yes
C17962,10,597,Yes
C17963,7,564,No
C17964,5,678,No
C17965,7,499,Yes
C17966,5,612,Yes
C17967,7,565,Yes
C17968,10,586,Yes
C17969,5,651,Yes
C17970,7,643,No
C17971,6,696,Yes
C17972,5,636,Yes
C17973,7,635,Yes
C17974,8,594,Yes
C17975,7,676,No
C17976,9,569,No
C17977,6,669,No
C17978,8,603,No
C17979,6,593,Yes
C17980,9,563,No
C17981,6,613,Yes
C17982,7,614,No
C17983,5,522,Yes
C17984,7,633,No
C17985,5,647,No
C17986,5,635,No
C17987,6,554,No
C17988,5,590,Yes
C17989,9,705,No
C17990,9,675,No
C17991,8,580,No
C17992,7,551,No
C17993,10,679,Yes
C17994,9,617,No
C17995,10,663,No
C17996,10,558,No
C17997,7,616,Yes
C17998,8,677,Yes
C17999,9,638,Yes
C18000,6,550,Yes
C18001,8,645,Yes
C18002,9,645,Yes
C18003,9,658,Yes
C18004,5,680,Yes
C18005,10,686,Yes
C18006,8,679,No
C18007,7,692,No
C18008,7,653,Yes
C18009,10,718,Yes
C18010,9,695,No
C18011,8,667,No
C18012,8,633,No
C18013,8,590,No
C18014,5,633,No
C18015,9,644,No
C18016,9,565,Yes
C18017,9,516,Yes
C18018,7,653,Yes
C18019,10,666,Yes
C18020,5,664,No
C18021,10,669,No
C18022,7,614,Yes
C18023,8,676,Yes
C18024,5,529,No
C18025,5,697,No
C18026,7,636,Yes
C18027,7,699,Yes
C18028,5,696,Yes
C18029,7,718,Yes
C18030,5,645,No
C18031,10,655,No
C18032,7,595,No
C18033,8,648,No
C18034,5,596,No
C18035,6,670,No
C18036,5,590,No
C18037,8,630,No
C18038,8,661,No
C18039,8,603,No
C18040,10,613,No
C18041,5,688,No
C18042,8,576,No
C18043,6,626,No
C18044,9,708,No
C18045,9,578,Yes
C18046,5,649,No
C18047,8,701,Yes
C18048,7,650,No
C18049,6,542,No
C18050,6,654,Yes
C18051,8,615,No
C18052,6,635,No
C18053,8,647,No
C18054,8,614,No
C18055,8,649,Yes
C18056,9,625,No
C18057,10,676,Yes
C18058,8,679,No
C18059,5,697,No
C18060,8,655,Yes
C18061,10,696,No
C18062,7,660,Yes
C18063,8,658,Yes
C18064,7,543,Yes
C18065,9,635,No
C18066,8,730,No
C18067,6,637,No
C18068,8,670,Yes
C18069,9,642,No
C18070,9,567,Yes
C18071,6,694,No
C18072,5,688,No
C18073,9,626,Yes
C18074,8,666,No
C18075,7,533,Yes
C18076,10,614,No
C18077,8,653,No
C18078,10,596,No
C18079,8,617,No
C18080,6,637,No
C18081,9,584,No
C18082,10,671,Yes
C18083,10,683,No
C18084,9,637,Yes
C18085,8,664,No
C18086,6,692,No
C18087,10,647,Yes
C18088,6,655,Yes
C18089,10,589,Yes
C18090,7,635,Yes
C18091,9,625,No
C18092,7,612,No
C18093,7,692,No
C18094,7,475,Yes
C18095,7,578,No
C18096,6,689,Yes
C18097,5,552,Yes
C18098,5,668,Yes
C18099,8,695,No
C18100,10,607,No
C18101,6,634,Yes
C18102,6,663,Yes
C18103,9,573,No
C18104,8,668,Yes
C18105,7,701,No
C18106,6,662,Yes
C18107,5,646,No
C18108,9,638,No
C18109,9,671,No
C18110,7,717,No
C18111,7,614,Yes
C18112,7,644,No
C18113,5,707,No
C18114,5,659,Yes
C18115,8,619,No
C18116,5,668,No
C18117,6,640,Yes
C18118,10,574,Yes
C18119,6,630,No
C18120,10,644,Yes
C18121,8,517,Yes
C18122,9,684,No
C18123,7,567,Yes
C18124,6,673,Yes
C18125,10,666,Yes
C18126,5,691,No
C18127,10,622,No
C18128,9,631,Yes
C18129,10,672,No
C18130,6,682,No
C18131,9,598,No
C18132,8,610,Yes
C18133,6,673,No
C18134,10,710,No
C18135,9,591,No
C18136,8,606,No
C18137,7,676,No
C18138,10,678,Yes
C18139,10,703,Yes
C18140,10,689,No
C18141,8,628,Yes
C18142,5,688,No
C18143,6,595,No
C18144,10,574,No
C18145,9,684,Yes
C18146,5,613,No
C18147,8,668,No
C18148,7,646,No
C18149,10,643,No
C18150,10,618,No
C18151,5,574,No
C18152,8,665,Yes
C18153,9,595,No
C18154,7,577,No
C18155,7,646,No
C18156,8,637,No
C18157,6,626,No
C18158,5,666,Yes
C18159,6,621,No
C18160,6,670,No
C18161,5,656,No
C18162,6,699,No
C18163,7,700,No
C18164,9,685,No
C18165,6,643,Yes
C18166,8,646,No
C18167,7,675,No
C18168,10,660,Yes
C18169,7,672,Yes
C18170,7,630,No
C18171,5,628,No
C18172,6,590,No
C18173,8,709,No
C18174,10,560,Yes
C18175,9,606,No
C18176,7,698,Yes
C18177,6,627,No
C18178,10,561,No
C18179,7,637,No
C18180,5,524,No
C18181,8,611,No
C18182,7,698,Yes
C18183,8,591,No
C18184,5,678,Yes
C18185,8,699,Yes
C18186,10,435,Yes
C18187,8,672,No
C18188,5,697,Yes
C18189,5,598,Yes
C18190,9,622,Yes
C18191,8,527,No
C18192,5,658,No
C18193,9,617,Yes
C18194,8,654,No
C18195,8,679,No
C18196,7,653,No
C18197,5,627,Yes
C18198,9,677,No
C18199,7,589,Yes
C18200,6,629,No
C18201,6,678,No
C18202,7,606,No
C18203,5,675,No
C18204,5,671,No
C18205,7,655,No
C18206,5,670,Yes
C18207,5,647,Yes
C18208,5,654,No
C18209,8,604,Yes
C18210,6,670,Yes
C18211,5,683,Yes
C18212,8,587,No
C18213,8,534,No
C18214,7,633,No
C18215,5,658,No
C18216,6,602,Yes
C18217,6,700,Yes
C18218,5,655,Yes
C18219,10,633,No
C18220,5,538,Yes
C18221,9,705,No
C18222,7,611,Yes
C18223,7,608,No
C18224,5,555,No
C18225,10,627,No
C18226,6,640,No
C18227,9,698,Yes
C18228,10,621,No
C18229,7,655,Yes
C18230,5,702,No
C18231,10,594,No
C18232,10,540,No
C18233,10,649,Yes
C18234,8,540,No
C18235,7,526,No
C18236,10,608,Yes
C18237,5,640,No
C18238,8,568,No
C18239,9,572,No
C18240,10,639,No
C18241,9,653,No
C18242,6,604,No
C18243,10,668,No
C18244,5,597,No
C18245,6,651,No
C18246,5,662,No
C18247,10,575,No
C18248,5,590,Yes
C18249,6,608,No
C18250,10,660,Yes
C18251,6,609,Yes
C18252,10,672,Yes
C18253,8,699,No
C18254,7,713,No
C18255,5,694,Yes
C18256,7,566,No
C18257,6,681,No
C18258,8,563,Yes
C18259,5,681,No
C18260,8,614,Yes
C18261,5,664,No
C18262,6,674,No
C18263,5,632,No
C18264,5,672,No
C18265,10,545,No
C18266,8,581,No
C18267,9,723,No
C18268,7,669,No
C18269,5,563,No
C18270,8,603,Yes
C18271,6,707,No
C18272,9,703,No
C18273,6,696,No
C18274,7,615,Yes
C18275,6,647,No
C18276,9,584,No
C18277,9,679,No
C18278,9,684,No
C18279,6,679,No
C18280,9,600,No
C18281,9,494,No
C18282,7,681,No
C18283,5,695,No
C18284,6,661,No
C18285,10,459,Yes
C18286,7,654,No
C18287,5,625,No
C18288,9,639,Yes
C18289,5,672,No
C18290,9,671,Yes
C18291,10,702,Yes
C18292,10,576,No
C18293,6,458,Yes
C18294,5,554,No
C18295,10,708,No
C18296,10,640,No
C18297,5,667,No
C18298,10,598,No
C18299,8,633,Yes
C18300,7,686,No
C18301,10,671,No
C18302,8,680,No
C18303,5,660,No
C18304,8,684,No
C18305,10,540,No
C18306,8,637,No
C18307,9,628,No
C18308,6,590,No
C18309,6,657,No
C18310,9,602,Yes
C18311,7,588,No
C18312,10,621,No
C18313,5,649,No
C18314,9,594,Yes
C18315,9,536,Yes
C18316,10,719,No
C18317,6,614,No
C18318,6,706,No
C18319,5,619,No
C18320,5,628,No
C18321,7,655,No
C18322,7,587,Yes
C18323,5,589,No
C18324,10,625,No
C18325,5,717,No
C18326,8,498,No
C18327,6,703,No
C18328,8,629,No
C18329,7,652,No
C18330,5,660,No
C18331,8,649,No
C18332,6,548,Yes
C18333,7,683,Yes
C18334,10,628,No
C18335,9,545,No
C18336,7,623,No
C18337,7,619,No
C18338,5,698,No
C18339,5,718,Yes
C18340,7,544,Yes
C18341,7,580,No
C18342,10,567,No
C18343,8,674,No
C18344,7,653,No
C18345,8,599,No
C18346,9,651,No
C18347,9,629,No
C18348,7,630,No
C18349,10,691,No
C18350,6,701,No
C18351,10,697,No
C18352,8,679,No
C18353,10,623,No
C18354,5,696,No
C18355,10,682,No
C18356,10,550,No
C18357,9,619,No
C18358,6,606,No
C18359,6,585,No
C18360,5,692,No
C18361,7,711,No
C18362,10,599,Yes
C18363,8,635,No
C18364,6,654,No
C18365,7,692,No
C18366,10,673,No
C18367,6,598,Yes
C18368,7,664,Yes
C18369,9,561,No
C18370,10,641,No
C18371,8,633,No
C18372,5,608,No
C18373,8,675,No
C18374,8,718,Yes
C18375,6,596,No
C18376,5,692,No
C18377,5,724,No
C18378,9,573,No
C18379,9,708,No
C18380,9,672,No
C18381,10,641,Yes
C18382,5,658,Yes
C18383,9,604,No
C18384,9,530,Yes
C18385,5,625,Yes
C18386,5,662,No
C18387,9,713,No
C18388,6,686,No
C18389,6,681,Yes
C18390,5,663,Yes
C18391,10,693,Yes
C18392,5,554,No
C18393,10,735,No
C18394,5,694,No
C18395,7,579,Yes
C18396,7,637,No
C18397,5,573,Yes
C18398,7,639,No
C18399,8,697,No
C18400,6,654,Yes
C18401,5,545,No
C18402,7,672,No
C18403,7,658,Yes
C18404,9,696,No
C18405,7,608,Yes
C18406,10,648,No
C18407,10,562,Yes
C18408,7,579,Yes
C18409,9,657,Yes
C18410,6,657,Yes
C18411,8,660,Yes
C18412,9,716,No
C18413,5,670,No
C18414,9,598,No
C18415,5,570,No
C18416,5,684,No
C18417,7,628,No
C18418,9,630,Yes
C18419,7,622,Yes
C18420,10,672,No
C18421,9,649,Yes
C18422,8,710,No
C18423,9,668,Yes
C18424,9,622,Yes
C18425,10,662,Yes
C18426,8,693,Yes
C18427,9,669,No
C18428,6,582,Yes
C18429,8,663,Yes
C18430,7,668,No
C18431,7,520,No
C18432,9,695,Yes
C18433,9,668,No
C18434,6,629,Yes
C18435,10,673,No
C18436,6,575,No
C18437,8,597,No
C18438,5,663,No
C18439,5,612,No
C18440,6,663,Yes
C18441,9,669,Yes
C18442,8,654,Yes
C18443,10,555,No
C18444,9,736,Yes
C18445,9,629,Yes
C18446,7,571,Yes
C18447,7,676,No
C18448,5,590,No
C18449,9,691,No
C18450,5,650,No
C18451,8,655,Yes
C18452,9,685,Yes
C18453,9,599,Yes
C18454,5,659,Yes
C18455,9,451,Yes
C18456,6,642,No
C18457,9,571,Yes
C18458,7,538,Yes
C18459,5,692,Yes
C18460,10,610,No
C18461,9,637,Yes
C18462,6,628,No
C18463,6,568,Yes
C18464,10,651,Yes
C18465,9,584,No
C18466,9,661,No
C18467,5,505,No
C18468,6,663,No
C18469,8,612,No
C18470,5,717,Yes
C18471,8,546,No
C18472,7,643,Yes
C18473,10,562,Yes
C18474,5,689,No
C18475,9,708,No
C18476,8,540,No
C18477,7,657,Yes
C18478,9,566,Yes
C18479,7,664,No
C18480,7,582,Yes
C18481,8,704,Yes
C18482,7,591,No
C18483,10,705,No
C18484,10,592,Yes
C18485,6,689,No
C18486,8,701,Yes
C18487,8,622,Yes
C18488,8,702,Yes
C18489,8,668,No
C18490,6,690,No
C18491,9,714,No
C18492,6,550,Yes
C18493,6,630,Yes
C18494,8,686,Yes
C18495,6,674,No
C18496,9,669,No
C18497,8,656,Yes
C18498,10,701,No
C18499,9,567,No
C18500,7,637,No
C18501,7,682,No
C18502,10,698,No
C18503,6,716,No
C18504,6,631,No
C18505,5,657,No
C18506,6,661,Yes
C18507,10,644,No
C18508,8,680,No
C18509,7,674,No
C18510,9,669,No
C18511,9,688,No
C18512,8,564,No
C18513,5,673,Yes
C18514,8,679,No
C18515,10,695,Yes
C18516,9,648,Yes
C18517,5,681,No
C18518,8,651,No
C18519,10,555,No
C18520,5,679,No
C18521,8,679,Yes
C18522,8,672,No
C18523,10,643,No
C18524,5,706,Yes
C18525,7,614,Yes
C18526,9,682,Yes
C18527,10,638,Yes
C18528,6,651,No
C18529,10,701,No
C18530,10,680,Yes
C18531,7,658,No
C18532,7,712,No
C18533,8,670,No
C18534,10,699,No
C18535,9,671,No
C18536,6,608,No
C18537,5,658,No
C18538,5,681,No
C18539,9,652,Yes
C18540,7,573,Yes
C18541,7,615,No
C18542,7,685,Yes
C18543,10,698,No
C18544,6,654,No
C18545,7,657,No
C18546,9,584,No
C18547,7,647,No
C18548,7,701,No
C18549,10,588,Yes
C18550,10,632,Yes
C18551,6,692,No
C18552,8,635,Yes
C18553,7,611,No
C18554,9,553,No
C18555,9,661,No
C18556,6,631,No
C18557,9,671,No
C18558,9,611,No
C18559,8,618,Yes
C18560,8,693,No
C18561,10,683,No
C18562,6,674,No
C18563,7,588,No
C18564,5,579,Yes
C18565,8,638,No
C18566,5,659,Yes
C18567,6,522,Yes
C18568,5,681,No
C18569,9,685,Yes
C18570,8,644,Yes
C18571,7,632,Yes
C18572,9,638,No
C18573,8,606,Yes
C18574,6,528,Yes
C18575,9,718,No
C18576,9,561,Yes
C18577,10,645,No
C18578,6,635,No
C18579,9,624,No
C18580,8,633,Yes
C18581,7,576,No
C18582,6,679,Yes
C18583,9,653,No
C18584,9,583,Yes
C18585,9,708,No
C18586,10,567,No
C18587,6,630,Yes
C18588,8,643,No
C18589,6,539,Yes
C18590,9,608,Yes
C18591,6,680,Yes
C18592,10,710,No
C18593,6,653,Yes
C18594,10,629,Yes
C18595,8,640,Yes
C18596,9,609,No
C18597,8,645,No
C18598,10,590,No
C18599,5,548,Yes
C18600,5,686,Yes
C18601,7,653,Yes
C18602,10,639,No
C18603,10,637,No
C18604,6,564,No
C18605,5,694,Yes
C18606,5,670,Yes
C18607,7,632,Yes
C18608,9,647,Yes
C18609,7,626,No
C18610,9,591,Yes
C18611,10,596,Yes
C18612,9,656,No
C18613,8,696,No
C18614,6,608,Yes
C18615,8,603,Yes
C18616,9,717,Yes
C18617,10,566,Yes
C18618,8,617,No
C18619,6,644,Yes
C18620,7,668,No
C18621,7,630,Yes
C18622,8,641,Yes
C18623,6,671,No
C18624,8,604,No
C18625,10,588,Yes
C18626,10,599,No
C18627,10,638,No
C18628,9,628,No
C18629,5,700,No
C18630,8,631,Yes
C18631,7,552,No
C18632,10,622,Yes
C18633,6,654,Yes
C18634,6,624,No
C18635,8,622,No
C18636,10,649,No
C18637,5,624,No
C18638,8,633,No
C18639,6,630,No
C18640,7,598,No
C18641,6,659,Yes
C18642,10,683,No
C18643,8,631,Yes
C18644,7,686,No
C18645,9,618,No
C18646,9,651,Yes
C18647,10,707,No
C18648,10,602,No
C18649,6,575,No
C18650,5,582,No
C18651,9,672,No
C18652,10,730,Yes
C18653,8,626,Yes
C18654,5,702,Yes
C18655,8,666,No
C18656,5,620,Yes
C18657,6,642,Yes
C18658,6,666,Yes
C18659,8,671,Yes
C18660,6,688,No
C18661,8,643,No
C18662,10,660,Yes
C18663,8,571,No
C18664,6,644,Yes
C18665,10,596,Yes
C18666,9,695,No
C18667,6,552,No
C18668,10,639,No
C18669,5,693,No
C18670,7,609,Yes
C18671,5,710,No
C18672,5,598,Yes
C18673,10,677,No
C18674,5,608,No
C18675,9,660,No
C18676,6,672,No
C18677,8,657,Yes
C18678,6,625,Yes
C18679,10,678,No
C18680,5,584,Yes
C18681,5,716,No
C18682,9,566,No
C18683,9,674,Yes
C18684,6,654,No
C18685,10,715,No
C18686,9,642,Yes
C18687,7,600,Yes
C18688,6,648,No
C18689,10,650,No
C18690,5,698,No
C18691,10,626,No
C18692,6,600,No
C18693,5,644,No
C18694,10,528,No
C18695,8,628,Yes
C18696,9,625,Yes
C18697,7,653,Yes
C18698,5,646,No
C18699,8,598,No
C18700,5,644,No
C18701,9,622,No
C18702,6,663,No
C18703,9,688,No
C18704,6,649,No
C18705,8,605,No
C18706,8,534,Yes
C18707,10,605,Yes
C18708,9,640,No
C18709,9,584,No
C18710,10,655,No
C18711,7,556,Yes
C18712,8,677,No
C18713,8,588,No
C18714,7,620,No
C18715,5,592,No
C18716,5,646,No
C18717,6,573,Yes
C18718,8,709,No
C18719,5,698,No
C18720,5,660,No
C18721,6,576,Yes
C18722,6,586,No
C18723,6,662,No
C18724,8,698,No
C18725,8,612,No
C18726,7,676,No
C18727,9,651,Yes
C18728,9,664,No
C18729,9,536,No
C18730,10,646,No
C18731,10,658,No
C18732,10,565,Yes
C18733,10,649,Yes
C18734,5,654,Yes
C18735,5,661,Yes
C18736,6,547,Yes
C18737,8,567,Yes
C18738,5,638,Yes
C18739,6,640,Yes
C18740,6,566,No
C18741,8,576,No
C18742,6,642,Yes
C18743,5,661,No
C18744,5,604,Yes
C18745,6,587,Yes
C18746,9,714,No
C18747,5,548,No
C18748,6,714,No
C18749,10,637,Yes
C18750,9,632,No
C18751,5,628,Yes
C18752,5,673,No
C18753,7,657,Yes
C18754,5,615,No
C18755,7,614,Yes
C18756,7,535,No
C18757,10,662,Yes
C18758,6,685,Yes
C18759,5,496,Yes
C18760,9,692,Yes
C18761,7,587,No
C18762,6,697,No
C18763,9,614,Yes
C18764,10,617,Yes
C18765,6,684,No
C18766,6,569,Yes
C18767,10,658,Yes
C18768,9,665,No
C18769,9,613,Yes
C18770,6,692,Yes
C18771,10,630,No
C18772,9,526,Yes
C18773,9,488,Yes
C18774,5,635,Yes
C18775,9,620,Yes
C18776,9,631,No
C18777,9,523,No
C18778,6,528,Yes
C18779,10,681,No
C18780,9,641,No
C18781,7,631,Yes
C18782,6,667,Yes
C18783,7,595,Yes
C18784,9,699,No
C18785,5,599,No
C18786,9,709,No
C18787,7,697,No
C18788,5,584,No
C18789,9,622,Yes
C18790,8,676,No
C18791,5,545,No
C18792,8,571,Yes
C18793,7,639,No
C18794,10,676,Yes
C18795,6,709,No
C18796,9,660,No
C18797,8,578,Yes
C18798,10,522,No
C18799,7,618,No
C18800,5,602,Yes
C18801,7,625,No
C18802,8,666,Yes
C18803,7,501,Yes
C18804,6,649,No
C18805,9,685,No
C18806,10,675,Yes
C18807,9,673,Yes
C18808,8,652,No
C18809,5,629,No
C18810,5,689,No
C18811,7,653,No
C18812,5,615,Yes
C18813,9,641,No
C18814,8,729,Yes
C18815,5,566,No
C18816,6,672,Yes
C18817,7,545,No
C18818,5,566,Yes
C18819,8,670,No
C18820,10,656,Yes
C18821,7,659,No
C18822,7,700,Yes
C18823,6,690,Yes
C18824,8,616,Yes
C18825,7,687,No
C18826,7,588,Yes
C18827,7,696,Yes
C18828,6,672,No
C18829,6,662,Yes
C18830,7,666,Yes
C18831,10,621,Yes
C18832,9,640,No
C18833,6,634,Yes
C18834,5,500,Yes
C18835,10,644,No
C18836,8,680,No
C18837,9,678,Yes
C18838,7,588,Yes
C18839,6,676,No
C18840,9,519,No
C18841,6,616,Yes
C18842,9,690,Yes
C18843,9,633,No
C18844,7,541,Yes
C18845,5,636,Yes
C18846,5,645,Yes
C18847,8,581,Yes
C18848,5,639,No
C18849,6,721,No
C18850,8,695,No
C18851,10,673,No
C18852,6,581,Yes
C18853,7,621,No
C18854,8,683,No
C18855,8,607,No
C18856,8,649,Yes
C18857,7,631,Yes
C18858,6,664,No
C18859,7,610,Yes
C18860,10,697,No
C18861,10,635,Yes
C18862,6,629,No
C18863,10,653,Yes
C18864,10,676,Yes
C18865,6,720,Yes
C18866,5,662,No
C18867,9,681,No
C18868,5,603,No
C18869,10,721,Yes
C18870,6,675,No
C18871,6,613,Yes
C18872,7,560,No
C18873,7,625,Yes
C18874,10,633,Yes
C18875,9,612,No
C18876,9,686,No
C18877,9,568,Yes
C18878,8,699,No
C18879,6,637,No
C18880,5,550,Yes
C18881,9,602,Yes
C18882,8,640,Yes
C18883,8,623,No
C18884,8,709,Yes
C18885,9,621,Yes
C18886,9,673,No
C18887,7,713,No
C18888,9,679,Yes
C18889,10,638,No
C18890,8,661,No
C18891,5,589,No
C18892,7,615,Yes
C18893,7,490,Yes
C18894,8,695,Yes
C18895,10,682,No
C18896,9,556,Yes
C18897,5,647,Yes
C18898,9,676,No
C18899,8,703,No
C18900,10,642,No
C18901,5,648,Yes
C18902,9,696,Yes
C18903,7,623,Yes
C18904,9,622,Yes
C18905,7,570,Yes
C18906,8,649,Yes
C18907,7,564,Yes
C18908,6,640,Yes
C18909,10,585,Yes
C18910,7,652,Yes
C18911,9,657,Yes
C18912,5,681,Yes
C18913,7,600,No
C18914,8,573,No
C18915,7,620,Yes
C18916,10,710,No
C18917,6,681,Yes
C18918,6,571,No
C18919,8,672,Yes
C18920,5,700,Yes
C18921,7,698,No
C18922,10,663,No
C18923,7,700,Yes
C18924,9,667,No
C18925,10,694,No
C18926,5,551,No
C18927,6,675,No
C18928,7,650,Yes
C18929,9,603,Yes
C18930,5,648,Yes
C18931,7,584,No
C18932,6,686,Yes
C18933,9,689,No
C18934,8,709,No
C18935,9,669,No
C18936,6,586,Yes
C18937,6,690,No
C18938,8,614,Yes
C18939,9,656,Yes
C18940,5,632,Yes
C18941,10,637,Yes
C18942,7,640,Yes
C18943,7,625,Yes
C18944,7,636,Yes
C18945,5,543,Yes
C18946,6,672,Yes
C18947,8,596,No
C18948,9,660,No
C18949,10,659,Yes
C18950,10,619,Yes
C18951,10,647,No
C18952,6,645,No
C18953,10,648,Yes
C18954,8,703,Yes
C18955,10,678,No
C18956,5,586,Yes
C18957,5,575,Yes
C18958,5,639,Yes
C18959,6,664,No
C18960,8,641,Yes
C18961,9,679,No
C18962,10,583,No
C18963,9,500,No
C18964,9,668,Yes
C18965,9,695,No
C18966,10,635,Yes
C18967,10,653,Yes
C18968,7,694,Yes
C18969,5,690,No
C18970,8,664,Yes
C18971,6,687,Yes
C18972,6,570,Yes
C18973,9,655,No
C18974,10,656,No
C18975,8,530,Yes
C18976,8,649,Yes
C18977,10,694,Yes
C18978,8,632,Yes
C18979,6,639,Yes
C18980,9,656,No
C18981,7,687,No
C18982,8,672,No
C18983,8,561,Yes
C18984,7,669,Yes
C18985,8,609,Yes
C18986,6,668,No
C18987,7,639,Yes
C18988,10,494,Yes
C18989,5,682,No
C18990,7,590,No
C18991,7,520,Yes
C18992,5,626,Yes
C18993,9,651,No
C18994,5,605,Yes
C18995,6,673,No
C18996,10,625,Yes
C18997,5,664,No
C18998,9,628,Yes
C18999,10,608,Yes
C19000,9,671,Yes
C19001,8,699,Yes
C19002,5,639,Yes
C19003,8,567,No
C19004,10,599,Yes
C19005,5,566,Yes
C19006,9,677,Yes
C19007,10,662,No
C19008,8,674,No
C19009,5,692,No
C19010,5,642,No
C19011,9,660,Yes
C19012,7,672,No
C19013,9,665,Yes
C19014,5,613,Yes
C19015,9,627,No
C19016,8,666,No
C19017,7,608,No
C19018,6,645,No
C19019,6,635,Yes
C19020,5,675,Yes
C19021,8,691,Yes
C19022,7,650,Yes
C19023,6,584,No
C19024,6,642,No
C19025,5,575,No
C19026,6,650,Yes
C19027,7,618,Yes
C19028,8,671,No
C19029,7,631,No
C19030,9,686,Yes
C19031,5,650,No
C19032,7,734,Yes
C19033,9,632,Yes
C19034,6,695,Yes
C19035,7,654,Yes
C19036,7,576,No
C19037,6,572,No
C19038,5,573,Yes
C19039,9,647,Yes
C19040,10,694,No
C19041,6,643,Yes
C19042,5,530,Yes
C19043,9,654,No
C19044,5,658,No
C19045,7,575,Yes
C19046,8,589,No
C19047,8,545,No
C19048,9,680,Yes
C19049,7,571,No
C19050,7,689,No
C19051,10,641,No
C19052,9,674,No
C19053,5,574,No
C19054,7,702,No
C19055,8,538,No
C19056,9,662,Yes
C19057,9,619,Yes
C19058,7,615,No
C19059,7,608,No
C19060,7,601,Yes
C19061,10,653,Yes
C19062,6,691,No
C19063,7,686,No
C19064,10,647,No
C19065,8,513,Yes
C19066,6,596,Yes
C19067,9,709,No
C19068,8,572,Yes
C19069,6,637,Yes
C19070,7,576,Yes
C19071,5,567,No
C19072,6,713,No
C19073,6,662,No
C19074,6,594,Yes
C19075,7,592,Yes
C19076,7,640,No
C19077,5,616,No
C19078,10,602,No
C19079,5,666,No
C19080,8,622,No
C19081,9,615,No
C19082,6,683,No
C19083,8,656,No
C19084,8,621,No
C19085,10,565,No
C19086,5,590,No
C19087,10,553,No
C19088,8,581,Yes
C19089,10,616,Yes
C19090,10,704,No
C19091,8,603,Yes
C19092,5,613,No
C19093,9,691,Yes
C19094,10,651,Yes
C19095,10,505,Yes
C19096,10,623,No
C19097,8,669,No
C19098,8,692,No
C19099,5,568,No
C19100,8,577,Yes
C19101,8,669,No
C19102,7,577,Yes
C19103,6,616,No
C19104,8,652,Yes
C19105,5,670,No
C19106,6,647,No
C19107,8,700,Yes
C19108,9,671,Yes
C19109,8,694,Yes
C19110,7,598,Yes
C19111,8,641,No
C19112,5,682,No
C19113,7,621,Yes
C19114,8,634,Yes
C19115,6,603,No
C19116,7,635,No
C19117,9,663,Yes
C19118,8,641,No
C19119,10,653,No
C19120,8,666,No
C19121,10,642,No
C19122,6,647,Yes
C19123,10,630,No
C19124,10,653,No
C19125,8,594,Yes
C19126,9,596,Yes
C19127,9,720,No
C19128,8,632,No
C19129,8,640,No
C19130,10,593,Yes
C19131,6,695,Yes
C19132,5,658,No
C19133,8,672,Yes
C19134,5,680,No
C19135,10,695,No
C19136,6,682,Yes
C19137,5,635,Yes
C19138,5,678,No
C19139,6,596,Yes
C19140,6,604,Yes
C19141,9,665,No
C19142,5,625,Yes
C19143,9,682,Yes
C19144,7,663,No
C19145,6,607,Yes
C19146,10,605,No
C19147,9,566,No
C19148,5,549,Yes
C19149,6,644,No
C19150,7,663,No
C19151,10,676,No
C19152,9,654,Yes
C19153,10,526,Yes
C19154,5,571,No
C19155,7,658,Yes
C19156,9,591,No
C19157,8,535,Yes
C19158,9,691,Yes
C19159,8,636,Yes
C19160,7,654,No
C19161,10,599,Yes
C19162,5,652,Yes
C19163,6,668,Yes
C19164,6,659,Yes
C19165,9,577,No
C19166,5,547,Yes
C19167,8,594,No
C19168,10,639,No
C19169,9,661,No
C19170,9,636,Yes
C19171,8,648,Yes
C19172,7,517,Yes
C19173,8,662,Yes
C19174,6,650,Yes
C19175,8,659,Yes
C19176,7,642,Yes
C19177,6,631,Yes
C19178,7,544,Yes
C19179,7,679,Yes
C19180,8,665,Yes
C19181,5,667,Yes
C19182,5,631,Yes
C19183,9,612,No
C19184,10,623,Yes
C19185,8,619,Yes
C19186,6,620,No
C19187,8,697,No
C19188,6,633,Yes
C19189,8,696,No
C19190,5,669,No
C19191,10,702,Yes
C19192,10,565,No
C19193,9,706,No
C19194,6,671,No
C19195,10,590,Yes
C19196,10,660,No
C19197,9,669,Yes
C19198,8,620,Yes
C19199,9,635,Yes
C19200,8,637,No
C19201,7,628,Yes
C19202,10,549,No
C19203,6,596,Yes
C19204,6,620,No
C19205,9,722,No
C19206,5,672,No
C19207,6,690,No
C19208,7,525,Yes
C19209,7,619,No
C19210,6,644,No
C19211,9,585,No
C19212,10,690,No
C19213,6,571,No
C19214,9,656,No
C19215,7,664,No
C19216,7,661,No
C19217,10,671,No
C19218,8,620,No
C19219,6,652,No
C19220,7,611,Yes
C19221,6,667,No
C19222,6,639,Yes
C19223,5,672,No
C19224,5,645,Yes
C19225,5,641,No
C19226,5,704,No
C19227,6,708,Yes
C19228,8,683,No
C19229,8,643,No
C19230,5,580,Yes
C19231,7,675,Yes
C19232,7,627,No
C19233,9,567,No
C19234,8,667,No
C19235,10,703,No
C19236,6,623,No
C19237,9,624,Yes
C19238,8,598,No
C19239,6,551,No
C19240,8,597,No
C19241,10,547,No
C19242,6,630,No
C19243,5,616,No
C19244,10,652,Yes
C19245,8,674,No
C19246,7,668,No
C19247,5,612,No
C19248,6,635,No
C19249,10,615,Yes
C19250,5,695,No
C19251,5,688,No
C19252,6,634,No
C19253,8,522,Yes
C19254,8,644,No
C19255,8,656,No
C19256,9,655,Yes
C19257,5,699,Yes
C19258,7,611,Yes
C19259,6,627,No
C19260,10,586,No
C19261,9,569,No
C19262,10,707,Yes
C19263,8,627,No
C19264,6,668,Yes
C19265,5,537,Yes
C19266,8,665,No
C19267,10,553,Yes
C19268,5,641,No
C19269,6,559,No
C19270,5,590,Yes
C19271,8,680,No
C19272,8,633,Yes
C19273,9,643,No
C19274,5,640,No
C19275,10,669,No
C19276,5,646,No
C19277,8,590,Yes
C19278,6,548,Yes
C19279,8,629,No
C19280,8,689,No
C19281,7,656,No
C19282,10,676,No
C19283,7,633,No
C19284,9,604,No
C19285,8,696,Yes
C19286,5,567,Yes
C19287,10,614,Yes
C19288,5,523,Yes
C19289,6,604,No
C19290,8,567,Yes
C19291,10,604,No
C19292,5,651,No
C19293,10,604,No
C19294,10,717,Yes
C19295,5,604,No
C19296,10,594,No
C19297,8,676,No
C19298,8,564,Yes
C19299,9,646,No
C19300,5,536,Yes
C19301,5,635,No
C19302,7,513,Yes
C19303,7,616,Yes
C19304,10,582,Yes
C19305,10,679,No
C19306,10,617,No
C19307,7,630,No
C19308,8,671,No
C19309,6,706,No
C19310,9,701,No
C19311,6,653,Yes
C19312,10,662,No
C19313,5,602,No
C19314,8,669,Yes
C19315,6,639,Yes
C19316,9,494,Yes
C19317,8,613,Yes
C19318,7,564,Yes
C19319,6,604,Yes
C19320,9,649,No
C19321,9,617,No
C19322,10,641,Yes
C19323,6,652,No
C19324,5,701,Yes
C19325,6,645,No
C19326,5,618,Yes
C19327,9,571,No
C19328,9,721,No
C19329,6,615,Yes
C19330,10,643,Yes
C19331,6,627,No
C19332,5,690,Yes
C19333,5,584,No
C19334,7,615,Yes
C19335,9,601,Yes
C19336,10,661,Yes
C19337,7,644,Yes
C19338,7,713,No
C19339,5,647,Yes
C19340,7,698,No
C19341,5,656,No
C19342,7,579,No
C19343,9,718,No
C19344,10,502,No
C19345,9,630,Yes
C19346,8,687,No
C19347,6,621,No
C19348,7,700,No
C19349,8,594,No
C19350,5,575,No
C19351,10,639,Yes
C19352,7,689,No
C19353,5,638,No
C19354,5,690,Yes
C19355,5,595,Yes
C19356,6,648,No
C19357,6,505,Yes
C19358,8,595,No
C19359,7,720,No
C19360,7,696,No
C19361,5,724,Yes
C19362,8,574,No
C19363,9,576,Yes
C19364,8,473,No
C19365,5,676,Yes
C19366,10,699,Yes
C19367,10,656,Yes
C19368,7,674,No
C19369,7,601,No
C19370,7,682,No
C19371,9,694,No
C19372,8,688,No
C19373,6,652,No
C19374,6,619,Yes
C19375,8,595,No
C19376,9,569,Yes
C19377,5,570,Yes
C19378,5,651,No
C19379,6,683,No
C19380,7,624,Yes
C19381,5,684,No
C19382,10,597,Yes
C19383,6,725,No
C19384,8,560,Yes
C19385,5,594,No
C19386,10,637,No
C19387,8,574,Yes
C19388,5,693,No
C19389,8,575,Yes
C19390,9,643,No
C19391,7,587,Yes
C19392,6,681,No
C19393,6,656,Yes
C19394,10,702,No
C19395,8,641,No
C19396,8,634,No
C19397,7,657,Yes
C19398,9,677,Yes
C19399,7,660,Yes
C19400,9,617,Yes
C19401,8,597,No
C19402,5,691,No
C19403,6,613,No
C19404,10,633,Yes
C19405,8,637,No
C19406,9,649,No
C19407,6,613,No
C19408,7,654,Yes
C19409,7,470,Yes
C19410,7,680,No
C19411,10,555,Yes
C19412,5,694,Yes
C19413,10,704,No
C19414,9,663,No
C19415,8,640,No
C19416,8,612,No
C19417,6,667,No
C19418,9,585,No
C19419,10,659,Yes
C19420,9,572,Yes
C19421,8,649,Yes
C19422,6,669,Yes
C19423,9,675,Yes
C19424,10,677,Yes
C19425,10,621,Yes
C19426,8,663,Yes
C19427,7,654,No
C19428,8,685,No
C19429,8,705,No
C19430,7,610,Yes
C19431,10,619,No
C19432,10,706,No
C19433,10,687,No
C19434,7,698,Yes
C19435,10,654,No
C19436,8,639,Yes
C19437,6,713,No
C19438,6,597,Yes
C19439,7,629,No
C19440,9,663,Yes
C19441,5,694,No
C19442,10,497,Yes
C19443,10,665,Yes
C19444,7,621,Yes
C19445,5,672,Yes
C19446,9,698,No
C19447,7,681,Yes
C19448,7,620,No
C19449,10,673,Yes
C19450,7,637,No
C19451,7,678,No
C19452,8,654,No
C19453,10,556,Yes
C19454,7,673,Yes
C19455,6,682,Yes
C19456,10,671,No
C19457,5,692,No
C19458,7,698,No
C19459,8,684,No
C19460,8,679,No
C19461,5,542,Yes
C19462,6,615,Yes
C19463,5,674,No
C19464,10,672,No
C19465,7,562,Yes
C19466,8,612,Yes
C19467,10,638,Yes
C19468,6,640,Yes
C19469,8,615,No
C19470,7,614,No
C19471,6,615,Yes
C19472,9,661,No
C19473,10,550,Yes
C19474,9,643,No
C19475,8,658,Yes
C19476,9,658,Yes
C19477,8,675,Yes
C19478,6,645,Yes
C19479,6,675,No
C19480,9,701,No
C19481,9,654,No
C19482,10,678,Yes
C19483,10,622,Yes
C19484,6,471,Yes
C19485,7,696,No
C19486,6,676,No
C19487,7,714,No
C19488,10,568,No
C19489,7,607,No
C19490,6,678,Yes
C19491,7,663,No
C19492,9,660,No
C19493,10,564,Yes
C19494,10,664,Yes
C19495,5,655,Yes
C19496,7,610,Yes
C19497,5,648,No
C19498,7,660,Yes
C19499,6,584,Yes
C19500,6,634,Yes
C19501,9,662,Yes
C19502,8,653,Yes
C19503,6,662,Yes
C19504,9,634,Yes
C19505,7,652,Yes
C19506,9,692,No
C19507,10,627,No
C19508,6,705,Yes
C19509,8,675,No
C19510,5,546,Yes
C19511,8,638,Yes
C19512,8,647,No
C19513,8,583,Yes
C19514,9,682,Yes
C19515,7,613,Yes
C19516,8,615,Yes
C19517,8,689,Yes
C19518,10,710,No
C19519,5,719,No
C19520,5,675,No
C19521,6,729,No
C19522,10,559,No
C19523,9,704,Yes
C19524,7,636,Yes
C19525,10,700,Yes
C19526,10,639,Yes
C19527,7,605,Yes
C19528,9,527,No
C19529,7,617,Yes
C19530,7,667,Yes
C19531,10,692,No
C19532,10,585,No
C19533,6,549,No
C19534,7,585,Yes
C19535,7,684,No
C19536,8,600,Yes
C19537,8,669,No
C19538,8,646,Yes
C19539,7,607,Yes
C19540,7,684,Yes
C19541,7,700,No
C19542,9,702,No
C19543,9,683,Yes
C19544,7,616,No
C19545,8,704,No
C19546,10,505,Yes
C19547,10,688,Yes
C19548,7,672,No
C19549,7,553,No
C19550,7,622,Yes
C19551,6,680,No
C19552,6,653,No
C19553,5,554,Yes
C19554,6,576,Yes
C19555,5,664,No
C19556,8,665,No
C19557,7,657,No
C19558,6,718,No
C19559,7,641,No
C19560,5,663,No
C19561,9,614,No
C19562,5,711,Yes
C19563,9,659,Yes
C19564,9,644,No
C19565,6,667,No
C19566,9,635,Yes
C19567,9,640,No
C19568,6,668,No
C19569,9,689,No
C19570,8,616,Yes
C19571,5,663,Yes
C19572,7,679,Yes
C19573,8,566,Yes
C19574,6,647,No
C19575,9,614,Yes
C19576,6,614,Yes
C19577,7,604,No
C19578,9,716,No
C19579,9,670,Yes
C19580,9,571,Yes
C19581,6,704,No
C19582,5,651,No
C19583,7,704,Yes
C19584,7,673,Yes
C19585,10,549,No
C19586,8,684,No
C19587,5,612,Yes
C19588,10,623,Yes
C19589,9,593,Yes
C19590,7,667,No
C19591,9,489,Yes
C19592,6,650,No
C19593,9,646,Yes
C19594,9,663,Yes
C19595,10,593,Yes
C19596,6,636,Yes
C19597,5,582,Yes
C19598,5,682,No
C19599,6,556,Yes
C19600,5,711,Yes
C19601,8,604,Yes
C19602,9,663,No
C19603,7,716,Yes
C19604,5,652,Yes
C19605,6,708,No
C19606,5,661,Yes
C19607,7,590,No
C19608,8,605,Yes
C19609,6,564,Yes
C19610,6,659,Yes
C19611,5,696,No
C19612,7,601,Yes
C19613,6,630,Yes
C19614,9,611,Yes
C19615,7,681,No
C19616,9,620,No
C19617,5,626,No
C19618,5,643,Yes
C19619,6,645,No
C19620,9,674,Yes
C19621,6,667,No
C19622,10,692,Yes
C19623,5,641,No
C19624,7,659,Yes
C19625,5,583,No
C19626,9,708,No
C19627,8,599,Yes
C19628,9,655,Yes
C19629,10,655,No
C19630,8,604,No
C19631,5,622,Yes
C19632,6,628,Yes
C19633,8,604,Yes
C19634,5,702,Yes
C19635,5,694,No
C19636,9,651,No
C19637,5,627,Yes
C19638,5,595,Yes
C19639,5,534,Yes
C19640,9,699,No
C19641,10,612,Yes
C19642,9,696,No
C19643,10,664,No
C19644,6,688,Yes
C19645,9,635,Yes
C19646,6,680,Yes
C19647,7,608,No
C19648,8,655,No
C19649,5,629,Yes
C19650,9,668,Yes
C19651,5,672,No
C19652,6,696,Yes
C19653,6,690,Yes
C19654,6,652,Yes
C19655,6,668,No
C19656,6,535,Yes
C19657,10,612,No
C19658,10,649,Yes
C19659,5,564,Yes
C19660,6,613,Yes
C19661,7,614,Yes
C19662,6,581,No
C19663,7,676,No
C19664,8,642,Yes
C19665,5,696,No
C19666,9,693,No
C19667,5,598,Yes
C19668,7,573,Yes
C19669,5,567,Yes
C19670,8,635,No
C19671,7,666,Yes
C19672,5,658,No
C19673,10,628,Yes
C19674,8,590,No
C19675,7,639,Yes
C19676,7,666,Yes
C19677,7,587,No
C19678,7,620,No
C19679,8,669,Yes
C19680,9,690,Yes
C19681,9,639,Yes
C19682,8,667,No
C19683,5,631,No
C19684,5,617,No
C19685,9,643,No
C19686,5,593,No
C19687,8,610,No
C19688,9,638,Yes
C19689,9,566,Yes
C19690,10,678,No
C19691,7,651,No
C19692,9,658,No
C19693,7,608,No
C19694,5,625,No
C19695,7,646,No
C19696,8,679,Yes
C19697,9,722,No
C19698,8,672,Yes
C19699,10,695,Yes
C19700,9,655,Yes
C19701,8,647,No
C19702,6,689,No
C19703,8,681,Yes
C19704,8,683,Yes
C19705,8,682,Yes
C19706,9,643,Yes
C19707,7,695,No
C19708,10,658,Yes
C19709,5,650,No
C19710,8,660,Yes
C19711,5,501,Yes
C19712,5,628,No
C19713,10,655,No
C19714,7,698,No
C19715,9,711,No
C19716,8,710,Yes
C19717,9,579,No
C19718,5,635,No
C19719,9,595,No
C19720,9,644,Yes
C19721,5,625,Yes
C19722,7,676,Yes
C19723,10,707,No
C19724,8,558,Yes
C19725,8,635,No
C19726,6,687,No
C19727,5,661,Yes
C19728,5,607,Yes
C19729,8,614,Yes
C19730,6,610,Yes
C19731,7,580,No
C19732,9,692,No
C19733,10,661,No
C19734,6,647,Yes
C19735,6,623,Yes
C19736,10,702,No
C19737,6,627,No
C19738,5,612,Yes
C19739,10,627,Yes
C19740,5,663,No
C19741,7,673,No
C19742,10,659,No
C19743,5,574,No
C19744,10,668,No
C19745,8,640,Yes
C19746,8,643,No
C19747,8,643,Yes
C19748,6,666,Yes
C19749,8,600,Yes
C19750,10,621,No
C19751,9,674,No
C19752,9,609,Yes
C19753,6,617,No
C19754,6,507,Yes
C19755,6,702,No
C19756,10,648,Yes
C19757,5,717,Yes
C19758,9,673,Yes
C19759,7,630,Yes
C19760,8,604,Yes
C19761,10,648,Yes
C19762,5,694,No
C19763,10,632,Yes
C19764,10,650,No
C19765,5,619,No
C19766,5,650,No
C19767,8,677,Yes
C19768,8,668,No
C19769,6,533,No
C19770,8,615,Yes
C19771,8,661,No
C19772,9,721,No
C19773,6,716,No
C19774,5,712,Yes
C19775,8,667,No
C19776,7,581,Yes
C19777,8,657,Yes
C19778,5,587,No
C19779,6,650,No
C19780,7,611,Yes
C19781,9,502,Yes
C19782,10,593,No
C19783,7,514,Yes
C19784,7,636,No
C19785,5,678,No
C19786,10,589,Yes
C19787,5,638,Yes
C19788,9,674,Yes
C19789,9,691,No
C19790,9,585,Yes
C19791,9,693,Yes
C19792,8,576,Yes
C19793,9,631,Yes
C19794,5,684,Yes
C19795,6,671,No
C19796,9,616,No
C19797,8,662,Yes
C19798,5,692,Yes
C19799,6,633,Yes
C19800,7,706,No
C19801,8,614,Yes
C19802,7,671,No
C19803,6,676,No
C19804,7,656,No
C19805,6,657,No
C19806,10,706,No
C19807,7,566,Yes
C19808,7,605,No
C19809,10,643,No
C19810,8,537,No
C19811,9,569,Yes
C19812,7,529,No
C19813,10,665,No
C19814,6,699,No
C19815,10,608,No
C19816,9,581,No
C19817,10,628,Yes
C19818,5,709,No
C19819,10,644,Yes
C19820,5,614,Yes
C19821,10,568,Yes
C19822,8,597,Yes
C19823,7,704,Yes
C19824,7,668,No
C19825,10,597,No
C19826,6,630,Yes
C19827,5,655,Yes
C19828,7,581,Yes
C19829,10,669,Yes
C19830,6,644,No
C19831,6,658,No
C19832,10,650,No
C19833,7,516,Yes
C19834,7,645,Yes
C19835,9,699,Yes
C19836,5,675,No
C19837,7,657,Yes
C19838,6,690,No
C19839,7,697,No
C19840,6,692,No
C19841,8,653,Yes
C19842,7,660,Yes
C19843,5,692,No
C19844,5,650,No
C19845,5,631,No
C19846,8,649,Yes
C19847,7,614,Yes
C19848,7,653,Yes
C19849,10,600,No
C19850,10,491,Yes
C19851,10,538,Yes
C19852,9,637,Yes
C19853,10,692,Yes
C19854,9,634,Yes
C19855,6,583,Yes
C19856,10,697,Yes
C19857,6,696,Yes
C19858,8,545,Yes
C19859,7,633,Yes
C19860,7,664,No
C19861,9,650,No
C19862,9,714,Yes
C19863,7,628,No
C19864,5,583,No
C19865,10,680,No
C19866,10,609,Yes
C19867,5,606,Yes
C19868,7,646,No
C19869,5,707,No
C19870,7,640,No
C19871,9,576,Yes
C19872,9,718,Yes
C19873,7,644,No
C19874,10,647,Yes
C19875,9,612,No
C19876,5,632,Yes
C19877,9,658,Yes
C19878,10,710,No
C19879,7,655,No
C19880,7,599,No
C19881,9,698,No
C19882,10,597,Yes
C19883,5,624,Yes
C19884,5,694,Yes
C19885,8,604,No
C19886,5,655,No
C19887,9,684,Yes
C19888,5,658,Yes
C19889,8,625,No
C19890,6,571,Yes
C19891,7,685,Yes
C19892,5,584,Yes
C19893,10,648,No
C19894,10,672,Yes
C19895,9,654,No
C19896,8,628,Yes
C19897,6,506,No
C19898,8,580,No
C19899,10,605,No
C19900,9,587,Yes
C19901,8,605,No
C19902,6,657,No
C19903,10,723,No
C19904,6,644,No
C19905,6,672,No
C19906,7,595,No
C19907,6,546,Yes
C19908,7,594,No
C19909,6,629,No
C19910,7,673,Yes
C19911,7,643,Yes
C19912,5,622,Yes
C19913,5,611,No
C19914,5,637,No
C19915,8,597,Yes
C19916,8,525,No
C19917,8,674,Yes
C19918,8,690,Yes
C19919,10,701,No
C19920,8,602,Yes
C19921,10,597,Yes
C19922,8,688,Yes
C19923,7,676,Yes
C19924,6,633,No
C19925,10,641,No
C19926,8,593,No
C19927,10,633,No
C19928,8,691,No
C19929,6,627,Yes
C19930,10,643,Yes
C19931,7,652,No
C19932,6,619,No
C19933,10,568,Yes
C19934,9,707,No
C19935,10,682,No
C19936,5,666,No
C19937,7,675,No
C19938,6,581,Yes
C19939,5,707,Yes
C19940,7,660,No
C19941,5,553,No
C19942,6,605,Yes
C19943,6,711,No
C19944,8,625,Yes
C19945,6,669,No
C19946,9,685,Yes
C19947,5,618,Yes
C19948,10,591,Yes
C19949,7,670,Yes
C19950,10,668,No
C19951,6,689,No
C19952,7,615,Yes
C19953,7,608,Yes
C19954,5,666,No
C19955,9,683,No
C19956,8,618,No
C19957,5,650,Yes
C19958,8,505,No
C19959,10,631,No
C19960,8,687,Yes
C19961,10,624,No
C19962,6,675,No
C19963,7,708,Yes
C19964,6,638,Yes
C19965,5,713,Yes
C19966,10,597,Yes
C19967,10,667,Yes
C19968,5,567,Yes
C19969,6,587,Yes
C19970,10,562,No
C19971,9,630,No
C19972,6,548,No
C19973,7,701,No
C19974,9,614,No
C19975,10,664,No
C19976,5,594,No
C19977,9,664,Yes
C19978,7,692,No
C19979,6,629,No
C19980,10,684,Yes
C19981,5,571,No
C19982,8,650,Yes
C19983,6,633,Yes
C19984,5,649,Yes
C19985,8,610,No
C19986,9,586,Yes
C19987,5,597,Yes
C19988,10,623,Yes
C19989,7,649,Yes
C19990,10,608,No
C19991,7,683,No
C19992,8,455,Yes
C19993,5,579,Yes
C19994,10,681,No
C19995,5,705,Yes
C19996,5,664,No
C19997,10,607,Yes
C19998,7,684,No
C19999,5,653,Yes
C20000,8,582,No
C20001,5,602,Yes
C20002,5,695,No
C20003,6,695,Yes
C20004,7,667,Yes
C20005,7,643,No
C20006,9,553,No
C20007,5,683,No
C20008,9,630,No
C20009,10,649,Yes
C20010,7,643,Yes
C20011,10,633,Yes
C20012,5,612,No
C20013,10,685,Yes
C20014,5,568,Yes
C20015,9,692,No
C20016,8,694,No
C20017,8,555,Yes
C20018,5,680,No
C20019,6,689,No
C20020,9,716,No
C20021,6,618,Yes
C20022,9,584,No
C20023,9,540,No
C20024,5,566,Yes
C20025,8,691,Yes
C20026,6,628,No
C20027,7,642,No
C20028,9,611,Yes
C20029,6,641,Yes
C20030,8,584,Yes
C20031,6,659,No
C20032,7,680,No
C20033,6,714,No
C20034,8,681,No
C20035,7,667,No
C20036,8,635,Yes
C20037,5,672,No
C20038,5,691,Yes
C20039,8,707,No
C20040,5,576,Yes
C20041,5,477,No
C20042,9,612,No
C20043,6,679,Yes
C20044,8,673,Yes
C20045,8,698,No
C20046,9,497,No
C20047,7,560,No
C20048,9,667,No
C20049,10,544,No
C20050,8,643,Yes
C20051,8,699,No
C20052,9,646,Yes
C20053,6,628,Yes
C20054,10,708,Yes
C20055,8,634,Yes
C20056,6,700,Yes
C20057,10,673,No
C20058,6,586,Yes
C20059,9,629,No
C20060,6,572,Yes
C20061,6,688,Yes
C20062,8,678,Yes
C20063,8,638,Yes
C20064,5,565,Yes
C20065,10,726,Yes
C20066,5,636,No
C20067,7,633,No
C20068,8,549,No
C20069,9,655,No
C20070,5,722,No
C20071,8,661,No
C20072,6,635,No
C20073,7,597,Yes
C20074,9,518,Yes
C20075,7,636,No
C20076,8,663,Yes
C20077,7,607,No
C20078,9,670,No
C20079,8,566,No
C20080,5,688,Yes
C20081,5,716,No
C20082,10,555,No
C20083,8,634,No
C20084,5,610,No
C20085,6,675,No
C20086,6,664,No
C20087,8,628,No
C20088,6,640,Yes
C20089,6,634,No
C20090,6,524,Yes
C20091,10,708,No
C20092,9,694,No
C20093,8,566,Yes
C20094,9,695,Yes
C20095,9,628,No
C20096,9,627,Yes
C20097,6,516,No
C20098,5,618,Yes
C20099,8,647,Yes
C20100,6,620,Yes
C20101,9,685,Yes
C20102,10,673,Yes
C20103,7,689,No
C20104,10,581,Yes
C20105,7,613,No
C20106,10,596,Yes
C20107,8,698,Yes
C20108,6,610,Yes
C20109,6,680,Yes
C20110,9,691,Yes
C20111,8,568,No
C20112,6,603,No
C20113,10,626,No
C20114,9,704,No
C20115,6,596,Yes
C20116,10,605,No
C20117,10,679,Yes
C20118,10,666,No
C20119,9,637,No
C20120,7,639,No
C20121,7,687,Yes
C20122,8,671,No
C20123,8,680,No
C20124,7,605,No
C20125,8,663,Yes
C20126,7,523,Yes
C20127,8,624,No
C20128,8,577,Yes
C20129,10,676,Yes
C20130,5,640,Yes
C20131,10,588,No
C20132,8,664,Yes
C20133,7,598,No
C20134,5,581,Yes
C20135,9,693,Yes
C20136,7,664,No
C20137,7,640,No
C20138,6,539,Yes
C20139,6,729,No
C20140,5,685,Yes
C20141,6,577,Yes
C20142,10,682,Yes
C20143,7,641,Yes
C20144,9,717,No
C20145,5,701,Yes
C20146,7,622,Yes
C20147,7,709,No
C20148,5,679,Yes
C20149,6,651,No
C20150,9,692,Yes
C20151,7,628,Yes
C20152,9,529,No
C20153,8,675,Yes
C20154,9,673,No
C20155,9,638,No
C20156,5,526,Yes
C20157,9,665,No
C20158,10,685,No
C20159,10,647,Yes
C20160,9,654,Yes
C20161,9,606,Yes
C20162,7,613,Yes
C20163,5,642,Yes
C20164,9,663,Yes
C20165,6,719,Yes
C20166,6,624,Yes
C20167,8,666,Yes
C20168,5,500,Yes
C20169,10,649,No
C20170,5,586,Yes
C20171,7,603,No
C20172,7,680,Yes
C20173,6,675,Yes
C20174,5,659,Yes
C20175,10,679,Yes
C20176,10,642,Yes
C20177,8,570,No
C20178,6,693,No
C20179,9,656,No
C20180,10,613,Yes
C20181,10,575,Yes
C20182,9,572,Yes
C20183,7,671,Yes
C20184,5,683,Yes
C20185,8,590,Yes
C20186,9,650,No
C20187,9,660,No
C20188,10,629,No
C20189,5,696,No
C20190,9,688,No
C20191,9,600,Yes
C20192,8,586,Yes
C20193,7,634,No
C20194,5,528,No
C20195,8,689,Yes
C20196,7,629,Yes
C20197,10,550,Yes
C20198,7,554,Yes
C20199,10,521,No
C20200,6,557,Yes
C20201,9,681,No
C20202,7,655,No
C20203,7,495,Yes
C20204,8,624,Yes
C20205,10,636,Yes
C20206,5,558,Yes
C20207,8,666,No
C20208,5,611,No
C20209,9,631,No
C20210,6,612,Yes
C20211,9,648,Yes
C20212,6,675,Yes
C20213,8,660,Yes
C20214,9,520,No
C20215,9,568,Yes
C20216,10,661,No
C20217,8,621,No
C20218,9,613,No
C20219,8,678,No
C20220,8,588,Yes
C20221,5,634,No
C20222,9,708,No
C20223,5,618,No
C20224,5,600,No
C20225,8,675,No
C20226,10,598,Yes
C20227,8,616,Yes
C20228,9,699,No
C20229,8,555,Yes
C20230,7,640,No
C20231,5,609,No
C20232,6,616,Yes
C20233,5,686,Yes
C20234,10,615,Yes
C20235,9,657,Yes
C20236,7,707,No
C20237,9,617,Yes
C20238,8,690,No
C20239,9,643,Yes
C20240,8,702,Yes
C20241,6,567,Yes
C20242,7,588,Yes
C20243,10,647,No
C20244,5,557,Yes
C20245,5,619,No
C20246,8,638,No
C20247,6,614,Yes
C20248,7,616,Yes
C20249,8,679,No
C20250,5,646,Yes
C20251,8,573,Yes
C20252,7,658,Yes
C20253,10,656,No
C20254,6,590,No
C20255,5,573,No
C20256,6,662,Yes
C20257,6,665,No
C20258,10,654,No
C20259,10,591,Yes
C20260,8,579,Yes
C20261,9,624,Yes
C20262,9,690,No
C20263,9,566,Yes
C20264,6,670,Yes
C20265,9,525,Yes
C20266,10,670,No
C20267,6,613,Yes
C20268,7,738,Yes
C20269,5,594,Yes
C20270,7,564,Yes
C20271,9,677,No
C20272,8,600,Yes
C20273,8,617,Yes
C20274,9,615,No
C20275,7,660,No
C20276,5,611,Yes
C20277,5,645,No
C20278,5,652,Yes
C20279,6,527,Yes
C20280,7,710,Yes
C20281,9,715,No
C20282,7,546,No
C20283,10,712,No
C20284,5,570,Yes
C20285,7,675,No
C20286,6,661,Yes
C20287,6,614,Yes
C20288,5,653,No
C20289,10,647,Yes
C20290,8,701,No
C20291,6,584,Yes
C20292,5,579,No
C20293,6,600,Yes
C20294,7,640,Yes
C20295,7,625,Yes
C20296,6,569,No
C20297,8,674,Yes
C20298,9,539,No
C20299,5,692,No
C20300,9,621,Yes
C20301,6,628,Yes
C20302,8,675,No
C20303,9,598,No
C20304,8,640,Yes
C20305,5,472,Yes
C20306,6,636,Yes
C20307,8,685,Yes
C20308,5,684,Yes
C20309,7,616,Yes
C20310,7,656,No
C20311,9,586,No
C20312,7,648,No
C20313,7,659,No
C20314,9,622,No
C20315,7,622,No
C20316,9,601,Yes
C20317,10,686,No
C20318,5,674,No
C20319,5,684,No
C20320,10,657,No
C20321,5,552,Yes
C20322,10,670,No
C20323,10,654,No
C20324,9,599,Yes
C20325,5,649,No
C20326,7,713,No
C20327,7,535,No
C20328,10,681,No
C20329,8,646,Yes
C20330,6,651,No
C20331,5,555,Yes
C20332,7,644,Yes
C20333,7,616,No
C20334,7,665,No
C20335,8,680,No
C20336,9,673,Yes
C20337,8,702,No
C20338,10,668,No
C20339,6,651,Yes
C20340,10,657,Yes
C20341,5,709,No
C20342,9,666,No
C20343,9,577,Yes
C20344,9,664,Yes
C20345,9,677,Yes
C20346,7,650,Yes
C20347,10,680,No
C20348,9,694,No
C20349,8,683,Yes
C20350,9,664,No
C20351,5,578,Yes
C20352,8,640,No
C20353,7,669,No
C20354,10,694,No
C20355,10,672,Yes
C20356,9,577,Yes
C20357,10,628,Yes
C20358,9,686,No
C20359,6,637,No
C20360,6,681,Yes
C20361,7,693,No
C20362,5,532,Yes
C20363,5,630,Yes
C20364,5,682,No
C20365,7,590,No
C20366,9,689,No
C20367,8,672,Yes
C20368,10,655,No
C20369,6,587,Yes
C20370,9,654,No
C20371,8,681,No
C20372,9,603,Yes
C20373,7,710,Yes
C20374,6,639,Yes
C20375,10,682,No
C20376,5,487,Yes
C20377,6,660,Yes
C20378,8,609,No
C20379,8,641,No
C20380,7,565,Yes
C20381,6,668,No
C20382,10,616,No
C20383,6,688,No
C20384,8,625,No
C20385,6,543,Yes
C20386,10,595,Yes
C20387,9,628,No
C20388,9,640,No
C20389,7,717,Yes
C20390,5,643,Yes
C20391,5,571,No
C20392,7,663,No
C20393,6,686,No
C20394,5,693,No
C20395,5,661,Yes
C20396,7,545,Yes
C20397,9,660,No
C20398,10,704,No
C20399,7,653,No
C20400,10,609,Yes
C20401,9,655,No
C20402,7,650,Yes
C20403,10,509,No
C20404,6,684,No
C20405,5,654,Yes
C20406,7,689,Yes
C20407,6,620,No
C20408,8,734,No
C20409,8,630,Yes
C20410,8,607,No
C20411,9,704,Yes
C20412,9,641,Yes
C20413,6,683,Yes
C20414,5,621,No
C20415,8,684,No
C20416,7,558,Yes
C20417,7,688,No
C20418,6,676,No
C20419,6,707,No
C20420,10,654,Yes
C20421,8,676,Yes
C20422,7,551,Yes
C20423,8,673,Yes
C20424,7,461,Yes
C20425,6,634,Yes
C20426,6,661,No
C20427,7,585,No
C20428,7,591,Yes
C20429,7,580,No
C20430,5,689,No
C20431,7,672,No
C20432,10,637,No
C20433,9,646,No
C20434,8,677,No
C20435,6,591,No
C20436,10,693,No
C20437,8,693,Yes
C20438,5,676,Yes
C20439,7,604,Yes
C20440,9,592,No
C20441,10,719,No
C20442,5,642,No
C20443,7,632,Yes
C20444,8,681,No
C20445,9,649,No
C20446,7,617,No
C20447,5,612,Yes
C20448,6,642,No
C20449,8,631,No
C20450,6,577,No
C20451,8,628,No
C20452,10,642,Yes
C20453,6,682,Yes
C20454,9,707,Yes
C20455,10,692,Yes
C20456,8,657,Yes
C20457,10,641,No
C20458,8,723,No
C20459,9,678,No
C20460,7,659,Yes
C20461,10,644,Yes
C20462,5,681,Yes
C20463,10,543,Yes
C20464,10,605,Yes
C20465,8,658,No
C20466,8,545,Yes
C20467,6,619,Yes
C20468,10,669,Yes
C20469,7,601,Yes
C20470,8,650,Yes
C20471,8,657,No
C20472,8,687,Yes
C20473,5,618,Yes
C20474,5,630,Yes
C20475,9,693,No
C20476,9,664,Yes
C20477,5,705,Yes
C20478,7,624,No
C20479,7,644,No
C20480,6,534,Yes
C20481,5,623,Yes
C20482,8,625,No
C20483,10,624,Yes
C20484,7,553,Yes
C20485,9,547,No
C20486,10,651,No
C20487,6,680,Yes
C20488,6,507,No
C20489,9,711,No
C20490,8,635,Yes
C20491,8,590,Yes
C20492,5,665,Yes
C20493,5,670,Yes
C20494,9,656,Yes
C20495,10,660,No
C20496,10,649,No
C20497,8,682,No
C20498,8,645,No
C20499,8,600,No
C20500,7,640,Yes
C20501,6,614,Yes
C20502,8,654,Yes
C20503,8,628,Yes
C20504,6,549,Yes
C20505,6,661,Yes
C20506,8,653,Yes
C20507,10,628,Yes
C20508,5,607,No
C20509,10,605,Yes
C20510,10,647,Yes
C20511,8,607,No
C20512,9,670,No
C20513,7,676,Yes
C20514,10,675,Yes
C20515,10,647,Yes
C20516,10,551,No
C20517,9,698,No
C20518,10,596,Yes
C20519,8,611,Yes
C20520,8,669,Yes
C20521,5,599,No
C20522,9,667,Yes
C20523,6,646,Yes
C20524,6,715,No
C20525,9,685,Yes
C20526,10,567,Yes
C20527,7,683,No
C20528,10,653,No
C20529,9,660,No
C20530,5,702,Yes
C20531,6,703,No
C20532,9,643,Yes
C20533,7,562,No
C20534,7,654,Yes
C20535,5,698,No
C20536,8,524,No
C20537,8,595,Yes
C20538,5,649,Yes
C20539,10,615,Yes
C20540,10,647,No
C20541,7,638,No
C20542,9,691,Yes
C20543,10,659,Yes
C20544,8,614,No
C20545,6,679,No
C20546,8,637,Yes
C20547,6,650,Yes
C20548,9,553,Yes
C20549,6,686,No
C20550,9,633,Yes
C20551,7,671,No
C20552,6,691,No
C20553,5,597,Yes
C20554,5,625,No
C20555,10,679,No
C20556,6,666,No
C20557,7,662,No
C20558,8,608,No
C20559,7,641,No
C20560,10,554,Yes
C20561,9,646,Yes
C20562,9,689,No
C20563,5,672,No
C20564,8,656,Yes
C20565,8,638,No
C20566,7,628,Yes
C20567,9,656,Yes
C20568,9,733,No
C20569,8,601,No
C20570,9,558,Yes
C20571,7,713,No
C20572,9,695,No
C20573,5,711,No
C20574,10,625,No
C20575,8,684,Yes
C20576,5,669,No
C20577,9,688,No
C20578,9,674,Yes
C20579,7,691,No
C20580,5,565,Yes
C20581,10,615,Yes
C20582,6,707,No
C20583,6,681,Yes
C20584,9,559,Yes
C20585,9,656,No
C20586,9,667,Yes
C20587,9,546,No
C20588,10,554,Yes
C20589,7,616,Yes
C20590,8,681,No
C20591,10,629,Yes
C20592,5,713,Yes
C20593,9,555,Yes
C20594,6,683,Yes
C20595,7,660,No
C20596,6,649,Yes
C20597,5,682,Yes
C20598,10,507,Yes
C20599,5,663,Yes
C20600,5,660,No
C20601,6,723,No
C20602,7,622,Yes
C20603,5,690,No
C20604,6,683,No
C20605,5,674,No
C20606,9,598,No
C20607,6,595,Yes
C20608,5,525,Yes
C20609,9,649,Yes
C20610,9,675,No
C20611,6,689,No
C20612,7,617,No
C20613,7,624,Yes
C20614,10,653,Yes
C20615,8,717,Yes
C20616,7,680,No
C20617,6,674,Yes
C20618,9,661,No
C20619,5,587,Yes
C20620,6,602,No
C20621,6,677,No
C20622,7,676,No
C20623,6,542,Yes
C20624,10,681,No
C20625,5,631,Yes
C20626,9,619,No
C20627,8,691,No
C20628,5,611,Yes
C20629,5,646,Yes
C20630,8,625,No
C20631,9,598,Yes
C20632,8,650,No
C20633,9,699,No
C20634,9,627,Yes
C20635,6,701,No
C20636,10,610,No
C20637,7,684,No
C20638,5,679,No
C20639,6,624,No
C20640,10,697,Yes
C20641,7,704,No
C20642,10,678,No
C20643,9,640,Yes
C20644,7,644,No
C20645,10,632,No
C20646,8,606,No
C20647,9,673,No
C20648,8,709,No
C20649,9,621,Yes
C20650,9,642,No
C20651,7,705,Yes
C20652,5,615,No
C20653,5,581,No
C20654,7,664,No
C20655,7,635,Yes
C20656,10,626,Yes
C20657,7,650,No
C20658,5,668,Yes
C20659,5,603,Yes
C20660,7,611,No
C20661,5,628,No
C20662,9,644,No
C20663,8,697,No
C20664,6,704,Yes
C20665,8,673,No
C20666,8,679,No
C20667,8,586,No
C20668,7,605,No
C20669,5,719,Yes
C20670,10,672,Yes
C20671,8,589,No
C20672,10,685,No
C20673,10,601,No
C20674,7,711,No
C20675,8,677,No
C20676,10,679,No
C20677,8,645,Yes
C20678,9,640,Yes
C20679,7,671,No
C20680,7,631,Yes
C20681,9,634,No
C20682,8,579,Yes
C20683,6,550,Yes
C20684,5,621,Yes
C20685,6,691,Yes
C20686,10,585,No
C20687,9,629,Yes
C20688,9,661,No
C20689,7,687,No
C20690,10,688,Yes
C20691,7,483,Yes
C20692,10,650,Yes
C20693,8,563,No
C20694,8,696,No
C20695,7,659,No
C20696,10,618,No
C20697,6,609,Yes
C20698,9,579,No
C20699,9,685,No
C20700,7,592,Yes
C20701,10,660,Yes
C20702,10,681,Yes
C20703,6,682,No
C20704,5,680,No
C20705,7,723,No
C20706,5,670,Yes
C20707,8,676,No
C20708,9,616,No
C20709,8,678,Yes
C20710,9,610,Yes
C20711,6,672,No
C20712,5,713,No
C20713,5,690,No
C20714,8,670,Yes
C20715,7,679,No
C20716,10,643,No
C20717,6,609,Yes
C20718,8,603,No
C20719,9,506,Yes
C20720,9,689,Yes
C20721,5,588,No
C20722,10,619,Yes
C20723,5,541,Yes
C20724,7,629,Yes
C20725,9,703,Yes
C20726,6,607,Yes
C20727,9,571,Yes
C20728,9,611,Yes
C20729,7,725,No
C20730,7,633,No
C20731,9,675,No
C20732,9,630,Yes
C20733,9,697,Yes
C20734,7,566,No
C20735,8,656,No
C20736,5,656,No
C20737,7,654,No
C20738,9,592,No
C20739,8,665,No
C20740,5,614,No
C20741,5,654,No
C20742,8,582,No
C20743,8,669,No
C20744,10,593,No
C20745,10,662,No
C20746,6,665,No
C20747,5,663,No
C20748,9,624,Yes
C20749,6,647,No
C20750,9,646,Yes
C20751,5,567,Yes
C20752,10,679,Yes
C20753,10,627,No
C20754,10,684,No
C20755,5,491,Yes
C20756,10,679,Yes
C20757,6,544,No
C20758,5,679,No
C20759,8,667,No
C20760,9,540,No
C20761,5,619,No
C20762,6,642,No
C20763,9,709,No
C20764,10,564,Yes
C20765,6,618,No
C20766,10,661,No
C20767,8,689,No
C20768,10,602,No
C20769,8,591,No
C20770,5,543,Yes
C20771,9,568,No
C20772,9,594,No
C20773,9,536,Yes
C20774,10,695,No
C20775,6,646,No
C20776,5,590,No
C20777,6,591,Yes
C20778,10,683,Yes
C20779,5,671,Yes
C20780,10,611,No
C20781,5,553,Yes
C20782,9,663,No
C20783,5,678,Yes
C20784,9,688,Yes
C20785,7,632,No
C20786,5,556,Yes
C20787,6,705,No
C20788,9,627,Yes
C20789,5,636,Yes
C20790,10,686,No
C20791,9,645,Yes
C20792,5,653,No
C20793,7,623,No
C20794,6,702,Yes
C20795,9,646,Yes
C20796,10,681,No
C20797,9,551,Yes
C20798,6,655,Yes
C20799,10,632,Yes
C20800,6,646,No
C20801,7,657,Yes
C20802,7,542,Yes
C20803,5,554,Yes
C20804,6,696,No
C20805,7,653,No
C20806,6,535,No
C20807,10,636,Yes
C20808,7,641,Yes
C20809,8,675,Yes
C20810,10,604,No
C20811,5,677,Yes
C20812,10,502,Yes
C20813,7,683,Yes
C20814,10,688,Yes
C20815,6,635,Yes
C20816,5,595,Yes
C20817,9,539,Yes
C20818,9,657,No
C20819,9,603,Yes
C20820,6,674,Yes
C20821,7,615,Yes
C20822,9,649,No
C20823,7,646,No
C20824,8,602,Yes
C20825,6,652,Yes
C20826,8,601,Yes
C20827,6,703,No
C20828,7,648,No
C20829,7,725,No
C20830,10,702,No
C20831,6,642,Yes
C20832,9,711,Yes
C20833,10,587,Yes
C20834,8,574,Yes
C20835,8,631,No
C20836,9,719,No
C20837,6,606,Yes
C20838,5,683,No
C20839,9,550,Yes
C20840,10,630,No
C20841,5,728,No
C20842,7,713,Yes
C20843,9,608,No
C20844,5,612,No
C20845,6,688,Yes
C20846,8,658,No
C20847,5,615,No
C20848,9,490,Yes
C20849,5,673,Yes
C20850,6,659,Yes
C20851,10,659,No
C20852,5,707,No
C20853,8,641,No
C20854,5,548,Yes
C20855,7,671,Yes
C20856,9,681,No
C20857,10,627,Yes
C20858,7,673,No
C20859,8,689,No
C20860,9,538,Yes
C20861,5,677,Yes
C20862,7,621,No
C20863,10,656,Yes
C20864,9,606,No
C20865,9,610,Yes
C20866,6,605,Yes
C20867,7,626,No
C20868,8,629,No
C20869,5,681,No
C20870,9,660,Yes
C20871,6,675,No
C20872,8,691,No
C20873,5,645,No
C20874,6,727,No
C20875,7,661,Yes
C20876,8,685,No
C20877,6,626,Yes
C20878,10,605,No
C20879,5,602,Yes
C20880,6,576,Yes
C20881,9,599,Yes
C20882,7,644,Yes
C20883,7,661,Yes
C20884,5,650,Yes
C20885,8,542,No
C20886,5,704,No
C20887,8,680,Yes
C20888,5,676,No
C20889,5,698,Yes
C20890,9,644,Yes
C20891,6,689,No
C20892,8,669,No
C20893,8,663,Yes
C20894,9,676,Yes
C20895,7,646,Yes
C20896,5,626,Yes
C20897,7,645,Yes
C20898,6,594,No
C20899,9,622,No
C20900,8,567,Yes
C20901,6,649,Yes
C20902,5,634,No
C20903,5,715,Yes
C20904,8,677,Yes
C20905,10,666,Yes
C20906,7,714,No
C20907,9,562,No
C20908,7,639,Yes
C20909,6,644,No
C20910,7,678,No
C20911,9,683,No
C20912,10,561,Yes
C20913,5,647,Yes
C20914,7,698,No
C20915,9,614,Yes
C20916,10,580,Yes
C20917,8,655,Yes
C20918,5,692,No
C20919,7,625,Yes
C20920,9,677,Yes
C20921,10,589,Yes
C20922,5,685,No
C20923,10,671,No
C20924,7,627,Yes
C20925,7,536,No
C20926,7,584,Yes
C20927,7,653,Yes
C20928,6,637,No
C20929,8,656,No
C20930,7,631,No
C20931,6,650,No
C20932,8,696,Yes
C20933,5,672,No
C20934,9,679,No
C20935,7,682,Yes
C20936,10,709,No
C20937,5,622,No
C20938,6,666,No
C20939,9,697,No
C20940,6,645,No
C20941,10,606,Yes
C20942,9,571,No
C20943,8,672,No
C20944,8,673,Yes
C20945,7,712,No
C20946,5,642,Yes
C20947,7,634,No
C20948,10,629,No
C20949,6,557,No
C20950,5,578,Yes
C20951,8,628,Yes
C20952,10,669,No
C20953,10,566,Yes
C20954,7,663,No
C20955,8,687,Yes
C20956,7,712,Yes
C20957,9,674,Yes
C20958,9,656,Yes
C20959,10,575,Yes
C20960,9,634,No
C20961,8,577,Yes
C20962,10,655,No
C20963,7,632,Yes
C20964,8,678,No
C20965,10,582,No
C20966,9,697,Yes
C20967,5,634,Yes
C20968,7,612,Yes
C20969,5,694,No
C20970,8,644,Yes
C20971,8,594,Yes
C20972,10,652,No
C20973,6,679,No
C20974,9,570,No
C20975,9,665,No
C20976,10,672,Yes
C20977,5,588,No
C20978,8,555,No
C20979,9,671,No
C20980,8,534,Yes
C20981,8,656,Yes
C20982,8,707,Yes
C20983,10,631,No
C20984,8,611,No
C20985,6,673,No
C20986,10,689,No
C20987,7,626,Yes
C20988,10,609,Yes
C20989,10,604,Yes
C20990,6,525,Yes
C20991,8,561,Yes
C20992,6,681,Yes
C20993,6,675,Yes
C20994,10,724,No
C20995,10,672,No
C20996,7,546,No
C20997,7,620,No
C20998,8,672,Yes
C20999,9,704,No
C21000,6,557,No
C21001,5,566,Yes
C21002,9,669,Yes
C21003,10,588,No
C21004,8,671,Yes
C21005,6,646,Yes
C21006,10,648,No
C21007,6,637,No
C21008,6,663,Yes
C21009,6,620,No
C21010,10,685,No
C21011,6,673,No
C21012,5,662,No
C21013,10,670,No
C21014,10,711,Yes
C21015,7,668,No
C21016,10,658,No
C21017,9,670,No
C21018,9,682,Yes
C21019,10,552,Yes
C21020,10,617,No
C21021,8,627,No
C21022,8,626,Yes
C21023,7,664,Yes
C21024,7,719,Yes
C21025,8,550,Yes
C21026,7,628,Yes
C21027,8,674,Yes
C21028,7,616,Yes
C21029,6,620,Yes
C21030,6,539,Yes
C21031,7,626,Yes
C21032,10,655,Yes
C21033,7,601,Yes
C21034,6,702,No
C21035,9,573,Yes
C21036,6,680,Yes
C21037,7,655,Yes
C21038,8,680,No
C21039,5,632,Yes
C21040,6,689,Yes
C21041,6,611,No
C21042,8,504,No
C21043,8,676,No
C21044,5,689,No
C21045,6,656,No
C21046,7,655,No
C21047,5,520,Yes
C21048,6,677,Yes
C21049,8,663,No
C21050,6,637,No
C21051,9,560,Yes
C21052,7,669,No
C21053,9,670,Yes
C21054,9,688,No
C21055,6,683,No
C21056,10,682,Yes
C21057,8,624,No
C21058,5,648,Yes
C21059,5,579,No
C21060,6,686,Yes
C21061,7,533,Yes
C21062,5,553,Yes
C21063,10,541,Yes
C21064,6,682,Yes
C21065,9,641,Yes
C21066,8,537,Yes
C21067,5,665,No
C21068,5,686,No
C21069,9,645,Yes
C21070,10,678,Yes
C21071,9,624,No
C21072,8,698,No
C21073,9,622,No
C21074,9,657,Yes
C21075,6,599,Yes
C21076,10,645,No
C21077,5,635,No
C21078,10,603,No
C21079,8,702,Yes
C21080,10,531,Yes
C21081,10,589,No
C21082,10,663,Yes
C21083,8,663,No
C21084,5,675,Yes
C21085,9,605,No
C21086,6,553,Yes
C21087,6,674,Yes
C21088,10,698,No
C21089,6,659,Yes
C21090,9,645,Yes
C21091,7,607,Yes
C21092,9,683,No
C21093,10,683,Yes
C21094,7,697,No
C21095,6,652,Yes
C21096,8,667,Yes
C21097,10,444,Yes
C21098,5,608,Yes
C21099,10,679,No
C21100,5,629,No
C21101,8,673,No
C21102,9,564,Yes
C21103,8,673,No
C21104,5,680,No
C21105,5,642,Yes
C21106,7,635,No
C21107,8,654,No
C21108,5,670,Yes
C21109,7,666,No
C21110,9,584,No
C21111,10,636,Yes
C21112,8,712,Yes
C21113,6,561,No
C21114,7,669,No
C21115,5,603,No
C21116,6,648,Yes
C21117,6,660,Yes
C21118,5,708,Yes
C21119,7,650,No
C21120,8,582,Yes
C21121,8,635,No
C21122,8,502,Yes
C21123,6,684,No
C21124,10,651,Yes
C21125,9,657,No
C21126,6,671,No
C21127,7,629,Yes
C21128,7,677,Yes
C21129,6,672,Yes
C21130,9,636,Yes
C21131,10,533,Yes
C21132,8,522,Yes
C21133,10,589,No
C21134,5,650,Yes
C21135,5,687,No
C21136,9,599,No
C21137,9,692,No
C21138,6,540,Yes
C21139,8,590,Yes
C21140,10,542,Yes
C21141,7,610,Yes
C21142,8,641,No
C21143,8,662,No
C21144,9,643,Yes
C21145,5,671,No
C21146,10,675,No
C21147,7,658,No
C21148,5,662,Yes
C21149,6,630,Yes
C21150,9,666,Yes
C21151,6,572,Yes
C21152,10,664,No
C21153,9,609,No
C21154,9,685,Yes
C21155,7,677,Yes
C21156,6,639,Yes
C21157,6,693,No
C21158,8,712,Yes
C21159,6,631,No
C21160,10,649,Yes
C21161,7,560,No
C21162,5,688,Yes
C21163,6,666,No
C21164,9,651,Yes
C21165,9,727,No
C21166,7,688,No
C21167,6,622,No
C21168,9,634,Yes
C21169,9,641,Yes
C21170,6,654,Yes
C21171,10,614,Yes
C21172,10,689,Yes
C21173,8,707,No
C21174,8,622,Yes
C21175,9,670,No
C21176,5,665,Yes
C21177,8,594,Yes
C21178,9,664,Yes
C21179,5,632,Yes
C21180,9,654,No
C21181,5,554,Yes
C21182,10,614,Yes
C21183,10,613,No
C21184,5,590,No
C21185,8,541,Yes
C21186,5,562,Yes
C21187,8,611,Yes
C21188,6,661,Yes
C21189,5,625,Yes
C21190,8,670,No
C21191,9,705,Yes
C21192,8,668,No
C21193,6,671,Yes
C21194,8,660,Yes
C21195,10,580,Yes
C21196,7,603,Yes
C21197,5,640,Yes
C21198,10,654,Yes
C21199,8,610,No
C21200,5,640,No
C21201,6,691,No
C21202,8,652,Yes
C21203,5,703,No
C21204,9,626,Yes
C21205,10,565,Yes
C21206,9,514,Yes
C21207,6,665,No
C21208,9,596,Yes
C21209,10,681,Yes
C21210,7,668,Yes
C21211,8,568,No
C21212,7,715,Yes
C21213,6,693,No
C21214,10,690,No
C21215,9,659,No
C21216,10,566,Yes
C21217,6,555,Yes
C21218,10,570,No
C21219,7,710,No
C21220,8,651,No
C21221,6,694,Yes
C21222,8,630,No
C21223,7,595,Yes
C21224,7,500,Yes
C21225,8,566,No
C21226,6,658,No
C21227,9,706,No
C21228,7,691,Yes
C21229,10,579,Yes
C21230,8,670,No
C21231,9,540,No
C21232,7,673,No
C21233,9,646,Yes
C21234,7,640,Yes
C21235,10,590,Yes
C21236,8,596,Yes
C21237,6,637,Yes
C21238,10,673,No
C21239,10,635,No
C21240,10,598,No
C21241,10,666,Yes
C21242,5,657,No
C21243,10,653,Yes
C21244,7,583,Yes
C21245,9,656,Yes
C21246,7,652,No
C21247,9,620,No
C21248,6,690,Yes
C21249,8,570,Yes
C21250,8,617,Yes
C21251,6,640,Yes
C21252,8,660,No
C21253,6,638,Yes
C21254,5,661,Yes
C21255,6,607,Yes
C21256,5,602,No
C21257,9,562,Yes
C21258,6,619,Yes
C21259,10,729,No
C21260,6,591,No
C21261,8,627,Yes
C21262,6,662,No
C21263,7,629,Yes
C21264,5,651,No
C21265,9,499,No
C21266,5,648,No
C21267,7,582,Yes
C21268,7,641,Yes
C21269,10,537,No
C21270,9,575,Yes
C21271,10,620,Yes
C21272,8,594,Yes
C21273,6,647,No
C21274,7,646,Yes
C21275,5,677,Yes
C21276,8,672,No
C21277,9,602,No
C21278,6,629,No
C21279,6,522,Yes
C21280,6,652,Yes
C21281,8,707,Yes
C21282,10,628,Yes
C21283,7,695,Yes
C21284,9,614,No
C21285,10,653,Yes
C21286,5,662,Yes
C21287,9,609,No
C21288,8,677,No
C21289,6,539,Yes
C21290,10,629,No
C21291,6,574,No
C21292,7,516,Yes
C21293,10,653,Yes
C21294,10,709,No
C21295,8,627,No
C21296,6,700,Yes
C21297,10,635,Yes
C21298,8,604,Yes
C21299,6,709,Yes
C21300,8,661,No
C21301,7,611,No
C21302,5,618,No
C21303,7,632,Yes
C21304,7,674,Yes
C21305,5,619,No
C21306,6,592,No
C21307,7,579,Yes
C21308,10,689,No
C21309,6,587,Yes
C21310,7,690,Yes
C21311,8,645,Yes
C21312,10,688,Yes
C21313,10,628,No
C21314,6,661,No
C21315,7,670,No
C21316,8,674,Yes
C21317,5,561,Yes
C21318,5,649,No
C21319,9,635,No
C21320,7,661,No
C21321,9,685,No
C21322,8,662,No
C21323,9,526,No
C21324,5,640,Yes
C21325,5,601,Yes
C21326,9,690,No
C21327,7,667,No
C21328,9,734,Yes
C21329,5,515,Yes
C21330,8,690,No
C21331,6,638,Yes
C21332,7,692,Yes
C21333,10,670,Yes
C21334,9,671,No
C21335,8,579,No
C21336,6,510,No
C21337,10,560,No
C21338,6,655,Yes
C21339,6,561,No
C21340,9,477,Yes
C21341,10,737,No
C21342,9,703,No
C21343,9,623,Yes
C21344,7,530,No
C21345,10,638,Yes
C21346,6,630,Yes
C21347,6,544,No
C21348,10,660,Yes
C21349,7,633,Yes
C21350,10,703,Yes
C21351,9,620,Yes
C21352,7,664,Yes
C21353,5,621,No
C21354,10,711,Yes
C21355,9,653,No
C21356,8,682,No
C21357,9,615,No
C21358,10,666,No
C21359,10,655,No
C21360,8,578,Yes
C21361,9,677,Yes
C21362,9,676,Yes
C21363,5,674,No
C21364,8,578,Yes
C21365,9,681,Yes
C21366,10,605,Yes
C21367,10,505,No
C21368,6,621,No
C21369,7,444,Yes
C21370,7,667,Yes
C21371,9,627,Yes
C21372,5,640,No
C21373,7,688,Yes
C21374,9,632,Yes
C21375,10,653,No
C21376,8,636,No
C21377,6,679,No
C21378,8,529,Yes
C21379,7,665,No
C21380,7,586,Yes
C21381,10,665,Yes
C21382,9,597,Yes
C21383,7,615,Yes
C21384,10,723,No
C21385,6,580,Yes
C21386,8,637,Yes
C21387,7,598,Yes
C21388,7,591,Yes
C21389,7,653,Yes
C21390,5,702,No
C21391,8,647,No
C21392,9,602,Yes
C21393,10,618,No
C21394,7,608,Yes
C21395,6,651,Yes
C21396,8,708,Yes
C21397,6,638,Yes
C21398,7,648,No
C21399,10,527,Yes
C21400,5,688,Yes
C21401,8,658,Yes
C21402,7,595,No
C21403,6,653,Yes
C21404,9,587,Yes
C21405,9,508,Yes
C21406,9,649,Yes
C21407,6,618,Yes
C21408,7,619,Yes
C21409,6,620,No
C21410,7,700,No
C21411,8,544,Yes
C21412,7,675,No
C21413,8,652,No
C21414,8,654,Yes
C21415,10,669,Yes
C21416,8,694,Yes
C21417,10,622,Yes
C21418,8,649,Yes
C21419,10,620,No
C21420,5,626,Yes
C21421,9,695,No
C21422,9,612,Yes
C21423,8,592,Yes
C21424,8,616,Yes
C21425,8,693,Yes
C21426,5,666,Yes
C21427,9,582,Yes
C21428,9,495,Yes
C21429,7,655,Yes
C21430,10,617,Yes
C21431,7,595,No
C21432,9,676,No
C21433,5,576,No
C21434,9,610,Yes
C21435,6,698,Yes
C21436,5,623,Yes
C21437,5,667,No
C21438,10,679,Yes
C21439,10,653,No
C21440,7,691,No
C21441,9,532,Yes
C21442,6,652,Yes
C21443,5,532,No
C21444,9,693,No
C21445,10,665,No
C21446,7,659,No
C21447,9,590,Yes
C21448,10,602,No
C21449,5,634,Yes
C21450,7,619,No
C21451,8,647,Yes
C21452,5,663,Yes
C21453,8,707,Yes
C21454,8,583,Yes
C21455,7,628,Yes
C21456,5,582,No
C21457,10,575,Yes
C21458,7,618,Yes
C21459,6,599,Yes
C21460,5,635,Yes
C21461,7,693,No
C21462,5,686,No
C21463,9,630,Yes
C21464,10,611,No
C21465,7,654,No
C21466,8,629,No
C21467,8,691,Yes
C21468,5,605,No
C21469,7,630,No
C21470,10,625,No
C21471,8,694,No
C21472,5,598,Yes
C21473,6,618,No
C21474,10,569,No
C21475,5,572,No
C21476,9,651,Yes
C21477,10,663,Yes
C21478,8,636,No
C21479,10,620,Yes
C21480,8,698,No
C21481,6,540,Yes
C21482,9,648,Yes
C21483,6,613,Yes
C21484,7,690,No
C21485,7,639,Yes
C21486,9,663,Yes
C21487,7,560,Yes
C21488,8,607,Yes
C21489,9,655,Yes
C21490,10,610,No
C21491,5,625,Yes
C21492,6,597,Yes
C21493,5,682,Yes
C21494,8,582,Yes
C21495,10,647,No
C21496,9,661,Yes
C21497,10,649,No
C21498,7,681,No
C21499,10,533,Yes
C21500,7,619,Yes
C21501,5,621,Yes
C21502,7,546,Yes
C21503,10,652,No
C21504,7,694,No
C21505,5,627,Yes
C21506,10,658,No
C21507,5,600,No
C21508,10,640,Yes
C21509,5,610,Yes
C21510,8,662,No
C21511,7,642,No
C21512,10,703,Yes
C21513,6,679,No
C21514,8,592,Yes
C21515,8,603,No
C21516,5,705,No
C21517,7,637,Yes
C21518,6,631,Yes
C21519,6,653,No
C21520,6,706,No
C21521,5,656,Yes
C21522,8,700,Yes
C21523,9,548,Yes
C21524,9,647,Yes
C21525,10,561,No
C21526,9,664,No
C21527,10,639,No
C21528,5,519,Yes
C21529,7,618,No
C21530,7,625,Yes
C21531,9,627,No
C21532,6,642,No
C21533,6,621,No
C21534,9,661,No
C21535,5,581,Yes
C21536,7,617,No
C21537,8,635,No
C21538,10,669,Yes
C21539,10,625,Yes
C21540,10,565,No
C21541,5,630,No
C21542,8,678,No
C21543,6,660,No
C21544,9,567,Yes
C21545,6,658,No
C21546,6,656,No
C21547,7,574,Yes
C21548,8,615,Yes
C21549,8,586,Yes
C21550,10,642,No
C21551,9,617,No
C21552,7,626,No
C21553,8,563,No
C21554,9,689,No
C21555,9,697,Yes
C21556,5,677,Yes
C21557,10,623,Yes
C21558,9,630,No
C21559,9,619,Yes
C21560,6,595,Yes
C21561,9,633,Yes
C21562,6,630,No
C21563,6,681,No
C21564,9,695,Yes
C21565,9,614,Yes
C21566,5,664,No
C21567,7,687,No
C21568,6,625,No
C21569,7,575,Yes
C21570,5,660,No
C21571,9,687,No
C21572,8,569,Yes
C21573,6,559,Yes
C21574,5,615,No
C21575,5,706,Yes
C21576,9,663,No
C21577,8,609,No
C21578,10,666,No
C21579,10,669,No
C21580,6,605,Yes
C21581,8,578,No
C21582,9,571,Yes
C21583,10,519,Yes
C21584,10,582,Yes
C21585,7,547,Yes
C21586,9,642,Yes
C21587,9,605,No
C21588,8,674,No
C21589,6,661,No
C21590,7,670,Yes
C21591,10,627,Yes
C21592,9,667,No
C21593,5,576,Yes
C21594,9,671,Yes
C21595,10,544,No
C21596,6,670,No
C21597,9,692,No
C21598,8,653,Yes
C21599,8,652,Yes
C21600,8,664,No
C21601,6,607,Yes
C21602,8,639,Yes
C21603,8,711,Yes
C21604,8,691,Yes
C21605,10,633,Yes
C21606,6,511,Yes
C21607,10,625,Yes
C21608,6,681,Yes
C21609,6,647,Yes
C21610,6,647,No
C21611,9,633,No
C21612,5,571,Yes
C21613,10,567,No
C21614,6,564,Yes
C21615,10,576,Yes
C21616,9,554,No
C21617,10,598,Yes
C21618,7,641,No
C21619,6,703,No
C21620,9,627,Yes
C21621,6,642,No
C21622,9,621,No
C21623,7,607,Yes
C21624,6,646,Yes
C21625,7,616,No
C21626,8,679,Yes
C21627,9,576,Yes
C21628,6,675,No
C21629,8,635,No
C21630,6,718,No
C21631,6,603,Yes
C21632,10,638,Yes
C21633,6,634,Yes
C21634,7,593,No
C21635,7,637,No
C21636,7,611,Yes
C21637,7,599,Yes
C21638,5,678,Yes
C21639,7,607,Yes
C21640,5,674,Yes
C21641,10,705,No
C21642,9,713,Yes
C21643,8,619,Yes
C21644,10,615,Yes
C21645,7,635,No
C21646,8,591,No
C21647,5,730,No
C21648,7,622,No
C21649,5,628,Yes
C21650,10,659,Yes
C21651,10,632,No
C21652,10,633,No
C21653,10,614,No
C21654,7,669,No
C21655,7,674,No
C21656,6,694,No
C21657,9,642,Yes
C21658,7,669,Yes
C21659,7,589,Yes
C21660,6,651,Yes
C21661,5,620,No
C21662,9,670,Yes
C21663,9,658,Yes
C21664,9,665,No
C21665,6,552,Yes
C21666,7,700,Yes
C21667,5,606,Yes
C21668,5,652,No
C21669,8,702,No
C21670,9,674,No
C21671,5,650,Yes
C21672,8,611,No
C21673,5,600,Yes
C21674,5,689,No
C21675,10,677,Yes
C21676,10,712,Yes
C21677,5,648,No
C21678,7,638,No
C21679,5,617,Yes
C21680,9,571,Yes
C21681,8,631,No
C21682,10,723,No
C21683,8,663,No
C21684,7,651,Yes
C21685,7,650,Yes
C21686,10,632,No
C21687,5,647,Yes
C21688,6,652,Yes
C21689,9,712,Yes
C21690,6,685,Yes
C21691,8,569,Yes
C21692,7,685,No
C21693,10,666,No
C21694,5,669,No
C21695,10,695,Yes
C21696,8,615,Yes
C21697,9,653,Yes
C21698,9,661,Yes
C21699,8,695,No
C21700,5,677,No
C21701,7,563,Yes
C21702,10,664,Yes
C21703,9,673,Yes
C21704,10,673,Yes
C21705,6,652,No
C21706,10,692,No
C21707,9,644,No
C21708,8,706,Yes
C21709,7,653,No
C21710,6,594,Yes
C21711,8,704,No
C21712,7,590,Yes
C21713,5,662,Yes
C21714,10,618,Yes
C21715,7,621,Yes
C21716,6,578,Yes
C21717,9,626,Yes
C21718,5,680,No
C21719,10,688,Yes
C21720,10,636,No
C21721,7,710,Yes
C21722,7,638,No
C21723,10,568,No
C21724,5,689,No
C21725,9,638,Yes
C21726,7,664,Yes
C21727,8,706,No
C21728,7,712,Yes
C21729,5,680,No
C21730,5,633,Yes
C21731,5,667,Yes
C21732,8,629,Yes
C21733,8,582,Yes
C21734,5,665,No
C21735,6,645,Yes
C21736,10,614,No
C21737,5,670,No
C21738,10,581,No
C21739,6,656,No
C21740,6,694,Yes
C21741,9,632,No
C21742,9,563,Yes
C21743,7,526,Yes
C21744,7,609,No
C21745,9,616,No
C21746,7,707,No
C21747,5,620,No
C21748,6,526,Yes
C21749,5,629,Yes
C21750,6,660,No
C21751,9,568,No
C21752,8,581,Yes
C21753,6,713,No
C21754,5,696,No
C21755,6,634,Yes
C21756,6,613,No
C21757,9,653,No
C21758,5,639,Yes
C21759,6,643,Yes
C21760,5,648,Yes
C21761,8,583,Yes
C21762,9,712,Yes
C21763,8,527,Yes
C21764,10,675,No
C21765,7,657,No
C21766,6,717,No
C21767,10,661,No
C21768,8,735,Yes
C21769,9,633,No
C21770,7,572,No
C21771,9,713,No
C21772,8,647,Yes
C21773,7,673,Yes
C21774,10,632,Yes
C21775,9,505,Yes
C21776,7,673,Yes
C21777,8,683,No
C21778,7,691,Yes
C21779,7,590,Yes
C21780,9,614,No
C21781,9,672,Yes
C21782,7,614,Yes
C21783,7,540,No
C21784,9,633,Yes
C21785,5,638,No
C21786,7,659,No
C21787,8,579,Yes
C21788,9,602,Yes
C21789,9,720,No
C21790,5,679,No
C21791,9,701,No
C21792,8,627,No
C21793,10,611,Yes
C21794,5,672,No
C21795,6,561,Yes
C21796,7,672,Yes
C21797,9,693,Yes
C21798,10,682,No
C21799,10,654,No
C21800,5,684,No
C21801,9,600,Yes
C21802,5,690,No
C21803,10,696,Yes
C21804,6,580,Yes
C21805,10,664,Yes
C21806,10,611,Yes
C21807,7,637,Yes
C21808,7,663,No
C21809,5,703,Yes
C21810,10,635,Yes
C21811,6,663,Yes
C21812,9,538,No
C21813,10,661,Yes
C21814,9,686,No
C21815,5,702,No
C21816,5,654,No
C21817,10,584,No
C21818,5,632,No
C21819,8,723,No
C21820,8,673,Yes
C21821,5,613,No
C21822,8,534,Yes
C21823,5,509,No
C21824,8,608,No
C21825,10,524,No
C21826,9,616,Yes
C21827,5,565,No
C21828,7,590,No
C21829,10,668,Yes
C21830,5,674,Yes
C21831,8,661,No
C21832,6,660,Yes
C21833,10,675,Yes
C21834,6,669,No
C21835,9,651,No
C21836,8,605,No
C21837,7,662,Yes
C21838,7,677,Yes
C21839,6,615,Yes
C21840,8,473,Yes
C21841,7,606,Yes
C21842,7,560,Yes
C21843,10,703,No
C21844,6,565,Yes
C21845,5,556,No
C21846,5,532,Yes
C21847,10,643,Yes
C21848,9,652,No
C21849,10,599,Yes
C21850,6,648,No
C21851,6,621,Yes
C21852,9,665,Yes
C21853,5,601,No
C21854,8,646,Yes
C21855,10,632,Yes
C21856,5,621,No
C21857,8,665,Yes
C21858,6,653,No
C21859,8,609,Yes
C21860,10,595,No
C21861,9,642,No
C21862,8,544,Yes
C21863,6,607,No
C21864,9,669,No
C21865,9,629,Yes
C21866,10,644,No
C21867,5,654,Yes
C21868,7,620,Yes
C21869,10,600,Yes
C21870,7,631,Yes
C21871,10,571,No
C21872,6,649,Yes
C21873,10,652,No
C21874,5,692,No
C21875,5,616,Yes
C21876,7,663,Yes
C21877,5,664,No
C21878,10,693,Yes
C21879,8,631,No
C21880,9,676,Yes
C21881,5,691,Yes
C21882,7,588,Yes
C21883,10,507,Yes
C21884,5,583,No
C21885,6,631,No
C21886,5,681,Yes
C21887,5,664,No
C21888,6,545,Yes
C21889,6,657,No
C21890,8,654,Yes
C21891,6,671,No
C21892,9,642,Yes
C21893,10,643,Yes
C21894,10,675,Yes
C21895,6,562,No
C21896,5,632,Yes
C21897,10,627,No
C21898,6,637,Yes
C21899,9,615,No
C21900,6,686,Yes
C21901,6,599,No
C21902,7,545,Yes
C21903,7,681,No
C21904,6,650,Yes
C21905,10,698,Yes
C21906,6,591,Yes
C21907,10,687,No
C21908,7,710,Yes
C21909,8,675,Yes
C21910,10,652,Yes
C21911,9,688,Yes
C21912,5,688,Yes
C21913,6,664,Yes
C21914,5,730,No
C21915,5,665,No
C21916,8,697,Yes
C21917,5,564,Yes
C21918,7,619,Yes
C21919,5,639,Yes
C21920,9,613,Yes
C21921,6,681,No
C21922,5,495,Yes
C21923,5,669,Yes
C21924,5,620,No
C21925,8,610,No
C21926,5,582,Yes
C21927,7,647,No
C21928,8,590,No
C21929,8,723,No
C21930,7,664,No
C21931,8,639,No
C21932,6,646,Yes
C21933,9,696,No
C21934,10,640,Yes
C21935,9,605,Yes
C21936,9,688,No
C21937,10,658,No
C21938,7,684,No
C21939,10,664,No
C21940,5,612,Yes
C21941,10,712,No
C21942,6,652,No
C21943,5,631,Yes
C21944,9,652,No
C21945,9,688,No
C21946,7,701,Yes
C21947,6,549,Yes
C21948,7,604,Yes
C21949,9,717,No
C21950,10,681,No
C21951,5,603,No
C21952,5,668,No
C21953,10,653,Yes
C21954,10,697,Yes
C21955,10,640,Yes
C21956,10,679,No
C21957,10,615,No
C21958,6,640,Yes
C21959,5,719,Yes
C21960,9,574,Yes
C21961,8,661,No
C21962,5,696,No
C21963,10,637,No
C21964,5,643,Yes
C21965,8,678,No
C21966,5,701,No
C21967,5,615,Yes
C21968,6,668,No
C21969,8,617,No
C21970,9,571,No
C21971,5,602,Yes
C21972,8,586,Yes
C21973,5,656,No
C21974,10,654,Yes
C21975,6,679,No
C21976,9,612,Yes
C21977,8,696,Yes
C21978,7,626,Yes
C21979,8,644,Yes
C21980,6,503,No
C21981,9,608,Yes
C21982,7,657,No
C21983,5,646,Yes
C21984,9,667,No
C21985,7,704,No
C21986,7,598,Yes
C21987,10,650,Yes
C21988,6,591,No
C21989,9,647,Yes
C21990,7,705,Yes
C21991,6,677,No
C21992,5,596,No
C21993,5,676,Yes
C21994,5,623,No
C21995,6,622,Yes
C21996,9,639,No
C21997,8,666,Yes
C21998,8,676,Yes
C21999,6,630,No
C22000,9,702,Yes
C22001,8,467,Yes
C22002,10,632,Yes
C22003,10,680,No
C22004,10,574,Yes
C22005,10,696,Yes
C22006,9,667,No
C22007,7,684,Yes
C22008,7,576,No
C22009,5,632,Yes
C22010,9,598,Yes
C22011,7,602,Yes
C22012,9,680,No
C22013,8,664,No
C22014,9,593,No
C22015,6,658,Yes
C22016,6,619,No
C22017,7,644,Yes
C22018,10,651,Yes
C22019,8,551,Yes
C22020,8,609,No
C22021,6,676,No
C22022,6,654,Yes
C22023,9,650,No
C22024,10,515,Yes
C22025,7,650,Yes
C22026,10,567,Yes
C22027,10,520,Yes
C22028,10,647,No
C22029,8,640,No
C22030,9,698,No
C22031,8,695,Yes
C22032,9,652,Yes
C22033,6,616,No
C22034,6,547,Yes
C22035,7,613,Yes
C22036,7,625,Yes
C22037,5,550,No
C22038,7,674,No
C22039,9,632,Yes
C22040,6,656,Yes
C22041,5,622,Yes
C22042,10,721,No
C22043,8,693,No
C22044,8,666,Yes
C22045,8,670,Yes
C22046,9,637,No
C22047,10,696,Yes
C22048,6,711,No
C22049,8,652,Yes
C22050,5,654,No
C22051,5,559,Yes
C22052,5,615,Yes
C22053,8,698,Yes
C22054,7,692,No
C22055,7,678,No
C22056,8,644,Yes
C22057,8,594,Yes
C22058,8,630,Yes
C22059,7,682,Yes
C22060,10,673,No
C22061,10,729,No
C22062,5,602,No
C22063,10,616,Yes
C22064,10,685,No
C22065,8,632,Yes
C22066,5,656,No
C22067,8,692,No
C22068,6,716,No
C22069,5,694,Yes
C22070,10,657,Yes
C22071,10,667,Yes
C22072,7,529,Yes
C22073,8,710,Yes
C22074,7,628,Yes
C22075,7,667,No
C22076,6,669,No
C22077,8,592,No
C22078,8,644,Yes
C22079,10,648,No
C22080,5,594,Yes
C22081,9,679,No
C22082,9,479,No
C22083,7,707,Yes
C22084,8,650,No
C22085,6,610,No
C22086,8,719,Yes
C22087,7,591,Yes
C22088,6,619,Yes
C22089,10,572,No
C22090,9,534,No
C22091,9,602,Yes
C22092,5,701,Yes
C22093,8,590,No
C22094,10,634,Yes
C22095,9,636,Yes
C22096,6,688,Yes
C22097,7,674,No
C22098,8,476,No
C22099,8,638,Yes
C22100,5,622,Yes
C22101,8,621,No
C22102,6,653,No
C22103,10,642,No
C22104,7,683,No
C22105,10,726,No
C22106,6,586,Yes
C22107,10,697,Yes
C22108,10,507,Yes
C22109,5,587,Yes
C22110,10,568,No
C22111,7,637,Yes
C22112,8,583,No
C22113,6,659,No
C22114,8,595,Yes
C22115,9,656,No
C22116,7,680,Yes
C22117,9,625,No
C22118,6,637,Yes
C22119,8,599,No
C22120,6,654,No
C22121,7,689,Yes
C22122,10,705,No
C22123,6,647,Yes
C22124,9,708,No
C22125,8,675,No
C22126,7,711,Yes
C22127,7,610,Yes
C22128,6,661,No
C22129,7,600,Yes
C22130,7,663,Yes
C22131,10,654,Yes
C22132,10,625,No
C22133,8,696,Yes
C22134,7,672,Yes
C22135,7,607,No
C22136,10,692,No
C22137,5,602,No
C22138,9,688,Yes
C22139,6,606,Yes
C22140,7,689,No
C22141,7,687,No
C22142,6,637,No
C22143,7,600,Yes
C22144,8,643,Yes
C22145,7,633,No
C22146,5,668,Yes
C22147,7,689,No
C22148,7,527,Yes
C22149,7,652,No
C22150,10,611,No
C22151,10,700,Yes
C22152,8,607,No
C22153,9,676,Yes
C22154,7,568,Yes
C22155,10,659,Yes
C22156,9,642,Yes
C22157,5,612,Yes
C22158,10,648,Yes
C22159,10,716,No
C22160,9,647,No
C22161,6,639,Yes
C22162,10,613,No
C22163,8,609,Yes
C22164,9,500,No
C22165,8,671,No
C22166,6,661,No
C22167,7,680,No
C22168,6,634,No
C22169,8,694,No
C22170,8,707,No
C22171,7,629,No
C22172,6,623,Yes
C22173,9,666,No
C22174,7,674,No
C22175,7,679,No
C22176,8,560,Yes
C22177,10,657,Yes
C22178,6,689,Yes
C22179,7,588,Yes
C22180,5,729,Yes
C22181,5,575,Yes
C22182,5,594,Yes
C22183,9,566,No
C22184,10,685,Yes
C22185,8,728,Yes
C22186,6,671,No
C22187,5,660,No
C22188,10,617,Yes
C22189,9,593,No
C22190,9,674,No
C22191,6,600,Yes
C22192,7,628,No
C22193,8,659,Yes
C22194,6,640,No
C22195,8,586,No
C22196,10,669,Yes
C22197,7,609,Yes
C22198,9,662,No
C22199,7,663,No
C22200,7,611,Yes
C22201,9,694,Yes
C22202,8,595,No
C22203,7,633,Yes
C22204,6,627,No
C22205,8,624,Yes
C22206,6,716,No
C22207,10,483,Yes
C22208,6,649,No
C22209,6,672,Yes
C22210,10,662,No
C22211,8,667,Yes
C22212,10,632,Yes
C22213,6,500,Yes
C22214,8,610,No
C22215,5,666,Yes
C22216,7,642,No
C22217,9,655,No
C22218,9,532,Yes
C22219,6,562,No
C22220,6,630,No
C22221,5,618,No
C22222,10,663,Yes
C22223,5,685,No
C22224,8,664,No
C22225,7,601,Yes
C22226,6,626,Yes
C22227,7,664,No
C22228,5,503,Yes
C22229,8,671,No
C22230,5,710,No
C22231,7,598,Yes
C22232,5,632,No
C22233,6,715,Yes
C22234,10,667,Yes
C22235,8,653,Yes
C22236,7,603,Yes
C22237,9,713,Yes
C22238,5,501,No
C22239,10,708,No
C22240,5,637,No
C22241,9,689,Yes
C22242,5,680,Yes
C22243,9,600,Yes
C22244,9,626,Yes
C22245,10,685,No
C22246,5,714,No
C22247,5,704,Yes
C22248,5,569,No
C22249,8,732,Yes
C22250,6,650,Yes
C22251,7,692,Yes
C22252,5,520,Yes
C22253,9,610,Yes
C22254,5,627,No
C22255,9,617,Yes
C22256,6,644,No
C22257,8,638,Yes
C22258,8,589,Yes
C22259,10,644,Yes
C22260,6,666,No
C22261,6,710,No
C22262,8,672,Yes
C22263,6,689,Yes
C22264,7,539,No
C22265,8,531,Yes
C22266,9,670,No
C22267,5,548,Yes
C22268,5,669,Yes
C22269,6,674,No
C22270,8,617,Yes
C22271,7,684,No
C22272,5,604,Yes
C22273,5,575,Yes
C22274,7,636,No
C22275,6,624,Yes
C22276,10,656,No
C22277,7,649,No
C22278,8,667,No
C22279,8,651,Yes
C22280,6,660,Yes
C22281,7,636,Yes
C22282,10,654,No
C22283,7,641,Yes
C22284,8,622,Yes
C22285,6,643,Yes
C22286,7,641,Yes
C22287,9,651,Yes
C22288,7,694,Yes
C22289,5,637,No
C22290,8,651,No
C22291,6,616,Yes
C22292,9,720,Yes
C22293,6,629,Yes
C22294,5,647,No
C22295,5,675,No
C22296,9,647,Yes
C22297,6,681,Yes
C22298,6,658,Yes
C22299,7,666,No
C22300,5,649,Yes
C22301,9,637,Yes
C22302,7,616,Yes
C22303,8,668,No
C22304,9,695,No
C22305,5,681,Yes
C22306,10,678,No
C22307,9,647,No
C22308,5,664,No
C22309,7,591,No
C22310,7,690,No
C22311,10,727,No
C22312,8,683,No
C22313,9,552,Yes
C22314,8,675,No
C22315,7,484,Yes
C22316,9,507,Yes
C22317,7,608,Yes
C22318,6,633,Yes
C22319,10,642,No
C22320,8,691,Yes
C22321,7,657,No
C22322,10,675,Yes
C22323,10,580,No
C22324,10,708,No
C22325,10,650,Yes
C22326,8,644,No
C22327,6,654,No
C22328,8,620,No
C22329,7,688,No
C22330,9,679,Yes
C22331,7,585,Yes
C22332,7,561,Yes
C22333,10,614,No
C22334,6,520,Yes
C22335,9,689,No
C22336,6,642,Yes
C22337,5,697,Yes
C22338,8,657,No
C22339,9,581,No
C22340,9,689,No
C22341,5,672,Yes
C22342,9,670,No
C22343,10,629,Yes
C22344,7,659,No
C22345,10,610,Yes
C22346,8,655,Yes
C22347,8,658,Yes
C22348,9,606,Yes
C22349,5,666,Yes
C22350,9,560,Yes
C22351,8,717,No
C22352,8,682,No
C22353,7,624,No
C22354,5,591,No
C22355,8,567,Yes
C22356,7,630,No
C22357,9,632,Yes
C22358,8,555,Yes
C22359,10,592,Yes
C22360,5,595,Yes
C22361,8,679,Yes
C22362,10,630,No
C22363,6,622,Yes
C22364,6,543,Yes
C22365,9,661,No
C22366,9,598,No
C22367,9,681,No
C22368,9,676,No
C22369,6,724,No
C22370,5,639,Yes
C22371,5,636,No
C22372,5,650,Yes
C22373,9,687,Yes
C22374,6,607,Yes
C22375,5,631,Yes
C22376,6,667,Yes
C22377,8,551,No
C22378,10,655,Yes
C22379,9,536,Yes
C22380,10,631,No
C22381,8,667,Yes
C22382,7,686,Yes
C22383,9,683,No
C22384,5,657,Yes
C22385,6,587,Yes
C22386,8,686,No
C22387,10,682,No
C22388,6,614,Yes
C22389,8,684,Yes
C22390,7,635,Yes
C22391,6,633,No
C22392,5,676,No
C22393,7,688,Yes
C22394,8,630,Yes
C22395,10,578,Yes
C22396,7,657,Yes
C22397,10,679,No
C22398,8,703,No
C22399,6,568,No
C22400,9,664,Yes
C22401,8,653,Yes
C22402,6,690,Yes
C22403,6,637,Yes
C22404,9,608,No
C22405,8,665,No
C22406,7,590,Yes
C22407,6,676,No
C22408,9,641,Yes
C22409,6,641,Yes
C22410,7,604,No
C22411,6,681,No
C22412,6,676,No
C22413,5,623,Yes
C22414,7,558,No
C22415,9,622,Yes
C22416,7,688,No
C22417,8,708,No
C22418,8,691,No
C22419,7,662,Yes
C22420,5,597,Yes
C22421,7,541,No
C22422,8,642,No
C22423,6,623,No
C22424,10,601,No
C22425,9,707,No
C22426,9,636,No
C22427,10,629,No
C22428,7,582,Yes
C22429,7,603,No
C22430,8,547,Yes
C22431,6,565,No
C22432,9,636,Yes
C22433,10,650,Yes
C22434,10,589,Yes
C22435,6,550,Yes
C22436,9,670,Yes
C22437,9,653,No
C22438,10,667,Yes
C22439,9,668,Yes
C22440,10,621,Yes
C22441,6,583,Yes
C22442,9,658,No
C22443,5,557,Yes
C22444,8,625,No
C22445,9,545,No
C22446,5,667,Yes
C22447,6,647,Yes
C22448,8,645,No
C22449,9,588,No
C22450,9,629,No
C22451,7,652,No
C22452,9,695,No
C22453,10,609,Yes
C22454,6,705,Yes
C22455,9,679,Yes
C22456,9,671,Yes
C22457,6,629,No
C22458,7,594,No
C22459,10,638,No
C22460,8,578,No
C22461,9,627,Yes
C22462,9,658,Yes
C22463,5,682,Yes
C22464,9,631,Yes
C22465,8,577,No
C22466,10,576,Yes
C22467,9,695,Yes
C22468,9,654,No
C22469,10,675,No
C22470,9,693,No
C22471,7,651,No
C22472,6,627,No
C22473,8,656,No
C22474,9,690,No
C22475,10,620,Yes
C22476,8,654,Yes
C22477,8,670,No
C22478,5,694,Yes
C22479,9,703,Yes
C22480,10,573,No
C22481,6,643,Yes
C22482,8,553,Yes
C22483,10,644,No
C22484,6,733,No
C22485,9,611,Yes
C22486,6,665,No
C22487,9,679,Yes
C22488,10,670,No
C22489,10,664,No
C22490,7,637,Yes
C22491,6,685,Yes
C22492,8,658,No
C22493,6,665,Yes
C22494,8,662,Yes
C22495,5,694,Yes
C22496,10,610,No
C22497,6,671,Yes
C22498,9,604,Yes
C22499,6,715,Yes
C22500,6,683,Yes
C22501,7,665,No
C22502,7,668,Yes
C22503,6,628,No
C22504,8,690,No
C22505,9,583,Yes
C22506,9,658,Yes
C22507,5,589,Yes
C22508,8,731,No
C22509,7,574,Yes
C22510,10,654,No
C22511,6,690,No
C22512,6,603,No
C22513,7,633,Yes
C22514,5,551,No
C22515,5,614,No
C22516,5,719,No
C22517,8,619,No
C22518,7,614,No
C22519,9,693,No
C22520,6,639,No
C22521,7,684,Yes
C22522,5,610,No
C22523,7,719,No
C22524,8,549,Yes
C22525,8,701,No
C22526,7,655,Yes
C22527,7,649,No
C22528,10,561,No
C22529,7,697,No
C22530,9,611,Yes
C22531,10,638,No
C22532,10,610,Yes
C22533,8,602,Yes
C22534,8,625,No
C22535,9,656,No
C22536,10,659,Yes
C22537,7,649,No
C22538,9,675,Yes
C22539,10,636,Yes
C22540,7,595,Yes
C22541,7,669,Yes
C22542,9,664,Yes
C22543,8,677,Yes
C22544,7,606,Yes
C22545,9,669,No
C22546,6,676,Yes
C22547,9,576,No
C22548,9,634,No
C22549,8,710,Yes
C22550,8,661,Yes
C22551,7,707,Yes
C22552,7,623,No
C22553,9,687,No
C22554,10,580,Yes
C22555,10,688,No
C22556,9,604,Yes
C22557,9,611,Yes
C22558,6,591,No
C22559,10,589,Yes
C22560,10,611,No
C22561,7,675,Yes
C22562,6,624,Yes
C22563,10,550,Yes
C22564,5,684,No
C22565,6,668,No
C22566,6,720,No
C22567,9,643,Yes
C22568,8,612,No
C22569,10,605,No
C22570,6,684,Yes
C22571,6,709,No
C22572,7,625,Yes
C22573,10,578,No
C22574,9,697,Yes
C22575,8,689,Yes
C22576,5,601,Yes
C22577,9,553,Yes
C22578,9,668,Yes
C22579,9,637,Yes
C22580,9,693,Yes
C22581,9,638,No
C22582,7,668,No
C22583,9,650,No
C22584,10,593,No
C22585,8,647,Yes
C22586,9,594,No
C22587,8,672,No
C22588,5,629,Yes
C22589,5,640,Yes
C22590,9,661,No
C22591,9,602,Yes
C22592,7,630,No
C22593,8,574,Yes
C22594,10,677,No
C22595,7,459,No
C22596,7,626,Yes
C22597,7,616,Yes
C22598,9,592,No
C22599,10,628,Yes
C22600,8,569,No
C22601,5,672,Yes
C22602,9,606,No
C22603,5,665,Yes
C22604,7,672,No
C22605,5,594,No
C22606,9,715,Yes
C22607,6,592,Yes
C22608,10,659,No
C22609,9,654,Yes
C22610,7,640,Yes
C22611,5,521,No
C22612,10,615,No
C22613,9,577,Yes
C22614,7,676,Yes
C22615,10,711,Yes
C22616,6,616,Yes
C22617,7,646,No
C22618,9,668,Yes
C22619,10,639,No
C22620,8,619,Yes
C22621,7,589,Yes
C22622,7,494,Yes
C22623,7,660,Yes
C22624,7,660,No
C22625,6,660,Yes
C22626,8,554,Yes
C22627,5,595,No
C22628,7,718,Yes
C22629,6,653,Yes
C22630,8,602,Yes
C22631,5,681,No
C22632,6,673,No
C22633,10,565,Yes
C22634,10,581,Yes
C22635,6,668,No
C22636,9,723,Yes
C22637,5,642,No
C22638,6,666,Yes
C22639,5,703,No
C22640,8,699,Yes
C22641,8,670,No
C22642,5,703,Yes
C22643,6,634,Yes
C22644,9,679,Yes
C22645,10,614,Yes
C22646,5,613,No
C22647,7,636,Yes
C22648,5,594,Yes
C22649,6,708,Yes
C22650,8,613,No
C22651,10,685,No
C22652,8,681,No
C22653,7,673,Yes
C22654,9,589,Yes
C22655,5,673,No
C22656,6,624,No
C22657,7,523,Yes
C22658,6,651,Yes
C22659,5,691,Yes
C22660,8,661,Yes
C22661,9,679,No
C22662,7,687,No
C22663,9,627,Yes
C22664,5,648,No
C22665,5,652,Yes
C22666,6,590,Yes
C22667,8,658,Yes
C22668,8,688,No
C22669,5,712,No
C22670,5,599,Yes
C22671,6,565,Yes
C22672,6,639,No
C22673,9,607,No
C22674,7,559,No
C22675,5,678,No
C22676,5,569,Yes
C22677,10,606,No
C22678,10,683,Yes
C22679,6,601,Yes
C22680,7,681,No
C22681,7,603,No
C22682,5,668,Yes
C22683,5,721,No
C22684,7,715,No
C22685,8,634,Yes
C22686,10,686,Yes
C22687,6,614,No
C22688,9,697,Yes
C22689,7,625,Yes
C22690,10,650,Yes
C22691,6,523,No
C22692,7,653,Yes
C22693,5,616,No
C22694,6,600,No
C22695,6,651,Yes
C22696,10,672,Yes
C22697,5,647,Yes
C22698,7,595,No
C22699,5,604,No
C22700,7,717,No
C22701,8,670,No
C22702,7,660,Yes
C22703,6,659,Yes
C22704,10,676,No
C22705,5,591,Yes
C22706,9,616,Yes
C22707,7,668,No
C22708,8,689,No
C22709,10,599,No
C22710,5,580,Yes
C22711,6,586,No
C22712,6,666,Yes
C22713,7,695,Yes
C22714,8,685,Yes
C22715,10,691,Yes
C22716,7,501,Yes
C22717,10,647,No
C22718,9,679,No
C22719,10,595,No
C22720,7,602,Yes
C22721,10,662,No
C22722,6,649,Yes
C22723,8,695,Yes
C22724,10,574,No
C22725,8,646,No
C22726,10,587,Yes
C22727,8,498,Yes
C22728,9,540,No
C22729,6,534,No
C22730,10,607,Yes
C22731,10,585,No
C22732,8,651,No
C22733,5,524,No
C22734,6,725,No
C22735,8,630,No
C22736,7,667,No
C22737,5,572,Yes
C22738,7,673,Yes
C22739,6,667,No
C22740,10,675,No
C22741,10,703,Yes
C22742,5,567,Yes
C22743,7,676,Yes
C22744,5,649,Yes
C22745,9,692,No
C22746,5,655,Yes
C22747,8,686,No
C22748,6,706,No
C22749,9,647,Yes
C22750,8,596,Yes
C22751,6,469,Yes
C22752,10,680,No
C22753,10,570,Yes
C22754,5,690,No
C22755,9,706,No
C22756,7,715,No
C22757,8,561,Yes
C22758,8,673,No
C22759,9,659,Yes
C22760,5,674,Yes
C22761,5,614,No
C22762,10,692,No
C22763,5,686,No
C22764,7,726,No
C22765,6,665,Yes
C22766,8,576,Yes
C22767,6,606,No
C22768,7,676,Yes
C22769,9,673,No
C22770,6,639,No
C22771,8,650,No
C22772,9,660,Yes
C22773,6,608,No
C22774,8,715,Yes
C22775,9,655,No
C22776,7,654,Yes
C22777,9,568,Yes
C22778,8,650,Yes
C22779,5,545,Yes
C22780,6,624,No
C22781,10,693,No
C22782,8,626,Yes
C22783,8,546,Yes
C22784,9,616,Yes
C22785,8,462,No
C22786,8,676,No
C22787,6,649,Yes
C22788,7,682,No
C22789,6,589,No
C22790,5,594,Yes
C22791,7,669,No
C22792,8,604,Yes
C22793,5,498,Yes
C22794,8,682,No
C22795,10,658,Yes
C22796,8,653,Yes
C22797,10,627,No
C22798,8,633,No
C22799,6,692,No
C22800,8,703,No
C22801,5,665,No
C22802,6,682,No
C22803,6,622,Yes
C22804,8,686,No
C22805,8,646,No
C22806,9,609,No
C22807,8,707,Yes
C22808,7,675,No
C22809,5,700,No
C22810,5,640,No
C22811,10,646,Yes
C22812,9,673,No
C22813,5,612,No
C22814,7,567,Yes
C22815,7,679,Yes
C22816,10,603,No
C22817,9,629,Yes
C22818,7,666,No
C22819,10,550,No
C22820,9,598,No
C22821,8,665,Yes
C22822,10,662,No
C22823,5,658,No
C22824,10,642,Yes
C22825,7,663,Yes
C22826,7,661,No
C22827,6,654,Yes
C22828,7,683,Yes
C22829,6,619,No
C22830,5,626,Yes
C22831,8,710,Yes
C22832,8,671,Yes
C22833,6,688,Yes
C22834,8,684,No
C22835,9,635,Yes
C22836,10,679,No
C22837,9,673,No
C22838,8,614,Yes
C22839,7,644,No
C22840,7,550,Yes
C22841,6,619,Yes
C22842,5,606,No
C22843,10,694,No
C22844,6,594,No
C22845,9,671,No
C22846,10,623,No
C22847,5,654,No
C22848,7,544,Yes
C22849,10,639,No
C22850,6,667,Yes
C22851,9,699,Yes
C22852,9,635,Yes
C22853,10,620,No
C22854,9,635,Yes
C22855,6,586,No
C22856,8,665,No
C22857,8,571,Yes
C22858,9,630,Yes
C22859,10,640,No
C22860,6,637,No
C22861,7,583,No
C22862,6,704,No
C22863,5,716,No
C22864,6,652,Yes
C22865,7,653,No
C22866,6,675,Yes
C22867,6,649,Yes
C22868,7,681,No
C22869,5,587,No
C22870,6,658,No
C22871,5,630,No
C22872,8,615,Yes
C22873,10,655,Yes
C22874,7,617,No
C22875,10,647,No
C22876,8,644,No
C22877,9,684,No
C22878,7,705,No
C22879,5,700,No
C22880,7,605,Yes
C22881,8,665,No
C22882,6,685,No
C22883,7,620,No
C22884,9,567,Yes
C22885,10,679,No
C22886,9,566,Yes
C22887,5,685,No
C22888,5,644,No
C22889,10,671,No
C22890,5,612,Yes
C22891,7,605,No
C22892,8,601,No
C22893,10,720,No
C22894,8,649,No
C22895,6,603,Yes
C22896,8,682,No
C22897,8,699,Yes
C22898,7,605,Yes
C22899,7,692,No
C22900,5,608,Yes
C22901,10,604,Yes
C22902,10,658,No
C22903,9,656,Yes
C22904,7,665,Yes
C22905,7,561,Yes
C22906,8,642,Yes
C22907,8,598,Yes
C22908,6,607,Yes
C22909,5,600,No
C22910,8,678,Yes
C22911,9,644,Yes
C22912,7,551,No
C22913,9,666,No
C22914,9,676,Yes
C22915,5,673,No
C22916,10,661,Yes
C22917,5,601,No
C22918,10,610,No
C22919,7,653,No
C22920,10,664,No
C22921,9,561,Yes
C22922,10,695,Yes
C22923,5,659,Yes
C22924,5,594,Yes
C22925,9,624,No
C22926,7,582,Yes
C22927,7,618,Yes
C22928,7,644,No
C22929,6,661,Yes
C22930,5,566,Yes
C22931,10,666,Yes
C22932,6,684,No
C22933,9,697,Yes
C22934,9,548,Yes
C22935,10,552,Yes
C22936,8,645,Yes
C22937,9,599,Yes
C22938,7,682,No
C22939,8,611,No
C22940,9,663,No
C22941,6,533,Yes
C22942,5,647,Yes
C22943,8,538,Yes
C22944,10,630,No
C22945,10,647,Yes
C22946,6,611,Yes
C22947,6,666,No
C22948,6,640,Yes
C22949,10,631,No
C22950,8,615,Yes
C22951,5,627,No
C22952,7,688,No
C22953,8,565,Yes
C22954,10,644,No
C22955,7,682,No
C22956,8,596,No
C22957,9,542,Yes
C22958,7,596,Yes
C22959,6,531,Yes
C22960,6,703,Yes
C22961,10,609,Yes
C22962,8,670,No
C22963,7,606,No
C22964,6,688,No
C22965,7,545,No
C22966,9,574,Yes
C22967,8,498,Yes
C22968,7,682,No
C22969,7,684,No
C22970,10,574,Yes
C22971,7,655,Yes
C22972,9,679,No
C22973,10,657,Yes
C22974,10,660,Yes
C22975,6,645,No
C22976,7,574,No
C22977,9,658,Yes
C22978,8,559,No
C22979,8,695,No
C22980,5,658,Yes
C22981,6,659,No
C22982,7,648,Yes
C22983,9,667,No
C22984,8,534,No
C22985,7,680,No
C22986,10,657,Yes
C22987,8,646,Yes
C22988,9,587,No
C22989,5,654,Yes
C22990,9,665,No
C22991,10,671,No
C22992,5,656,No
C22993,9,644,No
C22994,7,662,Yes
C22995,6,660,Yes
C22996,9,636,No
C22997,10,605,Yes
C22998,5,539,No
C22999,8,534,No
C23000,7,682,Yes
C23001,6,660,Yes
C23002,5,683,Yes
C23003,8,650,Yes
C23004,7,638,Yes
C23005,8,663,Yes
C23006,9,644,No
C23007,7,677,Yes
C23008,7,714,Yes
C23009,6,673,No
C23010,9,683,No
C23011,5,663,Yes
C23012,9,608,Yes
C23013,7,643,Yes
C23014,7,698,No
C23015,6,674,No
C23016,7,653,Yes
C23017,6,598,No
C23018,9,505,No
C23019,9,650,Yes
C23020,8,591,Yes
C23021,5,676,No
C23022,7,686,No
C23023,6,559,Yes
C23024,6,651,Yes
C23025,8,674,Yes
C23026,7,533,Yes
C23027,8,637,Yes
C23028,5,696,No
C23029,5,712,No
C23030,8,692,No
C23031,9,633,Yes
C23032,7,713,No
C23033,5,674,Yes
C23034,10,645,No
C23035,6,601,No
C23036,10,538,No
C23037,5,669,No
C23038,7,632,No
C23039,9,690,No
C23040,5,580,Yes
C23041,5,646,Yes
C23042,10,651,Yes
C23043,10,680,No
C23044,6,612,Yes
C23045,5,589,Yes
C23046,7,583,Yes
C23047,6,698,No
C23048,10,654,No
C23049,5,666,No
C23050,5,547,Yes
C23051,6,626,Yes
C23052,9,654,No
C23053,10,657,No
C23054,8,645,Yes
C23055,6,636,No
C23056,8,554,Yes
C23057,7,653,Yes
C23058,9,629,Yes
C23059,10,558,No
C23060,9,519,Yes
C23061,6,630,No
C23062,6,558,Yes
C23063,7,643,Yes
C23064,5,686,Yes
C23065,6,593,Yes
C23066,10,713,No
C23067,9,650,Yes
C23068,7,586,Yes
C23069,9,647,No
C23070,9,666,No
C23071,9,581,Yes
C23072,6,524,Yes
C23073,8,652,Yes
C23074,6,651,Yes
C23075,8,718,No
C23076,9,604,Yes
C23077,10,632,Yes
C23078,10,658,No
C23079,8,581,Yes
C23080,6,681,Yes
C23081,5,693,No
C23082,10,702,Yes
C23083,7,612,Yes
C23084,9,605,Yes
C23085,8,658,Yes
C23086,6,525,Yes
C23087,9,547,Yes
C23088,9,705,No
C23089,9,712,Yes
C23090,7,697,Yes
C23091,8,622,No
C23092,10,660,Yes
C23093,9,526,Yes
C23094,8,636,Yes
C23095,10,577,No
C23096,8,628,Yes
C23097,10,645,No
C23098,9,563,No
C23099,8,667,No
C23100,5,620,No
C23101,6,595,No
C23102,9,648,Yes
C23103,7,620,No
C23104,8,567,Yes
C23105,7,625,Yes
C23106,10,614,Yes
C23107,6,696,Yes
C23108,9,689,Yes
C23109,5,656,Yes
C23110,8,694,No
C23111,6,666,Yes
C23112,5,624,No
C23113,10,578,Yes
C23114,9,640,Yes
C23115,10,692,No
C23116,8,477,Yes
C23117,6,625,No
C23118,9,721,Yes
C23119,9,637,Yes
C23120,7,670,No
C23121,8,586,No
C23122,8,613,No
C23123,5,559,Yes
C23124,6,542,No
C23125,9,692,Yes
C23126,6,652,No
C23127,6,581,No
C23128,5,559,Yes
C23129,5,688,No
C23130,8,658,No
C23131,5,666,Yes
C23132,10,584,Yes
C23133,5,665,Yes
C23134,7,674,No
C23135,5,537,Yes
C23136,6,686,Yes
C23137,8,673,Yes
C23138,8,619,Yes
C23139,6,695,Yes
C23140,7,682,Yes
C23141,5,675,Yes
C23142,10,668,No
C23143,7,678,Yes
C23144,10,625,No
C23145,8,654,Yes
C23146,5,674,Yes
C23147,6,615,No
C23148,10,618,Yes
C23149,8,629,Yes
C23150,10,709,Yes
C23151,5,695,No
C23152,9,718,Yes
C23153,6,685,No
C23154,6,598,No
C23155,9,647,Yes
C23156,10,645,Yes
C23157,8,658,No
C23158,8,704,No
C23159,8,665,No
C23160,5,658,No
C23161,7,655,No
C23162,8,687,Yes
C23163,6,617,No
C23164,8,670,Yes
C23165,9,585,Yes
C23166,5,643,Yes
C23167,6,693,Yes
C23168,5,666,No
C23169,10,642,Yes
C23170,8,673,Yes
C23171,7,634,Yes
C23172,9,647,Yes
C23173,8,553,Yes
C23174,10,559,Yes
C23175,10,606,Yes
C23176,8,660,No
C23177,7,621,Yes
C23178,8,674,Yes
C23179,5,692,Yes
C23180,5,670,No
C23181,7,619,No
C23182,10,645,No
C23183,10,723,No
C23184,5,696,No
C23185,10,505,No
C23186,9,656,No
C23187,10,637,No
C23188,9,708,No
C23189,9,608,Yes
C23190,5,586,No
C23191,9,576,No
C23192,9,657,No
C23193,7,633,No
C23194,6,652,Yes
C23195,6,653,Yes
C23196,10,687,No
C23197,9,658,No
C23198,9,579,Yes
C23199,7,659,No
C23200,10,602,Yes
C23201,10,671,No
C23202,9,567,No
C23203,8,692,No
C23204,10,628,No
C23205,7,676,No
C23206,9,604,No
C23207,7,624,No
C23208,7,670,Yes
C23209,8,694,Yes
C23210,5,687,Yes
C23211,6,598,Yes
C23212,5,625,No
C23213,9,703,No
C23214,9,601,Yes
C23215,5,670,Yes
C23216,10,687,No
C23217,8,569,Yes
C23218,8,634,No
C23219,5,667,Yes
C23220,5,638,Yes
C23221,7,625,Yes
C23222,10,614,No
C23223,7,564,Yes
C23224,5,653,Yes
C23225,8,657,Yes
C23226,5,577,Yes
C23227,6,627,No
C23228,7,628,No
C23229,5,632,Yes
C23230,10,549,Yes
C23231,8,611,No
C23232,8,644,Yes
C23233,7,454,Yes
C23234,10,684,Yes
C23235,8,670,No
C23236,7,506,Yes
C23237,6,618,No
C23238,10,680,Yes
C23239,8,578,Yes
C23240,6,665,Yes
C23241,10,664,No
C23242,9,693,No
C23243,7,704,No
C23244,5,596,Yes
C23245,10,672,Yes
C23246,7,660,No
C23247,8,593,No
C23248,8,705,No
C23249,9,696,No
C23250,5,618,Yes
C23251,10,651,Yes
C23252,8,648,Yes
C23253,10,650,Yes
C23254,6,651,No
C23255,5,579,No
C23256,5,686,No
C23257,8,681,No
C23258,6,707,Yes
C23259,10,554,Yes
C23260,7,668,No
C23261,7,578,Yes
C23262,7,658,Yes
C23263,10,654,No
C23264,5,632,No
C23265,6,668,Yes
C23266,10,561,No
C23267,5,717,Yes
C23268,5,611,No
C23269,9,608,Yes
C23270,6,662,Yes
C23271,7,549,Yes
C23272,8,682,No
C23273,9,639,No
C23274,6,590,Yes
C23275,6,634,No
C23276,10,705,No
C23277,7,622,Yes
C23278,7,653,No
C23279,7,689,No
C23280,8,623,Yes
C23281,9,674,Yes
C23282,6,690,Yes
C23283,7,702,No
C23284,5,650,Yes
C23285,9,687,Yes
C23286,5,545,Yes
C23287,5,718,No
C23288,7,632,No
C23289,5,542,No
C23290,5,696,No
C23291,6,618,Yes
C23292,7,713,Yes
C23293,7,651,No
C23294,7,658,No
C23295,7,651,Yes
C23296,8,686,Yes
C23297,7,700,No
C23298,6,651,Yes
C23299,8,671,No
C23300,9,701,No
C23301,10,564,Yes
C23302,10,695,No
C23303,5,655,Yes
C23304,10,687,No
C23305,8,578,No
C23306,9,575,Yes
C23307,10,690,Yes
C23308,7,665,Yes
C23309,6,559,Yes
C23310,6,568,Yes
C23311,7,682,No
C23312,10,556,No
C23313,8,659,No
C23314,10,536,Yes
C23315,9,676,Yes
C23316,7,664,No
C23317,9,684,Yes
C23318,8,658,No
C23319,7,597,Yes
C23320,7,625,Yes
C23321,10,679,Yes
C23322,5,675,Yes
C23323,7,646,Yes
C23324,5,559,Yes
C23325,10,592,Yes
C23326,7,633,Yes
C23327,6,582,No
C23328,5,637,No
C23329,8,699,No
C23330,7,642,Yes
C23331,10,689,Yes
C23332,6,618,No
C23333,5,694,Yes
C23334,10,562,No
C23335,8,662,Yes
C23336,6,636,Yes
C23337,5,641,No
C23338,6,650,Yes
C23339,9,688,Yes
C23340,6,629,Yes
C23341,5,601,Yes
C23342,8,584,No
C23343,7,660,Yes
C23344,10,556,No
C23345,7,565,Yes
C23346,7,717,Yes
C23347,5,622,Yes
C23348,6,613,Yes
C23349,10,658,Yes
C23350,8,674,No
C23351,9,648,No
C23352,5,670,No
C23353,10,660,Yes
C23354,7,697,No
C23355,7,669,Yes
C23356,6,665,Yes
C23357,5,635,No
C23358,5,647,Yes
C23359,10,527,Yes
C23360,5,674,No
C23361,5,582,No
C23362,8,671,Yes
C23363,5,687,Yes
C23364,6,713,Yes
C23365,7,637,Yes
C23366,8,624,No
C23367,5,667,Yes
C23368,5,656,No
C23369,7,590,No
C23370,8,590,No
C23371,9,664,No
C23372,9,696,Yes
C23373,10,689,Yes
C23374,6,673,No
C23375,10,587,No
C23376,9,638,Yes
C23377,7,582,Yes
C23378,10,594,No
C23379,8,624,No
C23380,6,673,Yes
C23381,7,634,No
C23382,5,670,Yes
C23383,8,724,No
C23384,9,676,Yes
C23385,8,501,Yes
C23386,10,669,No
C23387,6,698,Yes
C23388,9,589,Yes
C23389,10,563,No
C23390,9,724,No
C23391,6,693,No
C23392,10,702,No
C23393,10,616,Yes
C23394,5,593,Yes
C23395,9,576,Yes
C23396,7,675,No
C23397,9,613,Yes
C23398,5,660,No
C23399,8,574,No
C23400,6,670,No
C23401,10,653,No
C23402,8,601,Yes
C23403,7,650,Yes
C23404,8,683,No
C23405,8,666,No
C23406,10,647,Yes
C23407,8,714,Yes
C23408,7,626,No
C23409,10,643,No
C23410,6,655,Yes
C23411,10,683,Yes
C23412,7,674,No
C23413,7,621,Yes
C23414,7,634,Yes
C23415,10,659,No
C23416,6,685,No
C23417,10,650,No
C23418,7,656,Yes
C23419,5,636,Yes
C23420,8,666,Yes
C23421,7,635,Yes
C23422,10,517,Yes
C23423,5,591,Yes
C23424,5,609,No
C23425,7,671,Yes
C23426,6,567,Yes
C23427,7,611,Yes
C23428,9,623,Yes
C23429,7,649,Yes
C23430,10,587,Yes
C23431,6,621,Yes
C23432,10,641,Yes
C23433,9,725,No
C23434,10,500,Yes
C23435,8,669,Yes
C23436,5,703,No
C23437,5,606,No
C23438,8,662,Yes
C23439,10,661,Yes
C23440,9,628,Yes
C23441,7,682,Yes
C23442,10,613,Yes
C23443,5,582,Yes
C23444,10,664,No
C23445,6,536,No
C23446,5,599,Yes
C23447,10,698,No
C23448,6,643,No
C23449,8,612,Yes
C23450,9,634,No
C23451,7,656,No
C23452,8,660,No
C23453,5,661,No
C23454,9,699,No
C23455,10,683,Yes
C23456,5,607,Yes
C23457,9,668,No
C23458,7,580,Yes
C23459,5,607,Yes
C23460,5,652,No
C23461,8,669,Yes
C23462,8,524,Yes
C23463,8,588,Yes
C23464,9,691,No
C23465,7,638,No
C23466,5,661,No
C23467,10,634,Yes
C23468,9,674,Yes
C23469,7,619,Yes
C23470,9,659,Yes
C23471,7,667,Yes
C23472,9,617,No
C23473,6,646,Yes
C23474,8,673,No
C23475,8,607,Yes
C23476,7,540,No
C23477,9,606,Yes
C23478,5,604,Yes
C23479,7,669,Yes
C23480,9,633,Yes
C23481,9,615,Yes
C23482,6,679,No
C23483,6,660,Yes
C23484,9,690,Yes
C23485,10,676,Yes
C23486,7,681,No
C23487,5,550,Yes
C23488,9,665,Yes
C23489,9,634,No
C23490,7,690,Yes
C23491,6,652,No
C23492,8,589,Yes
C23493,7,647,No
C23494,10,627,Yes
C23495,8,669,Yes
C23496,5,646,No
C23497,7,515,Yes
C23498,8,672,No
C23499,8,658,No
C23500,6,665,No
C23501,7,664,Yes
C23502,6,699,Yes
C23503,5,683,Yes
C23504,9,638,Yes
C23505,6,567,Yes
C23506,10,616,Yes
C23507,10,625,No
C23508,8,639,No
C23509,10,709,Yes
C23510,5,638,Yes
C23511,5,615,No
C23512,9,670,Yes
C23513,10,630,No
C23514,8,644,No
C23515,10,630,Yes
C23516,7,611,Yes
C23517,9,643,No
C23518,6,604,No
C23519,8,694,Yes
C23520,10,652,No
C23521,10,631,No
C23522,9,654,No
C23523,5,659,No
C23524,10,692,Yes
C23525,8,660,No
C23526,6,633,Yes
C23527,5,624,No
C23528,6,708,Yes
C23529,9,685,Yes
C23530,8,626,No
C23531,6,684,No
C23532,5,682,No
C23533,8,674,Yes
C23534,5,498,Yes
C23535,6,716,No
C23536,8,618,No
C23537,9,651,Yes
C23538,8,653,No
C23539,10,650,No
C23540,10,667,No
C23541,5,652,No
C23542,9,700,Yes
C23543,8,656,No
C23544,8,574,Yes
C23545,5,666,Yes
C23546,5,579,Yes
C23547,5,673,Yes
C23548,6,681,No
C23549,9,660,Yes
C23550,6,615,Yes
C23551,7,705,No
C23552,5,626,Yes
C23553,8,662,No
C23554,5,688,No
C23555,6,592,Yes
C23556,5,646,Yes
C23557,6,690,Yes
C23558,7,717,Yes
C23559,7,687,Yes
C23560,7,632,No
C23561,7,682,No
C23562,5,659,No
C23563,8,652,No
C23564,7,637,Yes
C23565,5,558,Yes
C23566,5,683,Yes
C23567,9,574,No
C23568,7,547,Yes
C23569,8,666,No
C23570,7,585,Yes
C23571,10,609,No
C23572,9,674,Yes
C23573,7,689,Yes
C23574,5,626,No
C23575,8,688,No
C23576,5,674,No
C23577,5,637,Yes
C23578,10,681,Yes
C23579,9,649,No
C23580,7,526,Yes
C23581,10,628,No
C23582,5,609,Yes
C23583,8,653,No
C23584,7,653,No
C23585,9,619,No
C23586,6,628,No
C23587,6,608,No
C23588,8,670,No
C23589,9,602,No
C23590,6,641,Yes
C23591,9,718,No
C23592,10,548,No
C23593,8,618,No
C23594,6,575,No
C23595,10,638,Yes
C23596,9,634,No
C23597,8,610,Yes
C23598,8,727,No
C23599,9,693,No
C23600,5,527,Yes
C23601,5,686,No
C23602,8,670,No
C23603,7,687,No
C23604,6,564,Yes
C23605,6,708,Yes
C23606,8,572,Yes
C23607,6,560,Yes
C23608,9,670,Yes
C23609,9,675,No
C23610,9,728,Yes
C23611,7,600,No
C23612,10,671,No
C23613,6,627,Yes
C23614,8,679,Yes
C23615,5,656,No
C23616,6,645,Yes
C23617,5,614,No
C23618,10,626,Yes
C23619,5,581,Yes
C23620,6,643,Yes
C23621,6,670,No
C23622,7,579,Yes
C23623,8,678,No
C23624,5,664,No
C23625,8,652,No
C23626,10,683,No
C23627,6,582,No
C23628,5,615,No
C23629,9,693,No
C23630,8,493,No
C23631,8,706,No
C23632,5,665,No
C23633,8,599,No
C23634,7,696,No
C23635,8,671,No
C23636,10,586,Yes
C23637,9,731,No
C23638,7,706,No
C23639,10,627,Yes
C23640,5,639,No
C23641,10,632,Yes
C23642,7,632,No
C23643,5,639,Yes
C23644,5,686,Yes
C23645,10,591,Yes
C23646,6,710,No
C23647,5,697,Yes
C23648,9,708,Yes
C23649,5,683,No
C23650,7,619,Yes
C23651,7,716,Yes
C23652,10,599,No
C23653,8,685,Yes
C23654,10,615,Yes
C23655,8,668,No
C23656,7,600,No
C23657,5,686,No
C23658,7,601,Yes
C23659,6,665,No
C23660,5,596,Yes
C23661,5,549,Yes
C23662,7,654,Yes
C23663,9,572,Yes
C23664,7,577,Yes
C23665,10,644,No
C23666,5,688,No
C23667,5,635,Yes
C23668,7,650,Yes
C23669,6,593,Yes
C23670,9,631,Yes
C23671,10,673,No
C23672,6,708,Yes
C23673,6,645,Yes
C23674,7,692,No
C23675,7,681,Yes
C23676,9,598,Yes
C23677,10,594,Yes
C23678,5,691,No
C23679,6,706,Yes
C23680,5,556,Yes
C23681,5,657,No
C23682,10,712,No
C23683,6,593,No
C23684,6,576,Yes
C23685,9,615,Yes
C23686,6,702,Yes
C23687,7,652,No
C23688,5,525,Yes
C23689,7,683,No
C23690,7,672,No
C23691,7,679,Yes
C23692,8,658,Yes
C23693,10,572,Yes
C23694,5,648,Yes
C23695,5,656,No
C23696,8,667,No
C23697,10,603,Yes
C23698,5,658,Yes
C23699,7,530,Yes
C23700,9,601,Yes
C23701,9,662,Yes
C23702,5,634,No
C23703,6,589,Yes
C23704,5,646,No
C23705,6,667,No
C23706,7,700,No
C23707,9,667,No
C23708,9,677,No
C23709,7,649,Yes
C23710,9,647,No
C23711,5,684,No
C23712,8,622,Yes
C23713,5,579,No
C23714,9,727,No
C23715,5,654,No
C23716,10,576,No
C23717,9,673,Yes
C23718,7,625,No
C23719,7,648,Yes
C23720,7,659,No
C23721,10,667,No
C23722,6,649,No
C23723,7,672,Yes
C23724,9,649,No
C23725,7,559,Yes
C23726,5,703,Yes
C23727,5,597,Yes
C23728,6,673,No
C23729,7,601,No
C23730,10,667,Yes
C23731,8,619,Yes
C23732,8,470,Yes
C23733,5,578,Yes
C23734,8,727,Yes
C23735,7,651,No
C23736,7,699,Yes
C23737,6,704,Yes
C23738,5,686,Yes
C23739,7,633,No
C23740,8,668,No
C23741,10,536,No
C23742,10,608,No
C23743,7,651,No
C23744,8,676,No
C23745,5,655,No
C23746,5,657,No
C23747,7,665,No
C23748,10,668,Yes
C23749,6,597,Yes
C23750,6,569,Yes
C23751,7,649,No
C23752,5,584,Yes
C23753,8,588,No
C23754,9,661,Yes
C23755,5,617,Yes
C23756,8,649,No
C23757,7,619,Yes
C23758,8,560,No
C23759,7,675,Yes
C23760,10,684,No
C23761,10,698,No
C23762,6,605,No
C23763,5,666,No
C23764,5,628,No
C23765,5,635,No
C23766,7,624,Yes
C23767,5,663,Yes
C23768,9,628,Yes
C23769,5,657,No
C23770,9,680,No
C23771,9,603,No
C23772,6,579,Yes
C23773,8,666,No
C23774,9,720,No
C23775,6,631,No
C23776,8,609,Yes
C23777,10,664,No
C23778,10,639,No
C23779,9,673,No
C23780,7,649,No
C23781,9,557,Yes
C23782,7,599,No
C23783,8,688,No
C23784,5,694,No
C23785,7,709,No
C23786,7,620,No
C23787,5,635,Yes
C23788,9,718,Yes
C23789,8,610,No
C23790,10,637,No
C23791,6,711,No
C23792,8,640,No
C23793,8,486,Yes
C23794,7,667,Yes
C23795,5,597,No
C23796,9,644,Yes
C23797,7,589,Yes
C23798,8,671,Yes
C23799,5,661,No
C23800,10,640,Yes
C23801,9,662,Yes
C23802,5,635,Yes
C23803,7,674,No
C23804,10,714,No
C23805,8,541,Yes
C23806,5,649,Yes
C23807,5,593,Yes
C23808,7,670,Yes
C23809,9,645,No
C23810,9,706,No
C23811,7,673,Yes
C23812,7,593,Yes
C23813,5,509,No
C23814,10,565,Yes
C23815,10,567,No
C23816,7,680,No
C23817,5,600,Yes
C23818,7,690,No
C23819,5,574,Yes
C23820,8,696,No
C23821,7,568,Yes
C23822,8,560,Yes
C23823,7,590,Yes
C23824,10,599,No
C23825,7,630,No
C23826,7,627,No
C23827,6,662,Yes
C23828,9,630,No
C23829,9,698,Yes
C23830,9,632,Yes
C23831,7,615,Yes
C23832,10,552,Yes
C23833,8,691,No
C23834,6,655,No
C23835,10,630,No
C23836,9,626,Yes
C23837,6,511,Yes
C23838,6,660,No
C23839,7,641,No
C23840,9,623,Yes
C23841,9,716,No
C23842,10,598,Yes
C23843,7,670,Yes
C23844,9,672,Yes
C23845,5,713,Yes
C23846,8,556,Yes
C23847,8,570,No
C23848,9,689,Yes
C23849,5,644,Yes
C23850,5,642,Yes
C23851,5,626,No
C23852,7,547,No
C23853,8,596,Yes
C23854,6,676,No
C23855,10,688,Yes
C23856,5,686,Yes
C23857,6,563,Yes
C23858,9,685,Yes
C23859,8,594,Yes
C23860,7,683,No
C23861,8,664,Yes
C23862,7,631,No
C23863,8,694,No
C23864,9,641,Yes
C23865,5,569,Yes
C23866,10,713,No
C23867,7,593,Yes
C23868,5,572,Yes
C23869,5,642,No
C23870,10,610,Yes
C23871,7,675,Yes
C23872,6,672,No
C23873,10,611,No
C23874,6,523,No
C23875,6,705,No
C23876,7,652,Yes
C23877,9,663,No
C23878,8,694,No
C23879,8,686,Yes
C23880,10,643,Yes
C23881,8,585,No
C23882,7,687,Yes
C23883,9,560,Yes
C23884,7,651,Yes
C23885,9,678,No
C23886,9,669,Yes
C23887,6,617,No
C23888,8,692,No
C23889,7,593,No
C23890,5,674,No
C23891,6,651,No
C23892,6,627,Yes
C23893,9,663,No
C23894,5,668,No
C23895,8,558,No
C23896,7,698,Yes
C23897,8,630,Yes
C23898,6,642,No
C23899,10,657,Yes
C23900,9,641,No
C23901,10,734,No
C23902,10,622,Yes
C23903,9,595,No
C23904,6,589,No
C23905,9,652,No
C23906,6,633,No
C23907,8,698,No
C23908,7,481,No
C23909,8,685,No
C23910,7,644,Yes
C23911,10,602,No
C23912,9,646,No
C23913,8,577,Yes
C23914,10,659,Yes
C23915,7,664,Yes
C23916,5,648,No
C23917,6,607,Yes
C23918,7,671,No
C23919,6,630,No
C23920,9,674,Yes
C23921,6,611,Yes
C23922,8,632,No
C23923,9,643,No
C23924,7,611,No
C23925,6,626,No
C23926,6,568,No
C23927,5,724,Yes
C23928,6,586,Yes
C23929,8,645,No
C23930,9,640,No
C23931,7,741,No
C23932,7,718,Yes
C23933,5,680,No
C23934,5,630,No
C23935,5,699,No
C23936,10,710,Yes
C23937,6,694,No
C23938,7,641,Yes
C23939,9,651,Yes
C23940,5,614,Yes
C23941,10,694,No
C23942,9,659,Yes
C23943,9,602,Yes
C23944,7,597,Yes
C23945,7,593,No
C23946,9,710,No
C23947,7,639,Yes
C23948,7,605,No
C23949,5,665,No
C23950,5,556,No
C23951,7,623,No
C23952,7,651,No
C23953,10,606,Yes
C23954,9,529,Yes
C23955,10,662,Yes
C23956,8,524,No
C23957,5,665,Yes
C23958,10,510,Yes
C23959,7,657,No
C23960,10,613,No
C23961,10,689,No
C23962,5,639,No
C23963,7,665,No
C23964,9,625,Yes
C23965,5,637,No
C23966,6,568,No
C23967,7,503,Yes
C23968,8,644,No
C23969,7,616,Yes
C23970,5,672,No
C23971,9,664,Yes
C23972,10,591,No
C23973,6,671,Yes
C23974,8,624,Yes
C23975,10,650,Yes
C23976,7,705,No
C23977,7,670,Yes
C23978,9,646,Yes
C23979,10,668,No
C23980,7,659,Yes
C23981,5,689,No
C23982,9,708,Yes
C23983,9,565,No
C23984,6,649,No
C23985,8,682,No
C23986,6,667,Yes
C23987,9,683,Yes
C23988,9,697,No
C23989,9,725,No
C23990,10,594,Yes
C23991,5,682,No
C23992,8,588,Yes
C23993,5,580,Yes
C23994,7,557,Yes
C23995,8,668,No
C23996,5,644,Yes
C23997,10,571,No
C23998,8,692,No
C23999,10,695,No
C24000,6,621,Yes
C24001,6,651,Yes
C24002,6,689,No
C24003,6,685,Yes
C24004,9,651,Yes
C24005,6,663,No
C24006,6,589,Yes
C24007,9,611,No
C24008,10,532,No
C24009,8,613,Yes
C24010,5,528,Yes
C24011,6,674,Yes
C24012,6,679,No
C24013,9,657,No
C24014,9,700,Yes
C24015,7,709,No
C24016,8,645,Yes
C24017,9,648,Yes
C24018,10,723,Yes
C24019,10,695,No
C24020,7,633,No
C24021,7,618,No
C24022,9,633,No
C24023,6,593,Yes
C24024,5,628,Yes
C24025,6,586,No
C24026,5,662,No
C24027,9,658,No
C24028,8,662,No
C24029,5,607,No
C24030,6,540,No
C24031,6,711,No
C24032,6,559,No
C24033,8,659,No
C24034,8,678,No
C24035,6,633,Yes
C24036,8,646,Yes
C24037,6,687,Yes
C24038,7,672,No
C24039,5,599,No
C24040,9,653,No
C24041,9,706,Yes
C24042,5,661,Yes
C24043,10,673,No
C24044,6,625,Yes
C24045,9,641,Yes
C24046,6,585,No
C24047,7,647,Yes
C24048,10,608,Yes
C24049,6,677,No
C24050,8,664,Yes
C24051,9,549,Yes
C24052,9,638,No
C24053,5,662,No
C24054,8,651,Yes
C24055,9,690,No
C24056,10,621,Yes
C24057,10,646,No
C24058,10,656,Yes
C24059,9,662,No
C24060,8,698,No
C24061,6,686,Yes
C24062,6,653,Yes
C24063,5,660,Yes
C24064,6,676,No
C24065,10,634,Yes
C24066,6,661,Yes
C24067,8,622,Yes
C24068,10,686,Yes
C24069,7,612,No
C24070,10,623,Yes
C24071,9,630,No
C24072,5,651,Yes
C24073,7,637,Yes
C24074,7,680,No
C24075,10,699,Yes
C24076,7,549,Yes
C24077,7,691,Yes
C24078,7,612,Yes
C24079,6,578,No
C24080,8,551,Yes
C24081,7,670,Yes
C24082,8,547,Yes
C24083,10,576,Yes
C24084,6,623,Yes
C24085,9,721,No
C24086,8,648,Yes
C24087,10,631,Yes
C24088,5,656,No
C24089,5,670,No
C24090,8,682,Yes
C24091,7,667,No
C24092,6,621,Yes
C24093,10,713,No
C24094,8,692,Yes
C24095,8,698,Yes
C24096,7,564,Yes
C24097,7,606,Yes
C24098,10,617,No
C24099,6,660,Yes
C24100,10,525,Yes
C24101,8,727,No
C24102,7,680,No
C24103,8,690,No
C24104,5,693,No
C24105,5,654,No
C24106,5,678,Yes
C24107,5,717,Yes
C24108,7,609,No
C24109,7,704,Yes
C24110,9,652,Yes
C24111,10,585,No
C24112,6,653,Yes
C24113,7,675,Yes
C24114,5,530,No
C24115,6,641,Yes
C24116,9,665,Yes
C24117,10,711,No
C24118,5,621,Yes
C24119,5,528,No
C24120,7,605,Yes
C24121,5,551,Yes
C24122,8,673,No
C24123,9,593,Yes
C24124,6,694,No
C24125,5,715,No
C24126,5,642,Yes
C24127,6,598,No
C24128,6,699,Yes
C24129,5,646,No
C24130,9,654,Yes
C24131,8,686,No
C24132,7,634,No
C24133,8,652,No
C24134,10,518,Yes
C24135,7,555,No
C24136,8,687,No
C24137,5,670,No
C24138,6,648,Yes
C24139,10,679,No
C24140,7,686,Yes
C24141,6,672,Yes
C24142,6,567,Yes
C24143,10,651,Yes
C24144,9,653,No
C24145,9,553,No
C24146,6,531,Yes
C24147,9,594,Yes
C24148,5,726,No
C24149,5,692,Yes
C24150,9,526,Yes
C24151,7,528,No
C24152,9,625,No
C24153,7,515,Yes
C24154,8,711,Yes
C24155,9,671,No
C24156,6,626,No
C24157,9,643,Yes
C24158,6,651,No
C24159,9,606,No
C24160,7,666,Yes
C24161,9,584,Yes
C24162,7,589,No
C24163,9,655,Yes
C24164,5,663,No
C24165,9,666,No
C24166,5,653,Yes
C24167,10,489,Yes
C24168,7,720,No
C24169,5,691,No
C24170,7,662,No
C24171,6,674,Yes
C24172,8,675,Yes
C24173,8,606,No
C24174,9,612,Yes
C24175,7,692,No
C24176,10,613,No
C24177,6,651,Yes
C24178,7,644,No
C24179,7,567,Yes
C24180,10,568,Yes
C24181,6,612,No
C24182,7,629,No
C24183,10,664,Yes
C24184,5,589,No
C24185,9,681,No
C24186,8,697,No
C24187,6,657,Yes
C24188,10,615,Yes
C24189,6,596,Yes
C24190,5,662,No
C24191,5,596,No
C24192,9,678,Yes
C24193,5,650,No
C24194,9,664,No
C24195,9,677,No
C24196,5,588,No
C24197,10,622,Yes
C24198,8,633,No
C24199,6,675,Yes
C24200,6,672,No
C24201,5,703,No
C24202,5,569,Yes
C24203,6,638,Yes
C24204,6,720,No
C24205,7,724,Yes
C24206,8,641,No
C24207,7,574,No
C24208,6,597,Yes
C24209,10,672,Yes
C24210,5,653,No
C24211,6,701,Yes
C24212,8,720,No
C24213,9,563,Yes
C24214,10,557,No
C24215,9,597,Yes
C24216,7,554,Yes
C24217,10,602,Yes
C24218,5,707,Yes
C24219,9,575,Yes
C24220,10,668,No
C24221,5,648,No
C24222,6,637,Yes
C24223,5,698,No
C24224,5,507,No
C24225,8,590,No
C24226,10,579,Yes
C24227,8,626,Yes
C24228,6,672,Yes
C24229,10,691,No
C24230,7,688,Yes
C24231,6,609,Yes
C24232,7,658,Yes
C24233,6,634,No
C24234,5,596,No
C24235,7,705,No
C24236,5,499,Yes
C24237,7,653,No
C24238,7,683,No
C24239,7,550,Yes
C24240,10,647,No
C24241,7,634,Yes
C24242,5,704,Yes
C24243,7,606,Yes
C24244,10,648,No
C24245,6,682,No
C24246,10,655,No
C24247,7,653,Yes
C24248,10,620,Yes
C24249,5,617,Yes
C24250,5,672,Yes
C24251,5,649,No
C24252,7,611,No
C24253,5,637,Yes
C24254,5,538,Yes
C24255,5,636,Yes
C24256,7,649,Yes
C24257,6,679,Yes
C24258,5,566,Yes
C24259,6,636,No
C24260,5,696,Yes
C24261,9,645,Yes
C24262,5,617,No
C24263,9,650,No
C24264,9,652,No
C24265,9,655,Yes
C24266,6,525,Yes
C24267,10,686,No
C24268,8,681,No
C24269,5,682,Yes
C24270,9,624,Yes
C24271,5,673,Yes
C24272,7,645,No
C24273,6,686,No
C24274,10,663,Yes
C24275,9,629,Yes
C24276,6,673,No
C24277,6,629,No
C24278,9,638,No
C24279,10,695,Yes
C24280,10,679,Yes
C24281,9,547,Yes
C24282,9,619,No
C24283,7,616,No
C24284,7,640,No
C24285,8,635,Yes
C24286,10,593,No
C24287,10,661,Yes
C24288,9,683,Yes
C24289,10,715,No
C24290,6,670,Yes
C24291,8,549,Yes
C24292,8,638,No
C24293,9,708,No
C24294,10,672,Yes
C24295,5,659,No
C24296,7,677,No
C24297,9,605,No
C24298,8,675,No
C24299,5,626,No
C24300,5,637,Yes
C24301,6,695,No
C24302,6,649,Yes
C24303,5,625,Yes
C24304,6,657,Yes
C24305,6,632,Yes
C24306,7,660,Yes
C24307,10,617,No
C24308,6,692,No
C24309,6,600,Yes
C24310,9,612,Yes
C24311,8,636,Yes
C24312,10,625,Yes
C24313,7,631,No
C24314,6,705,No
C24315,9,529,No
C24316,5,645,Yes
C24317,9,648,No
C24318,8,613,Yes
C24319,8,674,No
C24320,10,516,Yes
C24321,6,649,Yes
C24322,5,557,No
C24323,6,667,No
C24324,10,577,Yes
C24325,5,560,Yes
C24326,8,621,No
C24327,5,530,No
C24328,7,650,Yes
C24329,8,637,No
C24330,8,567,No
C24331,6,693,No
C24332,10,618,No
C24333,9,706,No
C24334,7,663,Yes
C24335,6,700,No
C24336,7,597,No
C24337,6,651,No
C24338,5,648,Yes
C24339,10,549,Yes
C24340,7,566,Yes
C24341,5,578,Yes
C24342,9,693,No
C24343,10,581,Yes
C24344,8,563,Yes
C24345,5,698,No
C24346,10,640,No
C24347,6,634,No
C24348,9,517,Yes
C24349,5,634,Yes
C24350,9,635,Yes
C24351,8,568,Yes
C24352,9,585,Yes
C24353,7,665,No
C24354,8,561,Yes
C24355,9,647,No
C24356,6,619,Yes
C24357,5,624,No
C24358,7,526,Yes
C24359,9,659,Yes
C24360,9,684,No
C24361,5,633,Yes
C24362,6,628,No
C24363,5,658,Yes
C24364,5,663,Yes
C24365,9,570,Yes
C24366,8,674,No
C24367,9,607,No
C24368,8,720,No
C24369,8,578,Yes
C24370,9,618,No
C24371,10,591,Yes
C24372,7,624,Yes
C24373,6,671,Yes
C24374,10,645,No
C24375,8,674,Yes
C24376,7,656,No
C24377,5,703,Yes
C24378,7,657,Yes
C24379,10,628,No
C24380,7,617,No
C24381,10,503,No
C24382,5,629,Yes
C24383,8,618,Yes
C24384,7,542,Yes
C24385,7,628,No
C24386,8,651,No
C24387,8,615,Yes
C24388,8,643,Yes
C24389,10,645,No
C24390,7,577,No
C24391,10,727,No
C24392,8,582,No
C24393,5,659,No
C24394,7,623,Yes
C24395,8,643,Yes
C24396,5,597,Yes
C24397,9,695,Yes
C24398,7,696,Yes
C24399,8,713,No
C24400,7,591,Yes
C24401,5,479,Yes
C24402,9,684,Yes
C24403,9,639,Yes
C24404,8,586,Yes
C24405,6,633,No
C24406,9,627,No
C24407,10,598,No
C24408,6,592,Yes
C24409,8,646,No
C24410,9,596,No
C24411,6,649,Yes
C24412,6,612,No
C24413,6,677,No
C24414,6,608,No
C24415,7,573,Yes
C24416,7,668,No
C24417,5,661,Yes
C24418,8,667,No
C24419,9,631,Yes
C24420,5,681,No
C24421,6,668,Yes
C24422,6,679,Yes
C24423,9,633,Yes
C24424,7,652,No
C24425,5,552,Yes
C24426,10,645,Yes
C24427,9,662,No
C24428,6,620,Yes
C24429,5,719,No
C24430,7,581,Yes
C24431,8,658,Yes
C24432,7,673,No
C24433,5,645,Yes
C24434,10,666,Yes
C24435,8,615,Yes
C24436,9,602,Yes
C24437,9,666,No
C24438,6,689,No
C24439,10,724,Yes
C24440,7,582,Yes
C24441,8,667,Yes
C24442,9,706,Yes
C24443,9,556,Yes
C24444,8,624,Yes
C24445,6,586,Yes
C24446,5,660,Yes
C24447,9,640,Yes
C24448,6,610,Yes
C24449,5,612,Yes
C24450,9,619,No
C24451,5,584,Yes
C24452,7,736,Yes
C24453,7,698,Yes
C24454,10,595,Yes
C24455,10,692,No
C24456,7,595,No
C24457,6,645,No
C24458,10,660,No
C24459,8,683,Yes
C24460,8,689,No
C24461,10,644,No
C24462,10,639,No
C24463,9,612,No
C24464,9,675,No
C24465,6,662,Yes
C24466,9,663,No
C24467,8,634,Yes
C24468,8,621,Yes
C24469,5,652,No
C24470,9,620,Yes
C24471,7,676,No
C24472,9,679,No
C24473,8,578,No
C24474,7,661,Yes
C24475,7,563,Yes
C24476,10,639,No
C24477,10,705,No
C24478,7,638,No
C24479,8,645,Yes
C24480,10,644,No
C24481,8,634,No
C24482,5,603,Yes
C24483,10,684,No
C24484,8,622,Yes
C24485,9,549,Yes
C24486,9,630,Yes
C24487,8,612,No
C24488,6,653,No
C24489,9,672,No
C24490,5,632,Yes
C24491,9,573,Yes
C24492,10,662,Yes
C24493,5,619,Yes
C24494,8,705,No
C24495,6,645,No
C24496,5,579,Yes
C24497,6,596,Yes
C24498,8,698,No
C24499,6,602,Yes
C24500,7,675,Yes
C24501,6,669,Yes
C24502,8,675,Yes
C24503,5,707,Yes
C24504,7,655,Yes
C24505,5,703,No
C24506,5,660,No
C24507,8,573,Yes
C24508,10,552,Yes
C24509,8,671,Yes
C24510,7,613,Yes
C24511,9,604,Yes
C24512,7,660,Yes
C24513,7,660,No
C24514,5,679,Yes
C24515,10,672,Yes
C24516,8,681,Yes
C24517,8,621,No
C24518,5,619,Yes
C24519,10,603,Yes
C24520,6,660,Yes
C24521,9,535,Yes
C24522,9,587,No
C24523,9,675,Yes
C24524,7,600,Yes
C24525,9,618,No
C24526,7,678,No
C24527,8,634,Yes
C24528,5,699,No
C24529,9,594,Yes
C24530,10,559,Yes
C24531,6,585,Yes
C24532,10,674,Yes
C24533,9,713,No
C24534,5,600,No
C24535,7,587,No
C24536,10,687,Yes
C24537,10,705,No
C24538,7,676,Yes
C24539,9,671,Yes
C24540,10,689,No
C24541,7,701,No
C24542,7,717,No
C24543,5,633,Yes
C24544,6,682,No
C24545,7,671,No
C24546,9,581,Yes
C24547,8,658,No
C24548,6,539,Yes
C24549,8,669,No
C24550,5,522,Yes
C24551,9,631,No
C24552,6,629,No
C24553,9,683,Yes
C24554,10,641,No
C24555,9,608,Yes
C24556,7,607,No
C24557,6,569,Yes
C24558,8,669,Yes
C24559,9,697,No
C24560,7,640,No
C24561,10,691,No
C24562,7,582,No
C24563,9,717,Yes
C24564,9,641,No
C24565,9,611,Yes
C24566,5,580,Yes
C24567,5,607,No
C24568,5,600,No
C24569,9,676,Yes
C24570,6,664,No
C24571,7,641,No
C24572,7,685,No
C24573,7,678,No
C24574,5,581,Yes
C24575,5,699,No
C24576,6,640,No
C24577,9,706,No
C24578,6,651,Yes
C24579,6,612,Yes
C24580,9,643,No
C24581,9,620,Yes
C24582,7,709,No
C24583,7,676,Yes
C24584,9,669,No
C24585,8,651,Yes
C24586,5,555,Yes
C24587,10,633,Yes
C24588,7,653,No
C24589,8,638,Yes
C24590,8,665,Yes
C24591,5,693,Yes
C24592,10,475,Yes
C24593,5,729,No
C24594,7,633,Yes
C24595,9,553,Yes
C24596,6,712,Yes
C24597,9,607,No
C24598,10,667,Yes
C24599,6,662,No
C24600,8,669,No
C24601,8,648,No
C24602,7,618,No
C24603,5,655,Yes
C24604,10,629,No
C24605,5,679,No
C24606,8,597,Yes
C24607,6,748,No
C24608,5,698,Yes
C24609,5,550,No
C24610,7,658,No
C24611,5,610,No
C24612,8,563,Yes
C24613,9,674,Yes
C24614,7,600,Yes
C24615,10,593,No
C24616,10,617,Yes
C24617,10,636,Yes
C24618,9,639,Yes
C24619,6,697,No
C24620,8,555,Yes
C24621,7,699,Yes
C24622,9,694,Yes
C24623,5,654,Yes
C24624,5,557,Yes
C24625,7,624,No
C24626,6,666,Yes
C24627,8,630,Yes
C24628,7,671,No
C24629,10,584,Yes
C24630,8,637,No
C24631,5,697,No
C24632,10,663,No
C24633,10,644,No
C24634,7,705,Yes
C24635,10,575,Yes
C24636,9,647,Yes
C24637,5,546,Yes
C24638,5,590,Yes
C24639,5,688,Yes
C24640,6,651,Yes
C24641,6,643,No
C24642,6,659,Yes
C24643,6,571,No
C24644,7,667,No
C24645,9,564,Yes
C24646,6,636,Yes
C24647,9,577,Yes
C24648,9,557,Yes
C24649,6,613,Yes
C24650,9,652,Yes
C24651,10,675,No
C24652,10,638,Yes
C24653,7,610,Yes
C24654,7,676,No
C24655,7,654,Yes
C24656,10,681,No
C24657,8,605,Yes
C24658,7,627,No
C24659,5,689,Yes
C24660,8,555,Yes
C24661,10,674,Yes
C24662,7,545,Yes
C24663,5,598,No
C24664,10,660,Yes
C24665,5,644,No
C24666,7,583,Yes
C24667,10,635,No
C24668,9,647,Yes
C24669,6,676,No
C24670,8,682,No
C24671,10,698,No
C24672,10,639,No
C24673,8,591,Yes
C24674,5,654,No
C24675,8,676,Yes
C24676,5,660,No
C24677,8,680,No
C24678,7,672,Yes
C24679,7,610,Yes
C24680,10,556,Yes
C24681,10,689,Yes
C24682,9,680,Yes
C24683,6,548,Yes
C24684,6,562,No
C24685,5,663,No
C24686,5,573,Yes
C24687,9,548,Yes
C24688,10,625,No
C24689,9,637,No
C24690,6,607,Yes
C24691,9,640,Yes
C24692,9,744,Yes
C24693,6,517,No
C24694,6,683,No
C24695,5,649,No
C24696,8,598,Yes
C24697,10,604,No
C24698,5,659,No
C24699,9,604,No
C24700,7,619,Yes
C24701,7,650,Yes
C24702,9,589,Yes
C24703,7,689,No
C24704,7,706,Yes
C24705,5,627,No
C24706,10,615,Yes
C24707,6,570,Yes
C24708,5,675,No
C24709,10,648,Yes
C24710,8,645,Yes
C24711,8,633,Yes
C24712,7,604,Yes
C24713,8,544,Yes
C24714,8,643,No
C24715,10,668,No
C24716,6,665,Yes
C24717,6,683,Yes
C24718,5,666,No
C24719,7,683,No
C24720,5,589,No
C24721,9,685,No
C24722,10,654,Yes
C24723,10,707,Yes
C24724,10,632,No
C24725,9,575,Yes
C24726,9,636,No
C24727,8,693,Yes
C24728,9,704,Yes
C24729,10,624,No
C24730,6,628,Yes
C24731,5,676,Yes
C24732,7,605,Yes
C24733,5,685,No
C24734,8,669,Yes
C24735,9,625,Yes
C24736,6,616,Yes
C24737,7,670,No
C24738,10,607,Yes
C24739,7,673,Yes
C24740,6,633,No
C24741,7,580,No
C24742,8,592,No
C24743,6,648,Yes
C24744,5,646,No
C24745,8,688,Yes
C24746,8,557,Yes
C24747,7,687,No
C24748,5,624,No
C24749,10,661,Yes
C24750,8,675,No
C24751,5,597,No
C24752,7,658,No
C24753,6,678,Yes
C24754,10,663,No
C24755,9,587,No
C24756,7,653,Yes
C24757,8,602,Yes
C24758,7,644,Yes
C24759,10,684,Yes
C24760,7,659,Yes
C24761,7,668,Yes
C24762,8,589,Yes
C24763,9,671,No
C24764,5,669,Yes
C24765,7,673,Yes
C24766,10,482,Yes
C24767,10,669,No
C24768,6,647,Yes
C24769,8,686,Yes
C24770,6,687,Yes
C24771,5,674,No
C24772,7,553,Yes
C24773,9,491,Yes
C24774,10,653,Yes
C24775,9,612,Yes
C24776,10,674,Yes
C24777,5,637,Yes
C24778,9,672,Yes
C24779,5,710,No
C24780,9,671,Yes
C24781,8,535,Yes
C24782,6,709,No
C24783,6,670,No
C24784,10,650,No
C24785,5,644,No
C24786,10,714,No
C24787,8,620,Yes
C24788,10,639,Yes
C24789,5,671,No
C24790,10,647,No
C24791,9,690,Yes
C24792,9,692,No
C24793,8,656,No
C24794,10,675,No
C24795,10,602,Yes
C24796,10,617,Yes
C24797,7,615,Yes
C24798,10,630,No
C24799,5,692,Yes
C24800,9,718,Yes
C24801,7,661,Yes
C24802,7,569,No
C24803,7,616,Yes
C24804,10,655,Yes
C24805,6,577,No
C24806,10,717,Yes
C24807,10,485,Yes
C24808,9,615,Yes
C24809,9,507,Yes
C24810,5,601,Yes
C24811,7,656,No
C24812,9,594,Yes
C24813,5,477,Yes
C24814,8,668,No
C24815,10,709,No
C24816,8,631,Yes
C24817,5,678,No
C24818,7,628,No
C24819,7,639,Yes
C24820,7,596,Yes
C24821,5,634,Yes
C24822,10,700,No
C24823,6,540,Yes
C24824,5,624,Yes
C24825,7,714,Yes
C24826,7,660,Yes
C24827,9,694,Yes
C24828,8,613,Yes
C24829,7,670,No
C24830,10,646,Yes
C24831,10,711,No
C24832,10,608,No
C24833,7,632,Yes
C24834,10,675,Yes
C24835,8,676,No
C24836,8,520,Yes
C24837,5,688,No
C24838,8,677,Yes
C24839,6,513,No
C24840,8,689,No
C24841,7,624,Yes
C24842,5,654,Yes
C24843,8,637,Yes
C24844,10,620,No
C24845,10,605,No
C24846,6,666,Yes
C24847,7,672,Yes
C24848,5,638,No
C24849,5,648,Yes
C24850,7,623,Yes
C24851,7,707,No
C24852,10,675,No
C24853,9,584,No
C24854,6,595,Yes
C24855,5,628,Yes
C24856,6,657,No
C24857,7,604,No
C24858,8,603,Yes
C24859,10,670,Yes
C24860,10,659,Yes
C24861,5,688,No
C24862,7,706,No
C24863,8,699,No
C24864,7,724,No
C24865,5,618,Yes
C24866,9,646,No
C24867,6,570,No
C24868,8,657,No
C24869,7,649,Yes
C24870,10,602,No
C24871,7,676,Yes
C24872,10,660,No
C24873,5,685,No
C24874,9,725,No
C24875,10,616,No
C24876,10,613,Yes
C24877,5,583,No
C24878,6,691,No
C24879,10,667,No
C24880,10,623,Yes
C24881,9,544,Yes
C24882,5,680,Yes
C24883,7,615,Yes
C24884,5,692,No
C24885,5,629,No
C24886,10,596,Yes
C24887,9,605,No
C24888,10,543,No
C24889,7,692,No
C24890,10,634,No
C24891,9,656,No
C24892,8,609,Yes
C24893,5,681,Yes
C24894,10,631,Yes
C24895,5,610,Yes
C24896,6,690,No
C24897,8,603,No
C24898,7,681,No
C24899,10,709,Yes
C24900,9,652,No
C24901,5,571,Yes
C24902,7,630,No
C24903,10,667,No
C24904,9,639,No
C24905,6,691,No
C24906,7,599,Yes
C24907,5,618,No
C24908,10,641,Yes
C24909,7,681,No
C24910,9,664,Yes
C24911,6,625,Yes
C24912,8,671,Yes
C24913,6,652,Yes
C24914,10,600,No
C24915,9,655,Yes
C24916,8,674,No
C24917,6,674,Yes
C24918,8,689,No
C24919,10,553,No
C24920,7,601,Yes
C24921,5,565,Yes
C24922,6,635,Yes
C24923,6,642,Yes
C24924,7,535,No
C24925,5,667,No
C24926,10,687,Yes
C24927,7,603,Yes
C24928,10,586,No
C24929,10,601,Yes
C24930,8,652,Yes
C24931,8,639,Yes
C24932,7,585,Yes
C24933,7,593,No
C24934,9,657,No
C24935,8,710,No
C24936,10,539,No
C24937,5,647,No
C24938,6,570,Yes
C24939,9,678,No
C24940,6,710,No
C24941,5,619,Yes
C24942,5,622,Yes
C24943,10,702,No
C24944,8,686,Yes
C24945,10,647,No
C24946,10,670,Yes
C24947,9,655,Yes
C24948,9,664,Yes
C24949,5,615,Yes
C24950,8,665,No
C24951,8,617,No
C24952,8,719,No
C24953,5,688,Yes
C24954,10,582,Yes
C24955,6,682,No
C24956,8,686,No
C24957,8,594,Yes
C24958,9,710,Yes
C24959,5,651,No
C24960,7,656,No
C24961,5,655,Yes
C24962,5,602,No
C24963,7,689,Yes
C24964,8,636,No
C24965,8,649,Yes
C24966,6,638,No
C24967,8,689,No
C24968,10,678,Yes
C24969,7,601,Yes
C24970,10,627,No
C24971,8,649,No
C24972,10,711,Yes
C24973,6,635,No
C24974,6,676,No
C24975,9,686,Yes
C24976,10,676,Yes
C24977,6,605,Yes
C24978,8,684,Yes
C24979,9,700,No
C24980,5,569,Yes
C24981,6,703,Yes
C24982,5,612,No
C24983,7,573,Yes
C24984,6,647,No
C24985,9,518,Yes
C24986,6,724,No
C24987,8,597,No
C24988,6,677,No
C24989,8,682,No
C24990,7,530,No
C24991,9,535,Yes
C24992,6,722,No
C24993,7,664,No
C24994,5,614,Yes
C24995,8,628,Yes
C24996,5,687,No
C24997,8,665,No
C24998,10,614,No
C24999,5,661,No
C25000,5,675,No
C25001,9,630,Yes
C25002,9,682,Yes
C25003,8,519,No
C25004,10,668,Yes
C25005,10,679,No
C25006,5,667,No
C25007,5,669,No
C25008,10,672,Yes
C25009,9,605,No
C25010,8,640,Yes
C25011,5,633,No
C25012,6,559,Yes
C25013,10,649,Yes
C25014,8,665,Yes
C25015,7,624,Yes
C25016,10,643,Yes
C25017,8,623,Yes
C25018,10,606,Yes
C25019,8,640,No
C25020,10,645,No
C25021,6,684,No
C25022,10,627,No
C25023,9,700,No
C25024,8,609,No
C25025,9,508,Yes
C25026,6,621,No
C25027,6,645,Yes
C25028,5,684,No
C25029,9,612,Yes
C25030,10,637,Yes
C25031,10,558,Yes
C25032,8,639,No
C25033,6,590,Yes
C25034,10,615,Yes
C25035,9,577,Yes
C25036,7,631,Yes
C25037,8,649,No
C25038,5,571,No
C25039,7,628,Yes
C25040,6,643,Yes
C25041,8,700,No
C25042,6,665,No
C25043,6,573,Yes
C25044,9,622,No
C25045,6,673,Yes
C25046,10,722,No
C25047,10,663,No
C25048,10,673,No
C25049,8,658,Yes
C25050,9,721,No
C25051,5,715,Yes
C25052,7,675,Yes
C25053,5,652,No
C25054,9,678,No
C25055,6,643,No
C25056,9,659,No
C25057,8,635,No
C25058,5,639,No
C25059,10,618,Yes
C25060,9,681,Yes
C25061,6,727,No
C25062,7,612,No
C25063,8,624,No
C25064,7,613,No
C25065,8,660,No
C25066,6,635,No
C25067,9,640,No
C25068,7,651,Yes
C25069,9,604,Yes
C25070,9,637,No
C25071,9,663,No
C25072,5,519,No
C25073,7,618,No
C25074,9,655,Yes
C25075,6,654,Yes
C25076,10,661,No
C25077,9,627,Yes
C25078,9,687,No
C25079,10,701,Yes
C25080,6,647,No
C25081,9,655,No
C25082,10,707,No
C25083,5,603,Yes
C25084,9,505,No
C25085,8,660,No
C25086,8,656,Yes
C25087,7,674,Yes
C25088,7,675,Yes
C25089,5,646,No
C25090,9,604,No
C25091,5,643,Yes
C25092,7,565,No
C25093,5,669,Yes
C25094,6,631,Yes
C25095,6,582,No
C25096,5,686,Yes
C25097,9,711,Yes
C25098,9,600,No
C25099,8,648,Yes
C25100,10,593,No
C25101,6,661,Yes
C25102,10,600,No
C25103,6,677,No
C25104,8,551,No
C25105,10,582,No
C25106,6,660,No
C25107,6,661,No
C25108,6,690,No
C25109,10,695,No
C25110,9,628,Yes
C25111,9,740,No
C25112,10,666,No
C25113,7,688,No
C25114,6,644,Yes
C25115,10,579,No
C25116,10,641,No
C25117,6,667,No
C25118,10,667,Yes
C25119,9,551,No
C25120,9,697,No
C25121,7,650,No
C25122,7,651,Yes
C25123,7,675,No
C25124,5,698,Yes
C25125,8,608,Yes
C25126,10,675,No
C25127,7,716,Yes
C25128,6,686,No
C25129,9,644,No
C25130,10,632,No
C25131,10,702,Yes
C25132,10,662,No
C25133,9,688,Yes
C25134,6,675,No
C25135,7,641,No
C25136,9,672,Yes
C25137,6,711,No
C25138,9,540,Yes
C25139,9,536,Yes
C25140,9,610,Yes
C25141,7,620,No
C25142,6,583,Yes
C25143,5,593,No
C25144,10,629,Yes
C25145,5,630,No
C25146,5,714,No
C25147,8,644,No
C25148,7,618,Yes
C25149,8,687,No
C25150,7,677,Yes
C25151,8,615,Yes
C25152,9,659,No
C25153,7,588,No
C25154,10,664,Yes
C25155,8,606,Yes
C25156,5,597,Yes
C25157,5,660,Yes
C25158,8,696,No
C25159,9,587,No
C25160,7,621,No
C25161,7,650,No
C25162,6,683,Yes
C25163,8,586,Yes
C25164,8,659,No
C25165,5,681,Yes
C25166,7,670,Yes
C25167,5,661,Yes
C25168,10,664,No
C25169,9,610,Yes
C25170,6,641,Yes
C25171,8,643,Yes
C25172,6,699,No
C25173,8,662,No
C25174,6,687,No
C25175,5,668,No
C25176,10,587,Yes
C25177,8,670,Yes
C25178,6,663,No
C25179,8,701,No
C25180,7,641,No
C25181,9,631,No
C25182,10,569,Yes
C25183,7,630,No
C25184,8,708,No
C25185,7,638,No
C25186,10,690,Yes
C25187,8,688,Yes
C25188,9,635,No
C25189,7,583,No
C25190,10,615,Yes
C25191,5,668,No
C25192,7,697,No
C25193,9,579,No
C25194,6,685,Yes
C25195,10,652,No
C25196,8,589,No
C25197,9,638,Yes
C25198,10,520,Yes
C25199,8,636,Yes
C25200,9,638,Yes
C25201,7,632,Yes
C25202,5,660,No
C25203,6,521,Yes
C25204,8,595,Yes
C25205,10,674,Yes
C25206,9,646,No
C25207,9,587,No
C25208,10,642,Yes
C25209,8,595,Yes
C25210,10,579,Yes
C25211,6,687,Yes
C25212,7,656,No
C25213,5,685,Yes
C25214,8,670,Yes
C25215,10,675,No
C25216,8,627,Yes
C25217,7,652,No
C25218,9,705,Yes
C25219,9,724,No
C25220,10,679,No
C25221,8,687,Yes
C25222,7,626,No
C25223,10,641,Yes
C25224,9,681,No
C25225,9,698,Yes
C25226,7,676,Yes
C25227,8,671,No
C25228,10,629,No
C25229,7,642,Yes
C25230,8,708,No
C25231,6,506,No
C25232,10,668,Yes
C25233,6,677,No
C25234,6,501,Yes
C25235,5,682,No
C25236,9,660,No
C25237,5,681,Yes
C25238,10,577,No
C25239,10,608,No
C25240,5,648,Yes
C25241,10,674,No
C25242,10,604,Yes
C25243,5,666,No
C25244,9,629,Yes
C25245,7,658,Yes
C25246,8,582,No
C25247,5,698,No
C25248,10,612,Yes
C25249,8,685,Yes
C25250,7,560,No
C25251,10,620,Yes
C25252,9,561,Yes
C25253,7,648,Yes
C25254,9,645,Yes
C25255,5,629,Yes
C25256,9,630,No
C25257,9,661,Yes
C25258,8,694,Yes
C25259,9,606,Yes
C25260,8,762,No
C25261,5,626,Yes
C25262,8,683,No
C25263,5,634,Yes
C25264,7,700,No
C25265,5,691,No
C25266,6,674,Yes
C25267,5,627,No
C25268,5,639,No
C25269,6,619,No
C25270,7,689,No
C25271,7,585,Yes
C25272,10,613,Yes
C25273,9,682,Yes
C25274,9,616,No
C25275,6,692,No
C25276,7,696,Yes
C25277,7,665,Yes
C25278,9,622,Yes
C25279,6,648,No
C25280,9,622,No
C25281,9,595,Yes
C25282,5,629,No
C25283,7,536,Yes
C25284,8,640,Yes
C25285,7,605,Yes
C25286,10,687,No
C25287,9,680,No
C25288,10,648,Yes
C25289,6,556,No
C25290,9,671,No
C25291,6,575,Yes
C25292,7,628,Yes
C25293,5,693,Yes
C25294,5,586,Yes
C25295,10,709,Yes
C25296,6,669,Yes
C25297,6,678,Yes
C25298,9,671,Yes
C25299,7,587,No
C25300,10,614,No
C25301,9,598,Yes
C25302,6,698,Yes
C25303,8,625,Yes
C25304,8,656,No
C25305,6,715,Yes
C25306,10,614,No
C25307,6,629,No
C25308,6,661,No
C25309,10,544,Yes
C25310,7,649,No
C25311,6,724,Yes
C25312,5,612,Yes
C25313,9,588,Yes
C25314,5,685,Yes
C25315,7,569,Yes
C25316,10,622,Yes
C25317,7,687,Yes
C25318,10,669,Yes
C25319,9,635,No
C25320,10,671,Yes
C25321,9,670,Yes
C25322,6,635,No
C25323,6,538,Yes
C25324,6,640,No
C25325,7,572,Yes
C25326,8,724,No
C25327,6,581,Yes
C25328,5,634,No
C25329,6,515,No
C25330,8,608,Yes
C25331,8,691,No
C25332,8,575,Yes
C25333,7,648,Yes
C25334,8,673,Yes
C25335,6,595,Yes
C25336,6,603,Yes
C25337,8,593,Yes
C25338,6,649,No
C25339,6,492,Yes
C25340,9,529,Yes
C25341,7,641,No
C25342,10,674,No
C25343,10,696,Yes
C25344,10,637,Yes
C25345,6,689,Yes
C25346,10,564,Yes
C25347,8,680,No
C25348,8,663,Yes
C25349,5,631,Yes
C25350,6,644,No
C25351,7,650,Yes
C25352,8,633,No
C25353,10,637,Yes
C25354,10,586,No
C25355,8,687,No
C25356,5,643,Yes
C25357,10,675,Yes
C25358,5,484,No
C25359,7,555,No
C25360,9,646,Yes
C25361,5,658,Yes
C25362,9,656,Yes
C25363,9,602,Yes
C25364,5,651,Yes
C25365,5,603,Yes
C25366,9,658,Yes
C25367,7,696,Yes
C25368,9,558,Yes
C25369,8,680,Yes
C25370,6,714,Yes
C25371,8,680,Yes
C25372,9,521,Yes
C25373,5,614,Yes
C25374,10,629,Yes
C25375,7,610,Yes
C25376,8,678,No
C25377,8,694,Yes
C25378,10,687,No
C25379,6,681,Yes
C25380,7,717,No
C25381,6,590,No
C25382,6,636,Yes
C25383,10,607,Yes
C25384,5,622,Yes
C25385,5,727,No
C25386,5,666,No
C25387,8,677,No
C25388,7,676,Yes
C25389,8,665,No
C25390,10,557,No
C25391,10,693,Yes
C25392,6,601,No
C25393,8,629,Yes
C25394,6,692,Yes
C25395,5,588,No
C25396,5,649,Yes
C25397,5,669,Yes
C25398,9,627,Yes
C25399,10,642,Yes
C25400,7,617,Yes
C25401,8,679,Yes
C25402,10,664,Yes
C25403,7,680,Yes
C25404,10,618,No
C25405,8,578,Yes
C25406,7,599,Yes
C25407,5,643,No
C25408,9,699,No
C25409,7,733,Yes
C25410,7,691,Yes
C25411,5,584,Yes
C25412,5,616,No
C25413,6,682,Yes
C25414,8,631,No
C25415,10,651,Yes
C25416,5,688,No
C25417,9,685,No
C25418,7,523,Yes
C25419,7,561,Yes
C25420,8,644,Yes
C25421,6,664,Yes
C25422,10,630,No
C25423,5,667,Yes
C25424,8,687,No
C25425,9,647,Yes
C25426,8,729,Yes
C25427,6,637,Yes
C25428,8,687,No
C25429,6,598,Yes
C25430,7,652,Yes
C25431,10,629,Yes
C25432,9,677,No
C25433,6,661,No
C25434,5,549,No
C25435,6,675,No
C25436,8,471,Yes
C25437,5,629,No
C25438,6,640,No
C25439,8,595,Yes
C25440,5,647,No
C25441,8,602,Yes
C25442,10,620,No
C25443,9,635,Yes
C25444,6,687,Yes
C25445,10,656,Yes
C25446,6,541,Yes
C25447,8,520,Yes
C25448,9,593,No
C25449,5,559,Yes
C25450,7,574,No
C25451,7,675,Yes
C25452,9,578,Yes
C25453,7,551,Yes
C25454,5,636,Yes
C25455,5,638,Yes
C25456,10,685,Yes
C25457,9,648,No
C25458,6,625,No
C25459,9,673,No
C25460,5,667,Yes
C25461,8,680,No
C25462,6,690,Yes
C25463,8,667,Yes
C25464,5,734,No
C25465,10,710,No
C25466,7,656,Yes
C25467,10,643,Yes
C25468,7,684,Yes
C25469,6,700,Yes
C25470,9,662,Yes
C25471,5,636,Yes
C25472,8,661,No
C25473,5,556,Yes
C25474,6,581,Yes
C25475,9,722,No
C25476,7,631,No
C25477,5,725,No
C25478,5,539,Yes
C25479,5,674,No
C25480,6,689,Yes
C25481,10,607,No
C25482,10,671,Yes
C25483,7,660,No
C25484,10,670,No
C25485,9,641,Yes
C25486,6,665,No
C25487,7,657,Yes
C25488,7,616,No
C25489,10,637,No
C25490,10,563,Yes
C25491,5,621,Yes
C25492,5,513,Yes
C25493,7,732,Yes
C25494,10,581,No
C25495,8,632,Yes
C25496,8,699,No
C25497,9,709,No
C25498,6,700,No
C25499,9,542,No
C25500,10,583,No
C25501,6,591,Yes
C25502,8,669,No
C25503,10,634,Yes
C25504,6,590,Yes
C25505,9,713,Yes
C25506,10,681,No
C25507,5,550,No
C25508,5,710,Yes
C25509,8,574,Yes
C25510,5,714,Yes
C25511,9,697,No
C25512,6,629,Yes
C25513,10,655,Yes
C25514,10,695,No
C25515,8,655,Yes
C25516,5,644,No
C25517,7,711,Yes
C25518,10,693,No
C25519,10,647,Yes
C25520,10,671,Yes
C25521,8,541,Yes
C25522,8,588,Yes
C25523,10,622,Yes
C25524,9,677,Yes
C25525,10,663,No
C25526,7,649,No
C25527,9,646,Yes
C25528,10,593,Yes
C25529,10,670,Yes
C25530,8,617,Yes
C25531,7,664,Yes
C25532,6,567,Yes
C25533,9,615,Yes
C25534,10,691,No
C25535,5,653,No
C25536,9,714,Yes
C25537,8,665,No
C25538,6,620,No
C25539,6,605,Yes
C25540,9,602,No
C25541,10,649,No
C25542,9,618,Yes
C25543,10,642,No
C25544,7,630,Yes
C25545,8,612,Yes
C25546,6,650,Yes
C25547,10,638,No
C25548,7,622,Yes
C25549,9,675,No
C25550,6,677,Yes
C25551,10,638,Yes
C25552,6,710,Yes
C25553,10,660,No
C25554,5,634,No
C25555,10,599,Yes
C25556,7,670,Yes
C25557,10,515,Yes
C25558,5,683,No
C25559,8,639,No
C25560,6,628,Yes
C25561,5,684,Yes
C25562,5,576,Yes
C25563,6,587,Yes
C25564,9,456,Yes
C25565,5,622,Yes
C25566,10,628,No
C25567,6,660,No
C25568,10,691,No
C25569,8,698,Yes
C25570,5,619,Yes
C25571,7,640,No
C25572,8,670,Yes
C25573,7,599,Yes
C25574,6,567,Yes
C25575,5,620,Yes
C25576,6,647,No
C25577,8,610,No
C25578,9,613,Yes
C25579,9,699,No
C25580,6,593,No
C25581,10,623,Yes
C25582,9,576,Yes
C25583,6,704,No
C25584,10,576,Yes
C25585,10,595,No
C25586,8,546,No
C25587,5,646,No
C25588,5,632,No
C25589,8,607,No
C25590,9,553,Yes
C25591,7,629,Yes
C25592,5,673,No
C25593,10,588,No
C25594,9,659,Yes
C25595,5,643,Yes
C25596,9,635,Yes
C25597,6,666,Yes
C25598,8,647,Yes
C25599,5,673,Yes
C25600,5,646,No
C25601,5,525,Yes
C25602,6,712,Yes
C25603,6,628,Yes
C25604,6,673,No
C25605,5,711,Yes
C25606,6,576,Yes
C25607,7,683,Yes
C25608,8,662,No
C25609,6,679,Yes
C25610,7,519,Yes
C25611,8,690,Yes
C25612,5,656,No
C25613,6,628,Yes
C25614,10,578,Yes
C25615,10,580,Yes
C25616,10,546,No
C25617,7,642,Yes
C25618,6,647,Yes
C25619,6,679,Yes
C25620,8,612,Yes
C25621,6,626,Yes
C25622,5,568,No
C25623,9,664,Yes
C25624,7,617,Yes
C25625,10,720,No
C25626,7,659,No
C25627,5,651,No
C25628,10,631,Yes
C25629,10,614,Yes
C25630,5,736,No
C25631,8,697,No
C25632,7,658,Yes
C25633,6,628,No
C25634,6,529,No
C25635,8,625,Yes
C25636,5,675,No
C25637,8,677,No
C25638,8,621,No
C25639,6,593,Yes
C25640,8,655,No
C25641,5,645,No
C25642,5,621,Yes
C25643,6,612,No
C25644,9,595,No
C25645,10,594,Yes
C25646,10,691,Yes
C25647,8,623,No
C25648,10,525,Yes
C25649,9,656,Yes
C25650,10,662,Yes
C25651,8,560,Yes
C25652,6,631,No
C25653,6,597,Yes
C25654,10,675,Yes
C25655,6,601,No
C25656,7,668,Yes
C25657,9,586,Yes
C25658,8,592,Yes
C25659,9,644,No
C25660,10,539,No
C25661,6,653,No
C25662,6,611,No
C25663,7,701,No
C25664,6,657,No
C25665,6,609,No
C25666,10,706,No
C25667,5,613,No
C25668,8,624,No
C25669,9,678,No
C25670,7,662,Yes
C25671,8,644,Yes
C25672,6,677,Yes
C25673,10,702,No
C25674,6,640,No
C25675,10,654,Yes
C25676,8,622,Yes
C25677,9,648,No
C25678,5,738,No
C25679,9,562,Yes
C25680,7,492,Yes
C25681,6,640,No
C25682,9,676,No
C25683,5,650,No
C25684,6,550,Yes
C25685,7,690,No
C25686,5,630,No
C25687,6,624,No
C25688,10,684,No
C25689,5,684,No
C25690,10,637,No
C25691,8,661,Yes
C25692,8,677,No
C25693,9,682,Yes
C25694,10,637,Yes
C25695,9,541,Yes
C25696,10,654,No
C25697,7,643,No
C25698,6,562,Yes
C25699,10,658,No
C25700,10,677,Yes
C25701,10,650,Yes
C25702,7,656,Yes
C25703,6,567,Yes
C25704,8,695,Yes
C25705,5,615,No
C25706,9,561,Yes
C25707,7,690,No
C25708,9,635,Yes
C25709,9,608,Yes
C25710,5,619,No
C25711,9,628,Yes
C25712,6,630,Yes
C25713,10,644,Yes
C25714,6,703,No
C25715,9,648,No
C25716,5,580,No
C25717,9,668,Yes
C25718,6,610,Yes
C25719,8,621,Yes
C25720,10,600,No
C25721,6,611,Yes
C25722,8,672,No
C25723,6,646,No
C25724,9,605,No
C25725,9,638,Yes
C25726,10,689,Yes
C25727,7,620,No
C25728,9,704,Yes
C25729,9,646,No
C25730,8,699,No
C25731,5,555,Yes
C25732,5,604,No
C25733,7,698,No
C25734,6,713,No
C25735,6,598,No
C25736,8,708,Yes
C25737,10,625,No
C25738,5,709,No
C25739,5,595,No
C25740,5,677,No
C25741,7,655,No
C25742,7,637,No
C25743,9,643,Yes
C25744,5,567,Yes
C25745,9,692,Yes
C25746,8,604,Yes
C25747,10,655,No
C25748,8,686,No
C25749,6,657,Yes
C25750,6,524,Yes
C25751,7,671,No
C25752,5,580,No
C25753,10,675,Yes
C25754,6,675,Yes
C25755,7,644,Yes
C25756,6,695,Yes
C25757,5,577,Yes
C25758,5,696,Yes
C25759,8,579,No
C25760,10,675,No
C25761,6,649,Yes
C25762,7,601,Yes
C25763,8,511,No
C25764,10,644,No
C25765,9,600,Yes
C25766,6,679,Yes
C25767,9,613,Yes
C25768,5,630,Yes
C25769,6,667,No
C25770,10,679,No
C25771,7,703,No
C25772,6,653,Yes
C25773,6,655,No
C25774,10,495,Yes
C25775,7,610,Yes
C25776,9,672,No
C25777,8,665,Yes
C25778,7,612,No
C25779,5,641,No
C25780,7,679,No
C25781,10,593,Yes
C25782,9,657,Yes
C25783,7,620,Yes
C25784,5,576,Yes
C25785,7,611,Yes
C25786,5,591,Yes
C25787,9,653,No
C25788,5,596,No
C25789,8,662,No
C25790,8,648,No
C25791,8,650,Yes
C25792,10,636,No
C25793,7,665,No
C25794,8,666,No
C25795,9,688,Yes
C25796,10,635,No
C25797,10,688,No
C25798,8,677,No
C25799,10,690,No
C25800,5,606,No
C25801,7,634,Yes
C25802,10,645,Yes
C25803,5,615,Yes
C25804,5,665,No
C25805,8,720,Yes
C25806,6,679,Yes
C25807,7,663,Yes
C25808,6,608,Yes
C25809,7,625,No
C25810,10,669,No
C25811,8,661,Yes
C25812,5,652,No
C25813,5,601,Yes
C25814,10,612,No
C25815,9,650,No
C25816,8,558,Yes
C25817,6,670,Yes
C25818,7,552,No
C25819,8,661,Yes
C25820,10,626,Yes
C25821,5,649,No
C25822,6,682,No
C25823,10,661,Yes
C25824,8,634,Yes
C25825,5,627,No
C25826,5,654,Yes
C25827,6,638,No
C25828,7,717,No
C25829,9,558,No
C25830,6,665,Yes
C25831,6,644,No
C25832,5,674,Yes
C25833,8,687,Yes
C25834,5,635,No
C25835,8,675,Yes
C25836,5,636,Yes
C25837,5,646,Yes
C25838,8,562,Yes
C25839,7,658,Yes
C25840,7,592,No
C25841,7,685,Yes
C25842,5,537,No
C25843,6,662,No
C25844,7,677,No
C25845,6,645,Yes
C25846,6,630,Yes
C25847,9,644,No
C25848,5,673,Yes
C25849,8,648,Yes
C25850,5,617,Yes
C25851,8,532,Yes
C25852,7,585,Yes
C25853,7,692,Yes
C25854,7,558,Yes
C25855,7,629,No
C25856,6,639,No
C25857,8,659,Yes
C25858,8,662,Yes
C25859,9,584,No
C25860,9,671,No
C25861,6,663,No
C25862,10,717,No
C25863,6,675,No
C25864,6,670,No
C25865,9,584,Yes
C25866,10,635,No
C25867,9,694,Yes
C25868,6,631,No
C25869,9,705,No
C25870,7,659,Yes
C25871,8,619,Yes
C25872,8,646,No
C25873,5,634,No
C25874,5,729,No
C25875,8,672,Yes
C25876,10,672,Yes
C25877,7,504,Yes
C25878,5,695,Yes
C25879,6,652,No
C25880,9,611,No
C25881,8,636,No
C25882,9,714,No
C25883,8,689,Yes
C25884,7,653,Yes
C25885,7,635,No
C25886,8,611,No
C25887,8,644,Yes
C25888,5,607,No
C25889,8,653,No
C25890,8,575,Yes
C25891,10,613,Yes
C25892,7,606,Yes
C25893,10,711,Yes
C25894,7,717,No
C25895,7,638,No
C25896,8,691,No
C25897,7,592,Yes
C25898,6,582,Yes
C25899,5,631,Yes
C25900,10,666,No
C25901,8,656,No
C25902,6,658,Yes
C25903,5,632,Yes
C25904,5,686,No
C25905,7,655,No
C25906,10,650,Yes
C25907,5,690,Yes
C25908,9,655,Yes
C25909,7,642,No
C25910,9,691,No
C25911,9,675,Yes
C25912,10,622,Yes
C25913,6,692,No
C25914,6,677,No
C25915,7,628,No
C25916,9,626,Yes
C25917,8,640,Yes
C25918,9,580,No
C25919,10,668,No
C25920,10,562,Yes
C25921,8,664,No
C25922,6,669,Yes
C25923,6,646,No
C25924,8,581,Yes
C25925,9,620,Yes
C25926,10,599,No
C25927,10,656,No
C25928,8,545,Yes
C25929,9,511,Yes
C25930,7,691,Yes
C25931,5,656,No
C25932,10,590,Yes
C25933,8,690,Yes
C25934,9,679,Yes
C25935,7,712,Yes
C25936,8,683,Yes
C25937,9,643,Yes
C25938,10,627,No
C25939,10,648,No
C25940,7,585,Yes
C25941,10,678,Yes
C25942,8,717,No
C25943,10,622,Yes
C25944,10,653,Yes
C25945,9,668,No
C25946,6,635,No
C25947,8,652,Yes
C25948,7,684,No
C25949,6,556,Yes
C25950,10,570,Yes
C25951,9,659,Yes
C25952,7,662,Yes
C25953,9,653,Yes
C25954,7,604,Yes
C25955,6,642,Yes
C25956,6,684,Yes
C25957,8,703,No
C25958,6,722,Yes
C25959,9,670,No
C25960,5,669,Yes
C25961,7,613,No
C25962,6,662,Yes
C25963,7,685,No
C25964,7,716,No
C25965,5,597,Yes
C25966,9,667,No
C25967,7,629,No
C25968,9,579,No
C25969,10,620,Yes
C25970,8,696,No
C25971,5,699,No
C25972,10,589,Yes
C25973,7,564,Yes
C25974,9,684,No
C25975,8,688,Yes
C25976,7,714,No
C25977,7,711,No
C25978,9,623,No
C25979,5,654,No
C25980,7,568,Yes
C25981,7,697,No
C25982,5,567,Yes
C25983,7,662,Yes
C25984,8,642,Yes
C25985,10,607,Yes
C25986,6,592,Yes
C25987,5,712,No
C25988,9,593,Yes
C25989,6,644,No
C25990,7,727,No
C25991,7,673,Yes
C25992,7,473,Yes
C25993,7,582,No
C25994,8,678,Yes
C25995,5,564,Yes
C25996,10,603,Yes
C25997,5,535,Yes
C25998,5,615,Yes
C25999,9,708,No
C26000,8,663,No
C26001,8,697,Yes
C26002,9,595,Yes
C26003,5,615,No
C26004,8,693,No
C26005,7,673,Yes
C26006,5,648,Yes
C26007,9,624,Yes
C26008,6,695,No
C26009,9,591,No
C26010,9,587,Yes
C26011,5,695,Yes
C26012,9,667,No
C26013,10,657,Yes
C26014,8,635,No
C26015,6,651,Yes
C26016,10,646,No
C26017,9,675,Yes
C26018,7,686,No
C26019,9,647,Yes
C26020,5,668,Yes
C26021,6,631,Yes
C26022,8,612,Yes
C26023,7,666,Yes
C26024,7,650,Yes
C26025,10,708,No
C26026,6,666,Yes
C26027,6,541,Yes
C26028,10,659,No
C26029,9,637,No
C26030,8,656,Yes
C26031,10,665,No
C26032,9,662,No
C26033,9,583,Yes
C26034,7,611,Yes
C26035,8,497,Yes
C26036,9,670,No
C26037,10,695,Yes
C26038,8,719,Yes
C26039,9,644,No
C26040,7,663,Yes
C26041,8,669,No
C26042,6,612,No
C26043,10,646,Yes
C26044,5,645,Yes
C26045,10,691,Yes
C26046,7,641,Yes
C26047,9,666,No
C26048,10,614,Yes
C26049,9,621,No
C26050,10,679,No
C26051,7,657,Yes
C26052,6,670,No
C26053,9,562,No
C26054,8,635,No
C26055,9,697,Yes
C26056,10,575,No
C26057,7,613,Yes
C26058,9,654,Yes
C26059,5,695,No
C26060,7,631,No
C26061,5,654,Yes
C26062,9,723,No
C26063,8,587,Yes
C26064,7,565,Yes
C26065,10,685,No
C26066,6,727,Yes
C26067,5,594,Yes
C26068,7,600,No
C26069,9,569,Yes
C26070,8,690,No
C26071,9,661,No
C26072,9,653,Yes
C26073,8,709,Yes
C26074,9,590,No
C26075,9,614,Yes
C26076,6,639,Yes
C26077,7,709,Yes
C26078,7,573,Yes
C26079,7,681,Yes
C26080,6,676,Yes
C26081,7,620,No
C26082,5,657,Yes
C26083,5,512,Yes
C26084,6,679,No
C26085,9,601,No
C26086,10,674,Yes
C26087,10,707,No
C26088,6,602,No
C26089,10,616,No
C26090,10,704,No
C26091,7,670,No
C26092,9,548,Yes
C26093,6,665,Yes
C26094,6,690,Yes
C26095,10,510,Yes
C26096,7,690,No
C26097,6,687,No
C26098,6,623,Yes
C26099,10,723,No
C26100,6,615,Yes
C26101,10,594,No
C26102,8,602,Yes
C26103,5,665,No
C26104,9,647,No
C26105,7,622,No
C26106,6,619,No
C26107,7,548,Yes
C26108,9,671,No
C26109,10,685,No
C26110,9,591,No
C26111,7,627,Yes
C26112,7,667,No
C26113,9,689,No
C26114,8,555,No
C26115,8,647,No
C26116,6,700,Yes
C26117,5,640,No
C26118,6,611,Yes
C26119,10,641,Yes
C26120,6,681,No
C26121,6,569,Yes
C26122,5,602,No
C26123,8,679,Yes
C26124,6,645,No
C26125,10,627,No
C26126,5,632,Yes
C26127,5,687,Yes
C26128,5,683,Yes
C26129,5,645,No
C26130,8,639,No
C26131,6,614,No
C26132,6,619,No
C26133,6,628,Yes
C26134,5,689,No
C26135,8,622,No
C26136,8,619,No
C26137,5,653,No
C26138,5,632,No
C26139,6,605,No
C26140,9,662,Yes
C26141,9,648,No
C26142,7,700,No
C26143,10,684,No
C26144,6,682,No
C26145,8,635,No
C26146,5,593,No
C26147,8,584,No
C26148,5,671,No
C26149,5,628,No
C26150,6,714,Yes
C26151,10,638,Yes
C26152,6,655,No
C26153,9,658,Yes
C26154,9,626,No
C26155,8,611,Yes
C26156,10,556,Yes
C26157,5,654,Yes
C26158,6,651,Yes
C26159,7,674,No
C26160,7,665,No
C26161,8,612,No
C26162,6,723,No
C26163,5,631,Yes
C26164,5,681,Yes
C26165,10,663,Yes
C26166,9,606,Yes
C26167,5,665,No
C26168,8,664,No
C26169,5,545,No
C26170,9,658,Yes
C26171,6,584,Yes
C26172,9,604,Yes
C26173,5,603,No
C26174,6,648,No
C26175,10,672,No
C26176,7,552,Yes
C26177,8,546,Yes
C26178,8,538,Yes
C26179,9,678,Yes
C26180,10,631,No
C26181,8,645,No
C26182,10,513,No
C26183,9,607,Yes
C26184,7,645,No
C26185,6,707,No
C26186,9,658,No
C26187,9,732,Yes
C26188,7,628,Yes
C26189,10,616,Yes
C26190,5,659,Yes
C26191,7,670,No
C26192,6,711,No
C26193,6,640,Yes
C26194,5,660,Yes
C26195,7,682,No
C26196,5,690,No
C26197,5,624,No
C26198,7,678,No
C26199,7,650,Yes
C26200,5,569,Yes
C26201,5,547,No
C26202,7,543,Yes
C26203,5,642,Yes
C26204,5,717,Yes
C26205,10,619,No
C26206,10,691,No
C26207,9,606,No
C26208,6,631,No
C26209,5,662,Yes
C26210,10,681,Yes
C26211,7,649,No
C26212,6,654,Yes
C26213,9,635,Yes
C26214,10,663,No
C26215,9,652,Yes
C26216,7,661,No
C26217,10,709,No
C26218,5,570,Yes
C26219,9,629,Yes
C26220,5,665,No
C26221,9,607,Yes
C26222,6,710,No
C26223,7,640,Yes
C26224,10,643,Yes
C26225,6,643,No
C26226,6,592,Yes
C26227,7,582,No
C26228,8,606,Yes
C26229,7,615,No
C26230,9,645,Yes
C26231,5,602,Yes
C26232,9,658,No
C26233,10,691,Yes
C26234,8,686,No
C26235,7,653,Yes
C26236,8,483,Yes
C26237,5,633,Yes
C26238,7,581,Yes
C26239,8,615,Yes
C26240,7,740,No
C26241,7,633,No
C26242,7,688,Yes
C26243,6,672,No
C26244,8,523,Yes
C26245,8,646,No
C26246,9,675,No
C26247,8,650,No
C26248,7,664,No
C26249,7,684,No
C26250,6,687,No
C26251,9,620,No
C26252,8,723,No
C26253,10,590,No
C26254,10,647,No
C26255,10,695,Yes
C26256,8,656,No
C26257,5,720,No
C26258,9,652,No
C26259,8,591,Yes
C26260,10,643,No
C26261,5,530,Yes
C26262,6,601,Yes
C26263,8,620,Yes
C26264,8,639,Yes
C26265,8,657,No
C26266,6,659,Yes
C26267,5,643,Yes
C26268,10,535,No
C26269,9,629,Yes
C26270,6,579,Yes
C26271,10,681,Yes
C26272,7,621,No
C26273,8,674,No
C26274,6,650,No
C26275,5,617,Yes
C26276,9,667,Yes
C26277,10,604,Yes
C26278,8,515,Yes
C26279,8,683,Yes
C26280,7,607,Yes
C26281,7,681,Yes
C26282,8,674,No
C26283,6,701,Yes
C26284,7,669,Yes
C26285,7,629,Yes
C26286,6,562,Yes
C26287,9,539,No
C26288,9,666,No
C26289,7,646,Yes
C26290,6,709,No
C26291,9,700,Yes
C26292,8,654,Yes
C26293,7,680,Yes
C26294,6,524,Yes
C26295,5,684,No
C26296,10,583,No
C26297,6,596,No
C26298,10,670,No
C26299,6,674,Yes
C26300,10,687,No
C26301,8,589,Yes
C26302,9,589,Yes
C26303,7,700,Yes
C26304,5,647,Yes
C26305,7,623,No
C26306,8,604,Yes
C26307,9,610,Yes
C26308,8,548,Yes
C26309,8,665,No
C26310,5,551,Yes
C26311,9,520,Yes
C26312,10,665,No
C26313,8,552,No
C26314,10,621,Yes
C26315,8,618,Yes
C26316,6,668,Yes
C26317,5,642,No
C26318,7,674,Yes
C26319,7,637,Yes
C26320,6,665,Yes
C26321,8,703,No
C26322,8,683,Yes
C26323,6,671,No
C26324,9,577,Yes
C26325,5,508,Yes
C26326,6,674,No
C26327,7,649,Yes
C26328,9,700,Yes
C26329,5,655,Yes
C26330,7,685,Yes
C26331,6,677,Yes
C26332,5,702,No
C26333,7,597,No
C26334,9,555,Yes
C26335,6,710,No
C26336,9,627,Yes
C26337,5,667,Yes
C26338,7,701,No
C26339,10,720,No
C26340,8,566,No
C26341,10,651,No
C26342,10,577,Yes
C26343,6,627,Yes
C26344,8,666,Yes
C26345,9,673,Yes
C26346,8,592,Yes
C26347,5,693,Yes
C26348,5,601,No
C26349,6,588,No
C26350,8,714,No
C26351,7,682,No
C26352,7,630,Yes
C26353,6,660,Yes
C26354,9,657,No
C26355,10,645,Yes
C26356,10,645,No
C26357,5,594,Yes
C26358,8,671,No
C26359,6,720,No
C26360,6,623,No
C26361,6,733,Yes
C26362,6,615,No
C26363,8,535,Yes
C26364,10,645,Yes
C26365,6,547,Yes
C26366,6,701,No
C26367,5,697,Yes
C26368,9,551,Yes
C26369,8,649,No
C26370,10,644,Yes
C26371,9,608,Yes
C26372,6,602,Yes
C26373,9,580,Yes
C26374,9,622,Yes
C26375,7,589,Yes
C26376,5,680,Yes
C26377,5,577,Yes
C26378,5,551,Yes
C26379,8,622,Yes
C26380,10,664,No
C26381,10,583,Yes
C26382,5,669,No
C26383,10,599,No
C26384,10,671,No
C26385,5,611,Yes
C26386,7,640,Yes
C26387,6,663,No
C26388,6,600,Yes
C26389,8,675,No
C26390,7,702,No
C26391,5,692,No
C26392,9,626,No
C26393,9,590,Yes
C26394,5,542,No
C26395,6,633,No
C26396,6,615,Yes
C26397,10,617,Yes
C26398,5,666,Yes
C26399,8,687,Yes
C26400,7,699,No
C26401,6,674,No
C26402,8,664,No
C26403,5,608,Yes
C26404,10,651,Yes
C26405,10,618,Yes
C26406,8,521,No
C26407,8,711,No
C26408,6,588,No
C26409,6,558,No
C26410,7,700,No
C26411,8,542,Yes
C26412,7,626,No
C26413,6,651,No
C26414,5,673,Yes
C26415,6,616,No
C26416,5,554,Yes
C26417,5,590,No
C26418,8,609,Yes
C26419,7,556,Yes
C26420,6,710,No
C26421,7,563,No
C26422,8,672,No
C26423,10,645,No
C26424,5,655,No
C26425,9,674,No
C26426,8,494,Yes
C26427,7,535,No
C26428,9,644,Yes
C26429,5,508,Yes
C26430,9,623,Yes
C26431,8,516,Yes
C26432,5,687,Yes
C26433,8,586,No
C26434,5,609,Yes
C26435,8,644,No
C26436,10,695,No
C26437,9,638,No
C26438,5,615,No
C26439,8,701,Yes
C26440,9,579,Yes
C26441,5,632,Yes
C26442,10,668,Yes
C26443,9,633,No
C26444,5,537,Yes
C26445,8,565,No
C26446,8,548,Yes
C26447,10,553,Yes
C26448,9,664,Yes
C26449,6,608,No
C26450,5,571,Yes
C26451,7,669,Yes
C26452,5,685,Yes
C26453,8,635,No
C26454,7,669,Yes
C26455,9,710,No
C26456,7,696,No
C26457,8,635,No
C26458,8,589,Yes
C26459,6,603,Yes
C26460,10,701,No
C26461,7,637,No
C26462,6,629,Yes
C26463,6,549,Yes
C26464,8,582,Yes
C26465,5,625,Yes
C26466,7,601,No
C26467,10,563,Yes
C26468,8,695,Yes
C26469,7,628,Yes
C26470,10,542,No
C26471,8,713,Yes
C26472,9,615,Yes
C26473,5,636,No
C26474,8,626,Yes
C26475,6,606,Yes
C26476,8,617,Yes
C26477,10,578,Yes
C26478,6,686,Yes
C26479,7,687,No
C26480,6,655,No
C26481,6,543,Yes
C26482,9,639,Yes
C26483,6,677,No
C26484,10,676,No
C26485,8,599,No
C26486,9,582,No
C26487,8,699,Yes
C26488,8,692,No
C26489,7,588,No
C26490,9,681,Yes
C26491,9,723,No
C26492,8,613,Yes
C26493,10,586,Yes
C26494,8,627,Yes
C26495,6,646,Yes
C26496,7,559,Yes
C26497,6,674,Yes
C26498,5,588,Yes
C26499,7,656,Yes
C26500,9,603,Yes
C26501,9,666,No
C26502,6,691,No
C26503,6,667,Yes
C26504,10,669,No
C26505,7,659,Yes
C26506,8,597,Yes
C26507,8,690,No
C26508,10,636,No
C26509,10,597,No
C26510,9,525,Yes
C26511,7,622,No
C26512,9,587,Yes
C26513,7,602,Yes
C26514,9,665,No
C26515,8,675,No
C26516,8,604,Yes
C26517,5,620,Yes
C26518,8,608,No
C26519,6,581,Yes
C26520,10,682,No
C26521,10,619,No
C26522,9,637,No
C26523,6,649,No
C26524,5,688,Yes
C26525,10,664,Yes
C26526,7,681,Yes
C26527,8,555,No
C26528,7,620,Yes
C26529,10,615,No
C26530,5,678,No
C26531,6,601,Yes
C26532,8,511,Yes
C26533,7,690,No
C26534,6,638,No
C26535,9,611,Yes
C26536,5,694,No
C26537,10,709,No
C26538,7,587,Yes
C26539,10,652,No
C26540,9,637,Yes
C26541,7,593,Yes
C26542,9,651,Yes
C26543,10,588,Yes
C26544,10,572,No
C26545,10,581,Yes
C26546,6,636,Yes
C26547,9,624,Yes
C26548,7,687,No
C26549,5,599,Yes
C26550,9,666,Yes
C26551,10,627,No
C26552,10,614,No
C26553,6,659,Yes
C26554,5,626,No
C26555,9,503,Yes
C26556,6,663,No
C26557,5,537,Yes
C26558,9,696,Yes
C26559,5,689,No
C26560,6,663,Yes
C26561,6,689,No
C26562,10,666,No
C26563,8,583,No
C26564,6,627,Yes
C26565,6,505,Yes
C26566,8,685,No
C26567,8,659,Yes
C26568,8,626,Yes
C26569,8,591,Yes
C26570,6,680,Yes
C26571,10,604,No
C26572,9,671,Yes
C26573,8,580,No
C26574,7,527,Yes
C26575,6,646,No
C26576,7,719,No
C26577,6,668,No
C26578,7,665,Yes
C26579,9,657,Yes
C26580,9,656,No
C26581,5,615,No
C26582,7,647,Yes
C26583,7,541,Yes
C26584,6,605,Yes
C26585,10,643,Yes
C26586,9,692,Yes
C26587,10,632,Yes
C26588,9,636,No
C26589,7,636,No
C26590,5,689,No
C26591,7,680,No
C26592,5,638,Yes
C26593,9,563,No
C26594,7,635,No
C26595,5,688,No
C26596,5,640,Yes
C26597,6,669,No
C26598,10,583,Yes
C26599,8,621,Yes
C26600,10,642,Yes
C26601,9,676,Yes
C26602,10,658,Yes
C26603,9,648,No
C26604,10,671,Yes
C26605,8,649,Yes
C26606,7,708,Yes
C26607,5,676,No
C26608,10,655,Yes
C26609,10,665,Yes
C26610,7,620,Yes
C26611,8,663,No
C26612,5,621,No
C26613,7,602,Yes
C26614,9,603,No
C26615,10,667,Yes
C26616,6,546,Yes
C26617,5,702,No
C26618,6,626,No
C26619,8,635,Yes
C26620,6,664,No
C26621,5,611,No
C26622,8,604,Yes
C26623,9,673,Yes
C26624,10,623,Yes
C26625,10,708,No
C26626,5,547,Yes
C26627,9,642,Yes
C26628,10,681,No
C26629,7,692,No
C26630,7,692,No
C26631,6,618,Yes
C26632,5,698,No
C26633,8,660,Yes
C26634,5,648,Yes
C26635,7,655,No
C26636,7,688,No
C26637,5,691,Yes
C26638,7,733,No
C26639,8,715,No
C26640,9,691,No
C26641,5,609,No
C26642,9,700,No
C26643,6,561,Yes
C26644,8,559,Yes
C26645,8,719,Yes
C26646,8,598,Yes
C26647,6,592,Yes
C26648,5,645,Yes
C26649,6,641,No
C26650,9,630,Yes
C26651,9,597,No
C26652,7,649,Yes
C26653,8,670,No
C26654,5,653,Yes
C26655,8,661,No
C26656,9,669,No
C26657,9,660,Yes
C26658,7,645,Yes
C26659,10,678,No
C26660,7,617,Yes
C26661,8,686,Yes
C26662,6,573,No
C26663,10,583,Yes
C26664,6,630,No
C26665,5,639,Yes
C26666,9,625,Yes
C26667,9,642,Yes
C26668,5,543,No
C26669,8,616,No
C26670,5,673,Yes
C26671,6,611,No
C26672,7,696,Yes
C26673,9,647,No
C26674,10,653,No
C26675,9,565,Yes
C26676,8,601,Yes
C26677,5,654,No
C26678,8,681,Yes
C26679,10,537,No
C26680,6,546,Yes
C26681,7,576,Yes
C26682,10,691,Yes
C26683,7,599,Yes
C26684,8,580,Yes
C26685,10,598,No
C26686,9,645,No
C26687,7,679,Yes
C26688,10,545,Yes
C26689,10,607,Yes
C26690,8,696,No
C26691,8,647,No
C26692,8,641,Yes
C26693,6,647,Yes
C26694,6,682,Yes
C26695,10,634,Yes
C26696,6,591,Yes
C26697,6,652,No
C26698,7,594,Yes
C26699,7,544,Yes
C26700,9,678,No
C26701,10,648,Yes
C26702,6,718,No
C26703,6,551,No
C26704,6,576,Yes
C26705,9,629,Yes
C26706,10,713,No
C26707,9,675,No
C26708,6,547,No
C26709,7,624,Yes
C26710,10,658,Yes
C26711,6,604,No
C26712,6,655,No
C26713,9,693,No
C26714,5,648,Yes
C26715,10,688,No
C26716,10,637,No
C26717,5,650,No
C26718,5,634,No
C26719,9,668,Yes
C26720,6,682,No
C26721,10,597,Yes
C26722,7,653,Yes
C26723,10,704,No
C26724,6,603,No
C26725,7,644,Yes
C26726,10,607,No
C26727,10,666,No
C26728,9,706,No
C26729,10,690,No
C26730,7,690,No
C26731,9,624,No
C26732,6,671,No
C26733,5,521,No
C26734,5,593,Yes
C26735,9,662,No
C26736,6,643,No
C26737,5,579,No
C26738,6,667,No
C26739,10,637,No
C26740,6,667,No
C26741,9,570,Yes
C26742,6,586,Yes
C26743,6,651,Yes
C26744,6,600,No
C26745,6,660,No
C26746,7,684,No
C26747,10,654,No
C26748,7,631,No
C26749,10,662,No
C26750,10,617,No
C26751,6,687,Yes
C26752,8,671,No
C26753,6,645,Yes
C26754,10,691,No
C26755,8,684,No
C26756,7,676,No
C26757,5,714,No
C26758,6,687,No
C26759,8,556,No
C26760,10,595,Yes
C26761,10,669,No
C26762,9,600,No
C26763,8,732,Yes
C26764,10,633,Yes
C26765,10,627,No
C26766,9,566,No
C26767,6,569,No
C26768,8,659,Yes
C26769,7,664,No
C26770,5,669,No
C26771,10,537,No
C26772,6,657,No
C26773,10,607,No
C26774,5,667,Yes
C26775,6,598,No
C26776,10,688,No
C26777,5,700,No
C26778,6,574,Yes
C26779,10,600,Yes
C26780,10,649,No
C26781,7,592,No
C26782,5,660,No
C26783,10,663,Yes
C26784,8,670,No
C26785,8,662,No
C26786,5,511,No
C26787,7,665,Yes
C26788,9,577,Yes
C26789,8,606,No
C26790,8,588,No
C26791,8,580,No
C26792,9,684,No
C26793,5,644,No
C26794,6,630,Yes
C26795,8,682,Yes
C26796,6,665,No
C26797,9,572,No
C26798,7,587,Yes
C26799,8,593,Yes
C26800,10,634,Yes
C26801,5,724,No
C26802,5,612,No
C26803,10,635,Yes
C26804,8,593,No
C26805,5,682,Yes
C26806,5,647,Yes
C26807,10,635,No
C26808,8,562,Yes
C26809,10,620,Yes
C26810,8,715,No
C26811,10,596,Yes
C26812,6,620,No
C26813,9,688,No
C26814,9,690,Yes
C26815,6,621,No
C26816,5,741,No
C26817,7,606,Yes
C26818,7,583,No
C26819,5,737,Yes
C26820,8,643,Yes
C26821,6,712,No
C26822,8,656,No
C26823,8,634,Yes
C26824,7,625,Yes
C26825,6,674,No
C26826,10,635,Yes
C26827,6,526,No
C26828,9,679,No
C26829,6,663,Yes
C26830,5,662,No
C26831,10,662,No
C26832,5,675,No
C26833,8,674,No
C26834,9,724,No
C26835,9,617,Yes
C26836,10,610,No
C26837,7,677,No
C26838,8,574,Yes
C26839,6,588,Yes
C26840,5,674,No
C26841,10,643,Yes
C26842,9,572,Yes
C26843,6,699,Yes
C26844,6,568,Yes
C26845,7,638,Yes
C26846,10,690,Yes
C26847,5,689,Yes
C26848,5,601,No
C26849,8,692,No
C26850,7,672,Yes
C26851,6,659,Yes
C26852,9,647,No
C26853,7,733,Yes
C26854,7,553,Yes
C26855,8,639,No
C26856,5,533,No
C26857,9,694,Yes
C26858,9,643,Yes
C26859,7,686,Yes
C26860,8,635,Yes
C26861,10,686,Yes
C26862,10,624,Yes
C26863,8,580,Yes
C26864,10,659,No
C26865,6,631,Yes
C26866,5,684,No
C26867,9,623,Yes
C26868,6,654,Yes
C26869,7,624,Yes
C26870,8,693,No
C26871,6,647,No
C26872,9,702,Yes
C26873,9,690,No
C26874,8,648,Yes
C26875,7,654,Yes
C26876,10,577,Yes
C26877,6,696,Yes
C26878,7,547,Yes
C26879,6,688,Yes
C26880,10,513,No
C26881,9,670,No
C26882,10,632,Yes
C26883,5,558,No
C26884,7,685,Yes
C26885,9,642,No
C26886,10,596,No
C26887,8,556,Yes
C26888,5,644,No
C26889,8,622,Yes
C26890,7,606,No
C26891,7,560,Yes
C26892,8,708,Yes
C26893,6,694,No
C26894,5,585,Yes
C26895,8,644,Yes
C26896,9,622,Yes
C26897,7,642,Yes
C26898,9,606,No
C26899,6,653,Yes
C26900,5,625,Yes
C26901,6,654,Yes
C26902,9,546,Yes
C26903,7,617,Yes
C26904,10,656,Yes
C26905,9,632,Yes
C26906,6,633,Yes
C26907,9,646,No
C26908,7,590,No
C26909,6,552,No
C26910,8,673,No
C26911,9,652,Yes
C26912,7,636,No
C26913,7,663,No
C26914,8,602,Yes
C26915,7,532,No
C26916,8,696,Yes
C26917,5,657,Yes
C26918,7,590,Yes
C26919,5,526,Yes
C26920,10,715,No
C26921,7,676,Yes
C26922,10,690,No
C26923,10,742,No
C26924,5,651,Yes
C26925,10,610,Yes
C26926,7,664,No
C26927,6,622,No
C26928,5,560,Yes
C26929,9,689,Yes
C26930,8,710,No
C26931,8,646,No
C26932,9,642,Yes
C26933,7,624,No
C26934,8,668,No
C26935,5,627,Yes
C26936,9,511,No
C26937,7,593,No
C26938,8,627,No
C26939,8,604,Yes
C26940,9,635,Yes
C26941,9,669,No
C26942,8,650,Yes
C26943,6,533,Yes
C26944,7,665,No
C26945,9,538,Yes
C26946,5,578,Yes
C26947,7,673,No
C26948,6,613,Yes
C26949,10,605,Yes
C26950,6,727,No
C26951,5,651,Yes
C26952,8,699,Yes
C26953,9,684,Yes
C26954,9,620,Yes
C26955,10,591,Yes
C26956,6,565,No
C26957,9,648,Yes
C26958,6,516,No
C26959,6,632,Yes
C26960,6,686,Yes
C26961,9,683,Yes
C26962,6,676,Yes
C26963,10,537,Yes
C26964,9,726,Yes
C26965,7,662,Yes
C26966,9,641,No
C26967,8,680,No
C26968,10,667,No
C26969,7,693,No
C26970,5,620,No
C26971,10,607,No
C26972,8,638,Yes
C26973,8,622,No
C26974,9,627,Yes
C26975,6,676,Yes
C26976,8,671,No
C26977,9,672,No
C26978,6,665,Yes
C26979,7,702,No
C26980,6,702,No
C26981,10,649,No
C26982,9,669,No
C26983,9,661,Yes
C26984,7,682,Yes
C26985,5,704,Yes
C26986,5,613,Yes
C26987,7,692,Yes
C26988,5,658,No
C26989,7,698,No
C26990,10,564,Yes
C26991,8,499,Yes
C26992,8,670,No
C26993,10,627,No
C26994,8,594,Yes
C26995,9,634,Yes
C26996,9,622,Yes
C26997,5,607,Yes
C26998,6,666,No
C26999,5,728,No
C27000,10,702,Yes
C27001,6,623,Yes
C27002,9,659,No
C27003,9,542,Yes
C27004,5,514,Yes
C27005,6,613,No
C27006,9,549,No
C27007,9,628,No
C27008,9,681,Yes
C27009,6,648,Yes
C27010,6,607,Yes
C27011,9,642,No
C27012,6,726,No
C27013,8,669,No
C27014,8,500,Yes
C27015,5,711,Yes
C27016,6,687,Yes
C27017,8,604,No
C27018,10,703,No
C27019,10,472,Yes
C27020,7,620,No
C27021,6,526,Yes
C27022,10,691,No
C27023,9,665,No
C27024,6,683,No
C27025,7,635,Yes
C27026,5,613,Yes
C27027,5,697,No
C27028,6,663,Yes
C27029,5,674,No
C27030,8,562,Yes
C27031,9,644,Yes
C27032,9,650,Yes
C27033,6,595,No
C27034,6,623,Yes
C27035,7,668,Yes
C27036,5,640,No
C27037,10,621,No
C27038,7,668,Yes
C27039,9,610,No
C27040,6,670,No
C27041,9,694,No
C27042,9,698,Yes
C27043,5,676,Yes
C27044,8,682,Yes
C27045,6,610,Yes
C27046,9,584,Yes
C27047,10,532,Yes
C27048,10,682,No
C27049,5,692,No
C27050,8,667,Yes
C27051,8,679,Yes
C27052,5,514,Yes
C27053,6,616,No
C27054,6,634,Yes
C27055,9,627,No
C27056,5,556,No
C27057,6,526,Yes
C27058,10,708,No
C27059,6,618,Yes
C27060,7,646,Yes
C27061,10,717,No
C27062,8,598,No
C27063,6,636,Yes
C27064,6,639,Yes
C27065,8,513,Yes
C27066,8,646,No
C27067,6,570,No
C27068,6,658,Yes
C27069,5,644,Yes
C27070,7,662,Yes
C27071,10,621,Yes
C27072,9,586,No
C27073,10,697,No
C27074,5,663,No
C27075,9,652,No
C27076,8,662,No
C27077,5,685,Yes
C27078,7,568,No
C27079,8,656,Yes
C27080,6,528,Yes
C27081,6,590,No
C27082,9,560,No
C27083,7,637,Yes
C27084,7,685,Yes
C27085,8,679,Yes
C27086,5,689,No
C27087,9,675,No
C27088,8,731,No
C27089,6,653,No
C27090,9,643,No
C27091,5,692,No
C27092,7,619,Yes
C27093,6,661,No
C27094,8,562,No
C27095,6,649,Yes
C27096,7,587,Yes
C27097,10,640,No
C27098,5,639,No
C27099,6,704,No
C27100,9,723,No
C27101,9,695,Yes
C27102,6,685,Yes
C27103,9,651,Yes
C27104,9,657,Yes
C27105,10,707,Yes
C27106,6,679,No
C27107,5,609,No
C27108,7,652,No
C27109,9,557,Yes
C27110,7,607,Yes
C27111,5,645,No
C27112,5,654,Yes
C27113,9,701,Yes
C27114,8,684,No
C27115,8,648,No
C27116,6,624,No
C27117,7,709,Yes
C27118,6,669,Yes
C27119,10,639,Yes
C27120,6,610,Yes
C27121,7,623,No
C27122,5,691,No
C27123,7,543,No
C27124,7,604,Yes
C27125,6,630,Yes
C27126,10,687,No
C27127,5,614,No
C27128,9,591,Yes
C27129,6,624,No
C27130,9,683,Yes
C27131,5,640,No
C27132,5,617,Yes
C27133,6,563,Yes
C27134,7,590,Yes
C27135,10,677,Yes
C27136,7,685,No
C27137,5,684,No
C27138,9,705,No
C27139,9,646,No
C27140,8,693,No
C27141,10,543,Yes
C27142,7,642,No
C27143,7,650,Yes
C27144,10,687,No
C27145,5,672,Yes
C27146,7,619,Yes
C27147,10,693,Yes
C27148,5,579,No
C27149,7,656,Yes
C27150,7,690,Yes
C27151,9,667,Yes
C27152,6,651,No
C27153,8,643,No
C27154,8,647,Yes
C27155,5,583,No
C27156,6,698,No
C27157,10,600,No
C27158,10,680,No
C27159,9,678,No
C27160,8,660,No
C27161,5,699,No
C27162,7,670,No
C27163,7,702,Yes
C27164,9,496,Yes
C27165,9,715,No
C27166,6,544,Yes
C27167,8,669,Yes
C27168,10,657,Yes
C27169,10,550,No
C27170,5,542,No
C27171,5,611,Yes
C27172,10,629,Yes
C27173,8,711,No
C27174,5,629,Yes
C27175,8,688,No
C27176,6,583,Yes
C27177,9,680,Yes
C27178,7,694,Yes
C27179,7,692,No
C27180,5,683,No
C27181,10,667,No
C27182,10,650,Yes
C27183,8,640,No
C27184,7,712,No
C27185,7,564,Yes
C27186,10,704,No
C27187,9,639,Yes
C27188,9,625,Yes
C27189,5,586,Yes
C27190,10,573,Yes
C27191,7,641,No
C27192,6,689,No
C27193,5,618,No
C27194,9,660,No
C27195,8,511,Yes
C27196,8,567,Yes
C27197,5,672,Yes
C27198,5,612,No
C27199,10,675,No
C27200,6,599,Yes
C27201,10,700,Yes
C27202,5,640,No
C27203,6,630,Yes
C27204,7,509,Yes
C27205,10,669,Yes
C27206,5,676,No
C27207,5,602,Yes
C27208,8,701,Yes
C27209,7,667,No
C27210,7,627,No
C27211,7,609,No
C27212,6,580,No
C27213,5,616,No
C27214,9,687,Yes
C27215,9,611,Yes
C27216,8,661,Yes
C27217,7,605,Yes
C27218,7,669,No
C27219,10,625,Yes
C27220,8,690,No
C27221,7,598,No
C27222,8,615,No
C27223,8,612,No
C27224,6,547,No
C27225,6,671,No
C27226,8,717,Yes
C27227,8,655,No
C27228,7,518,No
C27229,7,630,Yes
C27230,5,601,No
C27231,7,655,No
C27232,6,647,Yes
C27233,10,554,No
C27234,7,647,No
C27235,8,516,Yes
C27236,6,632,Yes
C27237,8,655,No
C27238,7,693,No
C27239,6,591,Yes
C27240,8,512,Yes
C27241,9,668,No
C27242,8,603,Yes
C27243,8,602,No
C27244,9,671,Yes
C27245,6,702,Yes
C27246,6,676,Yes
C27247,9,670,Yes
C27248,10,683,Yes
C27249,7,643,Yes
C27250,5,712,Yes
C27251,9,680,Yes
C27252,6,693,No
C27253,8,711,No
C27254,7,572,No
C27255,9,679,Yes
C27256,5,637,Yes
C27257,10,671,No
C27258,8,624,Yes
C27259,10,638,No
C27260,7,649,No
C27261,6,646,Yes
C27262,7,693,No
C27263,7,686,Yes
C27264,8,631,Yes
C27265,10,632,No
C27266,7,678,No
C27267,7,654,No
C27268,10,652,No
C27269,5,701,No
C27270,7,630,Yes
C27271,8,599,No
C27272,6,664,No
C27273,5,662,Yes
C27274,6,609,No
C27275,7,610,No
C27276,5,659,Yes
C27277,9,662,No
C27278,7,634,No
C27279,7,718,Yes
C27280,10,568,Yes
C27281,5,643,No
C27282,7,713,No
C27283,10,655,No
C27284,6,654,No
C27285,5,548,Yes
C27286,7,634,No
C27287,6,675,No
C27288,8,630,Yes
C27289,10,732,Yes
C27290,7,659,No
C27291,8,500,Yes
C27292,9,656,No
C27293,6,658,Yes
C27294,10,573,Yes
C27295,10,563,Yes
C27296,9,635,Yes
C27297,8,650,Yes
C27298,8,673,Yes
C27299,9,584,Yes
C27300,10,676,No
C27301,7,679,Yes
C27302,9,601,Yes
C27303,5,600,No
C27304,8,733,No
C27305,9,577,Yes
C27306,6,646,Yes
C27307,5,634,Yes
C27308,7,623,No
C27309,9,669,No
C27310,5,618,Yes
C27311,8,683,Yes
C27312,7,562,Yes
C27313,8,580,Yes
C27314,6,712,Yes
C27315,9,655,No
C27316,10,613,Yes
C27317,7,618,No
C27318,5,707,No
C27319,5,580,No
C27320,8,733,No
C27321,10,651,Yes
C27322,6,572,No
C27323,9,695,No
C27324,5,677,Yes
C27325,5,595,Yes
C27326,10,646,Yes
C27327,7,645,Yes
C27328,5,715,No
C27329,6,655,Yes
C27330,7,665,No
C27331,9,638,Yes
C27332,6,612,No
C27333,8,709,Yes
C27334,8,607,No
C27335,5,649,No
C27336,5,660,Yes
C27337,8,654,Yes
C27338,10,693,No
C27339,7,608,Yes
C27340,6,572,Yes
C27341,9,617,Yes
C27342,9,635,No
C27343,9,666,Yes
C27344,7,669,Yes
C27345,9,728,Yes
C27346,9,688,Yes
C27347,6,632,Yes
C27348,10,616,Yes
C27349,8,679,Yes
C27350,8,555,No
C27351,6,654,Yes
C27352,8,717,Yes
C27353,10,686,Yes
C27354,7,745,No
C27355,8,598,No
C27356,6,631,No
C27357,8,561,Yes
C27358,6,639,No
C27359,6,586,Yes
C27360,7,598,Yes
C27361,9,650,No
C27362,9,627,Yes
C27363,10,636,No
C27364,10,563,Yes
C27365,5,672,Yes
C27366,8,654,No
C27367,8,674,No
C27368,9,578,No
C27369,8,656,No
C27370,7,676,Yes
C27371,8,668,Yes
C27372,5,649,Yes
C27373,7,706,Yes
C27374,6,663,Yes
C27375,6,658,No
C27376,7,570,Yes
C27377,9,693,No
C27378,6,678,No
C27379,6,666,No
C27380,7,711,Yes
C27381,8,693,No
C27382,6,693,No
C27383,10,694,No
C27384,8,663,Yes
C27385,10,640,Yes
C27386,9,628,No
C27387,7,623,Yes
C27388,6,639,Yes
C27389,6,598,No
C27390,9,658,No
C27391,7,605,Yes
C27392,7,626,No
C27393,9,680,No
C27394,5,699,No
C27395,10,610,Yes
C27396,7,589,No
C27397,9,603,Yes
C27398,6,708,No
C27399,6,659,Yes
C27400,5,605,No
C27401,9,665,Yes
C27402,8,702,No
C27403,8,546,Yes
C27404,7,590,Yes
C27405,9,585,Yes
C27406,6,665,Yes
C27407,6,695,No
C27408,5,658,Yes
C27409,5,654,No
C27410,6,578,Yes
C27411,7,633,Yes
C27412,7,689,No
C27413,6,602,Yes
C27414,10,672,No
C27415,6,508,Yes
C27416,6,614,Yes
C27417,7,523,Yes
C27418,9,648,No
C27419,6,613,Yes
C27420,7,680,No
C27421,9,597,Yes
C27422,6,629,Yes
C27423,6,647,No
C27424,6,600,Yes
C27425,6,702,Yes
C27426,8,695,No
C27427,9,607,No
C27428,5,630,No
C27429,5,667,No
C27430,9,698,Yes
C27431,8,660,No
C27432,7,515,No
C27433,9,667,No
C27434,5,519,Yes
C27435,6,655,No
C27436,8,519,No
C27437,6,576,Yes
C27438,8,673,No
C27439,10,653,No
C27440,10,698,Yes
C27441,10,675,No
C27442,5,661,Yes
C27443,5,700,No
C27444,8,690,No
C27445,6,667,Yes
C27446,6,599,Yes
C27447,10,683,Yes
C27448,5,604,Yes
C27449,6,613,Yes
C27450,8,554,Yes
C27451,10,569,No
C27452,9,628,No
C27453,9,620,Yes
C27454,7,675,Yes
C27455,9,674,Yes
C27456,6,612,Yes
C27457,9,626,No
C27458,6,662,No
C27459,5,649,No
C27460,5,660,No
C27461,8,654,No
C27462,10,666,No
C27463,5,634,Yes
C27464,10,642,No
C27465,5,693,No
C27466,10,640,Yes
C27467,7,699,No
C27468,6,540,Yes
C27469,8,605,Yes
C27470,10,704,No
C27471,5,589,Yes
C27472,10,595,No
C27473,9,595,No
C27474,8,656,Yes
C27475,7,670,No
C27476,7,579,No
C27477,9,558,No
C27478,8,668,No
C27479,8,653,Yes
C27480,7,622,Yes
C27481,7,707,No
C27482,9,636,No
C27483,7,574,Yes
C27484,9,564,Yes
C27485,6,668,No
C27486,9,629,No
C27487,6,599,Yes
C27488,7,644,No
C27489,8,694,Yes
C27490,6,730,Yes
C27491,6,683,No
C27492,10,665,Yes
C27493,7,564,Yes
C27494,9,477,Yes
C27495,9,637,Yes
C27496,10,593,No
C27497,8,649,No
C27498,10,654,Yes
C27499,5,627,Yes
C27500,5,660,Yes
C27501,8,691,No
C27502,6,535,Yes
C27503,7,636,Yes
C27504,6,553,No
C27505,7,677,No
C27506,8,667,Yes
C27507,9,604,No
C27508,8,670,No
C27509,7,601,Yes
C27510,5,568,Yes
C27511,6,637,Yes
C27512,8,622,Yes
C27513,5,653,Yes
C27514,8,675,Yes
C27515,9,708,No
C27516,5,715,No
C27517,8,597,Yes
C27518,9,661,No
C27519,7,633,No
C27520,8,707,Yes
C27521,8,669,No
C27522,5,652,Yes
C27523,8,650,Yes
C27524,5,611,No
C27525,6,634,No
C27526,10,470,No
C27527,5,634,Yes
C27528,6,677,No
C27529,9,686,Yes
C27530,8,669,Yes
C27531,5,641,Yes
C27532,7,665,Yes
C27533,8,720,No
C27534,5,584,No
C27535,5,607,Yes
C27536,5,582,Yes
C27537,5,647,No
C27538,7,693,No
C27539,10,638,Yes
C27540,10,667,No
C27541,9,628,No
C27542,7,609,Yes
C27543,10,647,No
C27544,7,652,Yes
C27545,10,684,Yes
C27546,10,591,Yes
C27547,7,695,No
C27548,5,700,No
C27549,5,626,No
C27550,7,645,No
C27551,9,714,Yes
C27552,6,630,No
C27553,5,549,Yes
C27554,9,633,Yes
C27555,5,600,No
C27556,8,553,No
C27557,10,619,No
C27558,8,677,No
C27559,5,681,No
C27560,6,639,Yes
C27561,9,706,No
C27562,5,619,No
C27563,9,596,Yes
C27564,7,669,Yes
C27565,10,638,No
C27566,5,610,No
C27567,7,664,No
C27568,6,661,No
C27569,5,686,No
C27570,9,605,No
C27571,7,582,Yes
C27572,7,566,Yes
C27573,7,629,Yes
C27574,9,689,Yes
C27575,9,625,Yes
C27576,8,658,No
C27577,9,648,Yes
C27578,5,704,Yes
C27579,10,649,No
C27580,5,671,No
C27581,6,607,No
C27582,9,556,No
C27583,8,631,Yes
C27584,9,696,No
C27585,8,585,Yes
C27586,5,743,No
C27587,9,719,Yes
C27588,9,607,Yes
C27589,6,590,Yes
C27590,6,619,Yes
C27591,5,709,No
C27592,7,684,No
C27593,6,700,No
C27594,9,623,Yes
C27595,9,649,Yes
C27596,5,679,Yes
C27597,7,689,No
C27598,10,597,Yes
C27599,6,587,Yes
C27600,6,672,No
C27601,6,600,Yes
C27602,5,680,No
C27603,6,673,Yes
C27604,6,590,Yes
C27605,9,629,Yes
C27606,7,631,Yes
C27607,9,600,Yes
C27608,9,575,Yes
C27609,10,642,Yes
C27610,5,622,Yes
C27611,8,627,Yes
C27612,7,588,No
C27613,7,647,No
C27614,8,684,Yes
C27615,8,709,Yes
C27616,9,638,Yes
C27617,10,611,No
C27618,9,586,No
C27619,8,687,Yes
C27620,8,632,Yes
C27621,7,589,Yes
C27622,7,652,No
C27623,9,657,No
C27624,10,653,No
C27625,5,683,No
C27626,5,515,No
C27627,8,669,Yes
C27628,9,626,Yes
C27629,10,607,Yes
C27630,5,649,Yes
C27631,8,569,Yes
C27632,6,680,No
C27633,7,595,Yes
C27634,8,635,Yes
C27635,7,619,No
C27636,5,642,Yes
C27637,6,599,No
C27638,9,646,No
C27639,6,683,No
C27640,10,672,Yes
C27641,8,681,Yes
C27642,10,627,No
C27643,9,722,Yes
C27644,6,678,Yes
C27645,9,569,Yes
C27646,8,638,Yes
C27647,6,687,No
C27648,8,643,No
C27649,7,679,No
C27650,9,660,Yes
C27651,6,480,Yes
C27652,8,642,No
C27653,7,589,No
C27654,5,695,No
C27655,8,554,Yes
C27656,7,655,No
C27657,6,577,Yes
C27658,10,557,Yes
C27659,5,687,Yes
C27660,8,626,No
C27661,8,484,Yes
C27662,8,675,No
C27663,7,659,Yes
C27664,6,647,No
C27665,7,632,Yes
C27666,6,566,No
C27667,5,561,Yes
C27668,6,588,Yes
C27669,10,695,No
C27670,5,581,Yes
C27671,8,623,No
C27672,8,673,Yes
C27673,8,675,Yes
C27674,9,635,Yes
C27675,10,602,Yes
C27676,7,700,No
C27677,6,672,No
C27678,9,648,No
C27679,8,673,Yes
C27680,10,608,No
C27681,10,684,Yes
C27682,10,587,Yes
C27683,9,546,Yes
C27684,9,651,No
C27685,8,679,No
C27686,10,710,Yes
C27687,10,673,Yes
C27688,7,643,Yes
C27689,9,656,Yes
C27690,8,605,No
C27691,7,715,No
C27692,9,635,No
C27693,8,558,Yes
C27694,9,637,No
C27695,8,613,Yes
C27696,5,650,No
C27697,7,535,Yes
C27698,7,508,Yes
C27699,5,673,No
C27700,8,691,No
C27701,6,553,Yes
C27702,5,691,No
C27703,8,558,No
C27704,7,640,Yes
C27705,5,633,No
C27706,5,622,Yes
C27707,10,590,Yes
C27708,10,681,No
C27709,10,567,Yes
C27710,6,666,No
C27711,5,578,No
C27712,8,635,No
C27713,8,573,No
C27714,8,560,Yes
C27715,10,670,No
C27716,8,705,No
C27717,8,661,Yes
C27718,6,672,No
C27719,9,538,Yes
C27720,7,683,Yes
C27721,7,695,No
C27722,10,663,Yes
C27723,9,633,Yes
C27724,7,727,No
C27725,9,708,No
C27726,6,670,Yes
C27727,9,635,Yes
C27728,10,639,Yes
C27729,10,656,No
C27730,5,723,No
C27731,6,668,No
C27732,10,600,No
C27733,7,740,Yes
C27734,5,709,Yes
C27735,8,623,No
C27736,6,705,Yes
C27737,5,664,No
C27738,9,715,Yes
C27739,5,675,Yes
C27740,6,673,Yes
C27741,8,670,No
C27742,10,703,Yes
C27743,5,691,Yes
C27744,7,644,No
C27745,5,649,Yes
C27746,10,619,Yes
C27747,5,501,Yes
C27748,10,679,No
C27749,9,700,No
C27750,9,636,No
C27751,8,649,Yes
C27752,5,638,Yes
C27753,6,638,No
C27754,6,693,Yes
C27755,8,685,Yes
C27756,8,550,No
C27757,6,662,No
C27758,8,517,Yes
C27759,10,626,No
C27760,6,663,No
C27761,6,651,Yes
C27762,10,711,No
C27763,10,706,No
C27764,8,580,Yes
C27765,7,693,No
C27766,7,644,No
C27767,8,509,Yes
C27768,6,635,Yes
C27769,7,657,No
C27770,5,624,No
C27771,5,531,Yes
C27772,9,633,Yes
C27773,7,640,No
C27774,9,597,Yes
C27775,8,668,Yes
C27776,6,540,No
C27777,10,614,Yes
C27778,7,570,No
C27779,8,688,No
C27780,9,643,No
C27781,10,665,Yes
C27782,8,700,No
C27783,5,617,No
C27784,7,619,No
C27785,7,691,No
C27786,6,739,No
C27787,8,707,No
C27788,7,675,Yes
C27789,9,680,No
C27790,10,663,Yes
C27791,8,682,Yes
C27792,9,661,No
C27793,6,641,Yes
C27794,5,656,Yes
C27795,8,631,Yes
C27796,5,610,Yes
C27797,7,664,Yes
C27798,9,676,No
C27799,5,687,Yes
C27800,5,662,No
C27801,10,703,Yes
C27802,9,616,Yes
C27803,7,645,No
C27804,7,686,No
C27805,8,666,Yes
C27806,6,724,No
C27807,5,592,No
C27808,10,640,Yes
C27809,9,578,No
C27810,6,669,Yes
C27811,6,592,Yes
C27812,5,597,Yes
C27813,6,605,Yes
C27814,8,571,No
C27815,5,677,Yes
C27816,9,618,No
C27817,6,618,No
C27818,9,675,Yes
C27819,9,647,Yes
C27820,10,617,Yes
C27821,8,672,Yes
C27822,9,620,Yes
C27823,5,696,Yes
C27824,9,615,Yes
C27825,8,577,Yes
C27826,9,671,Yes
C27827,10,717,Yes
C27828,8,583,Yes
C27829,6,623,No
C27830,10,673,Yes
C27831,8,617,Yes
C27832,8,611,Yes
C27833,8,675,Yes
C27834,10,651,No
C27835,8,644,Yes
C27836,5,585,Yes
C27837,7,703,No
C27838,10,597,Yes
C27839,10,676,No
C27840,10,701,Yes
C27841,8,672,Yes
C27842,8,509,Yes
C27843,6,569,Yes
C27844,9,632,No
C27845,9,629,Yes
C27846,7,704,No
C27847,6,638,No
C27848,6,682,No
C27849,10,606,Yes
C27850,10,678,Yes
C27851,6,717,No
C27852,9,622,No
C27853,6,666,Yes
C27854,8,675,Yes
C27855,5,543,Yes
C27856,10,681,No
C27857,10,696,No
C27858,9,565,Yes
C27859,7,589,Yes
C27860,10,533,Yes
C27861,9,623,Yes
C27862,5,604,Yes
C27863,7,680,Yes
C27864,6,614,No
C27865,6,638,No
C27866,7,710,No
C27867,9,599,No
C27868,9,641,Yes
C27869,5,594,Yes
C27870,9,650,No
C27871,5,657,No
C27872,10,713,Yes
C27873,5,599,Yes
C27874,5,577,Yes
C27875,7,683,No
C27876,6,581,Yes
C27877,5,604,No
C27878,9,637,No
C27879,8,715,No
C27880,6,637,No
C27881,7,708,No
C27882,9,735,No
C27883,6,599,No
C27884,8,647,Yes
C27885,10,630,Yes
C27886,7,716,No
C27887,8,609,No
C27888,8,643,No
C27889,6,580,No
C27890,10,612,No
C27891,7,651,No
C27892,8,639,No
C27893,5,587,No
C27894,7,633,No
C27895,9,676,No
C27896,9,621,No
C27897,9,580,No
C27898,5,688,No
C27899,7,653,No
C27900,9,682,Yes
C27901,8,696,Yes
C27902,10,566,Yes
C27903,5,617,No
C27904,5,591,Yes
C27905,8,654,No
C27906,8,517,Yes
C27907,8,570,Yes
C27908,8,676,No
C27909,5,647,No
C27910,6,630,Yes
C27911,10,710,Yes
C27912,7,561,Yes
C27913,6,538,Yes
C27914,7,678,No
C27915,10,654,No
C27916,8,650,No
C27917,9,680,Yes
C27918,5,629,Yes
C27919,9,624,Yes
C27920,8,627,No
C27921,5,544,Yes
C27922,6,667,Yes
C27923,5,545,Yes
C27924,8,651,Yes
C27925,8,625,Yes
C27926,10,644,No
C27927,9,505,Yes
C27928,6,546,Yes
C27929,7,561,Yes
C27930,8,674,No
C27931,8,644,Yes
C27932,7,697,No
C27933,9,625,No
C27934,6,639,No
C27935,8,611,No
C27936,8,638,No
C27937,5,623,Yes
C27938,9,642,Yes
C27939,6,635,No
C27940,6,660,Yes
C27941,8,694,Yes
C27942,10,660,No
C27943,9,594,Yes
C27944,5,652,No
C27945,6,610,Yes
C27946,9,666,Yes
C27947,8,655,Yes
C27948,5,638,Yes
C27949,6,714,Yes
C27950,10,629,Yes
C27951,8,671,Yes
C27952,10,659,No
C27953,9,636,Yes
C27954,5,597,Yes
C27955,6,680,No
C27956,6,655,Yes
C27957,9,638,Yes
C27958,10,637,Yes
C27959,8,666,Yes
C27960,6,692,No
C27961,6,615,Yes
C27962,7,654,Yes
C27963,6,550,Yes
C27964,6,663,No
C27965,8,674,Yes
C27966,5,608,Yes
C27967,6,604,No
C27968,5,668,Yes
C27969,7,681,Yes
C27970,7,610,Yes
C27971,5,593,No
C27972,9,573,Yes
C27973,8,616,Yes
C27974,6,703,No
C27975,9,582,Yes
C27976,5,556,No
C27977,8,586,No
C27978,10,699,Yes
C27979,9,684,Yes
C27980,5,511,Yes
C27981,6,645,Yes
C27982,8,609,No
C27983,10,647,Yes
C27984,10,664,No
C27985,7,585,Yes
C27986,8,615,Yes
C27987,5,639,No
C27988,7,612,Yes
C27989,6,665,Yes
C27990,10,671,No
C27991,8,649,No
C27992,6,629,No
C27993,5,567,No
C27994,6,692,No
C27995,9,668,No
C27996,8,704,No
C27997,6,670,No
C27998,5,675,No
C27999,5,556,Yes
C28000,9,702,Yes
C28001,9,518,Yes
C28002,10,676,Yes
C28003,9,654,Yes
C28004,9,550,Yes
C28005,10,658,No
C28006,5,658,Yes
C28007,7,644,Yes
C28008,5,639,Yes
C28009,10,685,No
C28010,6,704,Yes
C28011,9,662,No
C28012,5,636,No
C28013,8,559,No
C28014,7,689,No
C28015,5,639,Yes
C28016,5,670,No
C28017,7,619,No
C28018,9,677,Yes
C28019,8,685,No
C28020,6,656,Yes
C28021,6,719,No
C28022,7,704,No
C28023,9,681,Yes
C28024,9,699,No
C28025,5,670,No
C28026,10,650,Yes
C28027,5,591,Yes
C28028,7,690,No
C28029,8,564,Yes
C28030,6,552,Yes
C28031,9,674,Yes
C28032,6,655,Yes
C28033,6,710,Yes
C28034,6,560,Yes
C28035,10,664,No
C28036,7,627,Yes
C28037,9,638,No
C28038,6,487,Yes
C28039,8,704,Yes
C28040,8,627,Yes
C28041,5,690,No
C28042,7,635,Yes
C28043,5,726,No
C28044,10,656,No
C28045,6,591,No
C28046,9,732,No
C28047,9,592,Yes
C28048,6,555,Yes
C28049,9,582,No
C28050,5,583,No
C28051,6,682,No
C28052,7,612,Yes
C28053,7,648,No
C28054,5,581,Yes
C28055,9,560,No
C28056,8,628,Yes
C28057,9,705,Yes
C28058,8,637,No
C28059,9,665,No
C28060,9,656,No
C28061,8,627,Yes
C28062,9,619,No
C28063,6,536,Yes
C28064,10,647,No
C28065,8,691,No
C28066,7,569,No
C28067,6,729,No
C28068,9,466,Yes
C28069,5,677,Yes
C28070,10,667,Yes
C28071,7,597,Yes
C28072,10,692,Yes
C28073,10,661,Yes
C28074,7,624,Yes
C28075,6,566,Yes
C28076,6,705,Yes
C28077,7,636,Yes
C28078,5,531,Yes
C28079,10,664,No
C28080,10,583,Yes
C28081,6,709,Yes
C28082,5,568,Yes
C28083,9,587,Yes
C28084,8,669,Yes
C28085,7,710,Yes
C28086,8,624,Yes
C28087,7,552,No
C28088,10,620,Yes
C28089,7,616,Yes
C28090,5,696,Yes
C28091,10,687,No
C28092,6,526,Yes
C28093,8,618,Yes
C28094,5,642,No
C28095,5,593,No
C28096,9,623,Yes
C28097,9,643,Yes
C28098,8,616,Yes
C28099,5,540,Yes
C28100,10,612,Yes
C28101,5,601,Yes
C28102,8,627,No
C28103,8,587,No
C28104,9,678,No
C28105,10,687,No
C28106,8,635,Yes
C28107,8,589,Yes
C28108,10,548,No
C28109,5,633,No
C28110,7,640,Yes
C28111,5,586,No
C28112,6,539,No
C28113,7,627,Yes
C28114,5,643,Yes
C28115,6,644,No
C28116,9,555,No
C28117,5,623,Yes
C28118,5,622,Yes
C28119,8,669,Yes
C28120,9,681,No
C28121,6,677,No
C28122,10,671,Yes
C28123,6,524,Yes
C28124,8,703,Yes
C28125,8,640,Yes
C28126,8,703,No
C28127,8,660,Yes
C28128,10,661,Yes
C28129,8,660,Yes
C28130,8,603,Yes
C28131,8,653,Yes
C28132,8,701,No
C28133,5,615,No
C28134,9,563,No
C28135,9,625,Yes
C28136,8,543,No
C28137,9,689,No
C28138,7,677,No
C28139,9,599,Yes
C28140,10,664,Yes
C28141,9,576,Yes
C28142,8,664,Yes
C28143,9,642,No
C28144,6,672,No
C28145,8,641,Yes
C28146,8,606,Yes
C28147,9,634,Yes
C28148,7,460,No
C28149,7,711,No
C28150,6,548,Yes
C28151,6,658,Yes
C28152,8,693,No
C28153,5,595,Yes
C28154,6,714,Yes
C28155,8,648,Yes
C28156,5,624,Yes
C28157,9,731,No
C28158,8,690,Yes
C28159,5,696,No
C28160,10,587,No
C28161,10,606,No
C28162,5,607,No
C28163,7,675,Yes
C28164,5,684,No
C28165,10,582,Yes
C28166,9,535,Yes
C28167,5,702,No
C28168,6,670,No
C28169,10,625,Yes
C28170,9,683,No
C28171,5,701,No
C28172,9,670,Yes
C28173,7,677,Yes
C28174,6,620,No
C28175,9,665,Yes
C28176,9,654,No
C28177,7,565,Yes
C28178,10,657,Yes
C28179,7,676,No
C28180,6,616,No
C28181,6,595,Yes
C28182,5,614,Yes
C28183,5,682,No
C28184,6,687,No
C28185,6,550,Yes
C28186,9,644,No
C28187,5,538,Yes
C28188,6,714,No
C28189,8,590,No
C28190,5,639,Yes
C28191,5,618,No
C28192,5,685,Yes
C28193,8,678,Yes
C28194,8,613,Yes
C28195,9,621,Yes
C28196,8,676,No
C28197,7,703,Yes
C28198,7,700,Yes
C28199,8,685,No
C28200,5,640,No
C28201,10,606,No
C28202,10,689,Yes
C28203,6,708,No
C28204,5,664,Yes
C28205,10,590,Yes
C28206,10,639,Yes
C28207,5,664,No
C28208,9,606,Yes
C28209,5,600,Yes
C28210,5,641,Yes
C28211,5,646,Yes
C28212,5,617,No
C28213,9,561,No
C28214,10,710,No
C28215,6,646,Yes
C28216,10,714,No
C28217,9,535,No
C28218,8,687,No
C28219,8,697,No
C28220,9,693,Yes
C28221,5,671,No
C28222,9,699,No
C28223,10,606,No
C28224,10,697,No
C28225,6,622,Yes
C28226,5,625,No
C28227,9,591,Yes
C28228,8,599,Yes
C28229,7,694,No
C28230,8,563,Yes
C28231,9,689,No
C28232,7,655,No
C28233,5,705,No
C28234,6,645,No
C28235,9,565,Yes
C28236,10,610,No
C28237,8,617,No
C28238,10,692,Yes
C28239,9,655,No
C28240,7,538,Yes
C28241,10,686,No
C28242,8,621,Yes
C28243,5,586,No
C28244,8,720,Yes
C28245,9,592,No
C28246,7,582,Yes
C28247,9,658,No
C28248,7,575,Yes
C28249,7,558,Yes
C28250,10,719,Yes
C28251,9,627,Yes
C28252,7,686,No
C28253,5,693,Yes
C28254,8,676,No
C28255,8,647,Yes
C28256,9,675,No
C28257,9,640,No
C28258,8,565,Yes
C28259,5,666,Yes
C28260,8,712,No
C28261,9,572,Yes
C28262,9,570,Yes
C28263,8,643,Yes
C28264,8,683,Yes
C28265,10,601,Yes
C28266,10,648,No
C28267,10,640,No
C28268,10,629,No
C28269,7,664,Yes
C28270,10,671,No
C28271,7,583,Yes
C28272,8,588,Yes
C28273,6,550,Yes
C28274,6,676,Yes
C28275,6,669,No
C28276,10,674,No
C28277,8,642,No
C28278,9,686,No
C28279,5,548,Yes
C28280,8,704,No
C28281,5,682,No
C28282,10,607,Yes
C28283,8,579,Yes
C28284,10,618,No
C28285,10,623,No
C28286,6,684,Yes
C28287,8,734,No
C28288,8,640,Yes
C28289,10,598,Yes
C28290,7,582,No
C28291,9,667,No
C28292,9,559,Yes
C28293,6,614,No
C28294,6,576,Yes
C28295,8,695,No
C28296,6,664,No
C28297,5,682,No
C28298,9,578,Yes
C28299,6,629,Yes
C28300,7,567,Yes
C28301,8,625,No
C28302,10,662,Yes
C28303,6,577,Yes
C28304,5,611,No
C28305,5,600,No
C28306,9,696,No
C28307,10,638,Yes
C28308,10,625,No
C28309,8,664,Yes
C28310,5,625,No
C28311,9,649,Yes
C28312,6,552,Yes
C28313,5,630,Yes
C28314,9,670,No
C28315,7,696,No
C28316,5,645,No
C28317,8,677,Yes
C28318,8,601,No
C28319,7,662,No
C28320,6,670,No
C28321,6,592,Yes
C28322,7,653,No
C28323,6,585,Yes
C28324,8,639,No
C28325,9,621,No
C28326,6,629,No
C28327,10,557,Yes
C28328,10,558,No
C28329,5,674,No
C28330,9,648,No
C28331,7,641,Yes
C28332,10,593,No
C28333,9,673,No
C28334,6,579,No
C28335,7,720,No
C28336,8,625,No
C28337,5,630,Yes
C28338,10,659,Yes
C28339,10,703,No
C28340,10,690,No
C28341,9,634,Yes
C28342,7,616,No
C28343,8,660,Yes
C28344,8,582,No
C28345,8,585,Yes
C28346,10,640,No
C28347,7,655,No
C28348,9,675,No
C28349,10,673,No
C28350,8,676,No
C28351,10,592,Yes
C28352,9,683,No
C28353,5,702,Yes
C28354,9,679,No
C28355,6,669,No
C28356,9,646,Yes
C28357,6,632,No
C28358,5,620,No
C28359,7,613,Yes
C28360,7,705,Yes
C28361,5,699,Yes
C28362,5,720,No
C28363,9,647,Yes
C28364,5,594,No
C28365,6,607,No
C28366,8,663,No
C28367,5,681,No
C28368,6,603,Yes
C28369,6,550,Yes
C28370,10,599,No
C28371,6,668,No
C28372,7,593,No
C28373,6,559,Yes
C28374,5,696,No
C28375,8,672,No
C28376,5,699,No
C28377,5,657,No
C28378,6,684,No
C28379,7,630,No
C28380,6,663,Yes
C28381,6,610,Yes
C28382,10,685,No
C28383,8,608,Yes
C28384,7,680,No
C28385,8,626,Yes
C28386,9,614,No
C28387,5,652,Yes
C28388,7,630,No
C28389,5,671,No
C28390,6,723,No
C28391,5,715,No
C28392,10,706,No
C28393,6,659,No
C28394,7,650,Yes
C28395,8,651,No
C28396,7,650,No
C28397,8,712,No
C28398,9,699,No
C28399,5,642,No
C28400,6,687,No
C28401,8,678,Yes
C28402,8,654,No
C28403,8,693,Yes
C28404,7,672,No
C28405,7,601,Yes
C28406,6,567,Yes
C28407,7,682,No
C28408,5,628,No
C28409,6,614,No
C28410,7,613,No
C28411,5,572,Yes
C28412,8,669,No
C28413,5,630,Yes
C28414,5,650,No
C28415,7,534,Yes
C28416,8,619,No
C28417,5,633,Yes
C28418,7,460,Yes
C28419,6,666,No
C28420,7,686,No
C28421,10,624,No
C28422,9,605,Yes
C28423,6,701,Yes
C28424,5,691,No
C28425,8,718,No
C28426,5,684,No
C28427,5,560,Yes
C28428,9,654,Yes
C28429,5,713,No
C28430,9,683,No
C28431,8,674,No
C28432,6,662,No
C28433,9,656,Yes
C28434,7,475,No
C28435,8,698,No
C28436,5,716,Yes
C28437,6,694,No
C28438,8,651,No
C28439,10,619,No
C28440,6,655,No
C28441,9,655,No
C28442,6,574,Yes
C28443,5,667,Yes
C28444,9,595,Yes
C28445,8,625,Yes
C28446,10,697,No
C28447,10,695,No
C28448,7,620,No
C28449,10,602,No
C28450,7,587,No
C28451,6,623,No
C28452,5,635,No
C28453,9,642,No
C28454,6,615,No
C28455,7,644,Yes
C28456,7,617,Yes
C28457,10,611,Yes
C28458,8,647,Yes
C28459,7,709,Yes
C28460,5,696,No
C28461,9,622,Yes
C28462,9,620,Yes
C28463,5,639,No
C28464,6,634,Yes
C28465,5,629,Yes
C28466,10,668,Yes
C28467,6,505,Yes
C28468,7,700,No
C28469,7,711,No
C28470,9,652,Yes
C28471,10,621,Yes
C28472,8,643,Yes
C28473,5,713,No
C28474,8,564,No
C28475,5,591,Yes
C28476,5,668,Yes
C28477,6,546,Yes
C28478,6,636,Yes
C28479,6,553,No
C28480,6,638,Yes
C28481,7,651,No
C28482,8,540,No
C28483,9,675,Yes
C28484,8,682,No
C28485,8,638,No
C28486,9,663,No
C28487,9,652,No
C28488,9,487,Yes
C28489,9,686,Yes
C28490,5,610,Yes
C28491,10,671,Yes
C28492,8,613,Yes
C28493,5,715,Yes
C28494,10,588,No
C28495,9,669,Yes
C28496,10,690,No
C28497,8,647,Yes
C28498,8,633,No
C28499,9,666,Yes
C28500,8,633,Yes
C28501,8,634,No
C28502,7,687,No
C28503,9,664,Yes
C28504,6,617,No
C28505,7,712,No
C28506,9,606,No
C28507,8,670,Yes
C28508,9,653,Yes
C28509,8,694,No
C28510,8,587,Yes
C28511,10,590,Yes
C28512,5,649,No
C28513,8,655,No
C28514,7,648,No
C28515,10,656,Yes
C28516,5,596,Yes
C28517,10,682,No
C28518,5,660,No
C28519,10,563,Yes
C28520,7,593,No
C28521,8,665,No
C28522,7,653,Yes
C28523,5,722,No
C28524,10,618,Yes
C28525,9,592,Yes
C28526,8,702,Yes
C28527,5,615,No
C28528,5,545,Yes
C28529,8,692,No
C28530,5,674,Yes
C28531,5,544,Yes
C28532,5,612,Yes
C28533,9,616,No
C28534,9,596,Yes
C28535,8,496,No
C28536,8,475,No
C28537,10,576,Yes
C28538,6,553,No
C28539,5,676,Yes
C28540,6,698,Yes
C28541,7,675,Yes
C28542,9,638,Yes
C28543,6,672,No
C28544,10,706,No
C28545,5,634,No
C28546,5,567,No
C28547,7,614,Yes
C28548,8,663,Yes
C28549,6,706,Yes
C28550,7,604,Yes
C28551,8,636,No
C28552,5,533,Yes
C28553,5,687,Yes
C28554,9,675,No
C28555,5,726,No
C28556,10,609,Yes
C28557,10,551,No
C28558,10,686,Yes
C28559,5,696,Yes
C28560,6,740,No
C28561,10,624,Yes
C28562,8,690,Yes
C28563,5,695,No
C28564,10,621,Yes
C28565,9,680,No
C28566,7,728,No
C28567,10,669,Yes
C28568,5,614,Yes
C28569,5,650,Yes
C28570,9,652,No
C28571,9,619,Yes
C28572,10,705,No
C28573,5,705,No
C28574,10,549,No
C28575,10,626,No
C28576,5,637,No
C28577,5,650,Yes
C28578,6,661,No
C28579,5,734,No
C28580,10,676,Yes
C28581,10,653,Yes
C28582,8,617,Yes
C28583,8,587,Yes
C28584,5,641,No
C28585,7,643,Yes
C28586,5,694,No
C28587,8,633,No
C28588,10,552,No
C28589,7,643,Yes
C28590,8,631,No
C28591,7,629,No
C28592,6,677,No
C28593,9,680,Yes
C28594,8,674,Yes
C28595,5,571,No
C28596,9,642,No
C28597,9,531,Yes
C28598,9,682,No
C28599,8,645,No
C28600,9,690,No
C28601,10,702,No
C28602,5,655,No
C28603,9,569,No
C28604,8,646,No
C28605,10,705,Yes
C28606,9,566,Yes
C28607,7,702,No
C28608,9,671,No
C28609,10,688,Yes
C28610,10,594,Yes
C28611,7,524,Yes
C28612,8,616,Yes
C28613,7,635,No
C28614,8,650,Yes
C28615,10,681,No
C28616,8,637,No
C28617,7,674,Yes
C28618,9,666,Yes
C28619,6,660,No
C28620,10,656,No
C28621,6,635,No
C28622,9,660,Yes
C28623,6,670,No
C28624,7,649,No
C28625,7,695,Yes
C28626,7,555,Yes
C28627,9,567,Yes
C28628,8,678,Yes
C28629,9,605,Yes
C28630,10,696,Yes
C28631,9,588,No
C28632,5,673,No
C28633,5,610,No
C28634,10,643,No
C28635,9,657,Yes
C28636,6,602,Yes
C28637,8,667,Yes
C28638,10,663,Yes
C28639,7,615,No
C28640,7,569,Yes
C28641,8,661,No
C28642,8,704,No
C28643,7,647,No
C28644,8,522,No
C28645,10,682,No
C28646,7,681,Yes
C28647,7,619,Yes
C28648,7,565,Yes
C28649,5,611,No
C28650,10,722,No
C28651,9,600,Yes
C28652,8,568,No
C28653,6,665,No
C28654,8,641,Yes
C28655,9,689,No
C28656,5,581,No
C28657,6,650,Yes
C28658,7,682,No
C28659,5,646,No
C28660,9,656,Yes
C28661,5,619,Yes
C28662,8,628,Yes
C28663,6,744,Yes
C28664,9,601,No
C28665,5,655,No
C28666,10,605,Yes
C28667,9,690,No
C28668,6,606,No
C28669,6,671,Yes
C28670,9,636,No
C28671,6,599,Yes
C28672,8,661,Yes
C28673,9,715,No
C28674,9,620,No
C28675,7,673,No
C28676,10,538,Yes
C28677,7,645,No
C28678,5,603,No
C28679,9,654,No
C28680,9,733,Yes
C28681,9,633,No
C28682,6,632,Yes
C28683,8,661,Yes
C28684,10,650,Yes
C28685,8,676,No
C28686,7,642,No
C28687,5,529,Yes
C28688,6,592,Yes
C28689,7,645,Yes
C28690,10,600,Yes
C28691,10,611,Yes
C28692,7,684,Yes
C28693,5,669,No
C28694,5,595,Yes
C28695,10,643,Yes
C28696,9,660,Yes
C28697,5,662,No
C28698,8,642,Yes
C28699,8,634,No
C28700,6,645,Yes
C28701,8,677,Yes
C28702,8,664,Yes
C28703,6,576,No
C28704,8,660,No
C28705,5,619,No
C28706,6,574,No
C28707,9,637,Yes
C28708,5,644,No
C28709,7,631,No
C28710,8,621,No
C28711,5,643,No
C28712,5,682,Yes
C28713,6,670,Yes
C28714,5,576,Yes
C28715,10,622,Yes
C28716,6,657,No
C28717,6,570,No
C28718,5,593,No
C28719,6,691,Yes
C28720,10,701,No
C28721,9,590,No
C28722,8,673,No
C28723,10,597,No
C28724,8,660,No
C28725,8,604,No
C28726,10,712,No
C28727,5,673,Yes
C28728,6,557,No
C28729,5,705,No
C28730,6,649,Yes
C28731,5,630,No
C28732,10,669,No
C28733,7,697,Yes
C28734,7,684,Yes
C28735,9,591,Yes
C28736,6,618,Yes
C28737,7,666,No
C28738,10,611,No
C28739,6,644,Yes
C28740,10,642,No
C28741,7,674,Yes
C28742,7,649,Yes
C28743,8,609,Yes
C28744,10,588,Yes
C28745,7,581,No
C28746,9,637,Yes
C28747,5,658,No
C28748,10,575,Yes
C28749,7,667,No
C28750,10,691,Yes
C28751,7,682,No
C28752,6,553,No
C28753,5,659,Yes
C28754,5,690,Yes
C28755,6,670,Yes
C28756,7,658,Yes
C28757,6,668,Yes
C28758,6,594,Yes
C28759,9,604,No
C28760,6,554,No
C28761,9,690,Yes
C28762,7,582,No
C28763,10,658,Yes
C28764,10,647,No
C28765,9,638,Yes
C28766,8,599,No
C28767,7,664,Yes
C28768,9,647,No
C28769,7,685,No
C28770,6,666,Yes
C28771,9,604,No
C28772,10,678,Yes
C28773,8,658,Yes
C28774,9,651,Yes
C28775,9,633,Yes
C28776,5,648,Yes
C28777,5,661,Yes
C28778,9,607,Yes
C28779,5,664,Yes
C28780,6,612,Yes
C28781,10,645,No
C28782,8,612,Yes
C28783,7,665,No
C28784,9,597,Yes
C28785,10,660,Yes
C28786,5,658,No
C28787,6,627,Yes
C28788,5,635,No
C28789,6,587,Yes
C28790,8,711,No
C28791,7,710,Yes
C28792,10,642,No
C28793,5,618,Yes
C28794,7,686,No
C28795,7,651,Yes
C28796,9,589,Yes
C28797,9,698,No
C28798,8,620,No
C28799,9,702,No
C28800,6,555,Yes
C28801,10,704,No
C28802,6,624,No
C28803,5,528,Yes
C28804,9,584,No
C28805,10,636,Yes
C28806,6,686,No
C28807,6,551,Yes
C28808,6,683,No
C28809,7,616,No
C28810,6,609,No
C28811,7,550,No
C28812,9,639,No
C28813,5,624,No
C28814,10,582,Yes
C28815,10,664,No
C28816,10,688,No
C28817,7,634,Yes
C28818,6,669,Yes
C28819,10,598,No
C28820,6,586,Yes
C28821,5,691,Yes
C28822,9,604,Yes
C28823,8,595,No
C28824,7,634,Yes
C28825,7,575,No
C28826,8,656,Yes
C28827,10,612,Yes
C28828,6,537,Yes
C28829,5,546,Yes
C28830,5,718,No
C28831,9,677,No
C28832,7,665,No
C28833,7,584,No
C28834,5,567,No
C28835,5,627,Yes
C28836,7,593,No
C28837,8,640,No
C28838,9,646,No
C28839,8,675,Yes
C28840,8,645,Yes
C28841,8,685,No
C28842,8,689,Yes
C28843,9,477,Yes
C28844,5,634,No
C28845,9,677,Yes
C28846,8,659,Yes
C28847,10,685,No
C28848,6,707,Yes
C28849,6,612,Yes
C28850,7,652,Yes
C28851,6,526,Yes
C28852,6,575,No
C28853,6,609,No
C28854,9,571,Yes
C28855,8,464,Yes
C28856,8,658,Yes
C28857,9,624,No
C28858,9,680,No
C28859,5,641,Yes
C28860,6,569,No
C28861,10,704,No
C28862,7,693,No
C28863,6,643,No
C28864,6,626,Yes
C28865,5,627,Yes
C28866,10,535,Yes
C28867,10,538,Yes
C28868,7,671,No
C28869,8,700,No
C28870,9,597,No
C28871,7,551,Yes
C28872,5,649,No
C28873,8,560,No
C28874,7,697,Yes
C28875,8,683,No
C28876,5,652,Yes
C28877,10,612,Yes
C28878,10,640,Yes
C28879,7,672,Yes
C28880,8,692,Yes
C28881,10,668,No
C28882,8,640,Yes
C28883,10,637,Yes
C28884,6,491,Yes
C28885,9,648,No
C28886,8,623,No
C28887,7,602,Yes
C28888,6,690,No
C28889,8,571,No
C28890,10,596,Yes
C28891,5,632,Yes
C28892,8,665,No
C28893,5,525,Yes
C28894,10,676,No
C28895,8,644,Yes
C28896,7,721,No
C28897,7,618,Yes
C28898,5,666,Yes
C28899,10,557,Yes
C28900,5,626,No
C28901,7,628,No
C28902,8,657,No
C28903,10,652,No
C28904,7,671,No
C28905,10,700,No
C28906,7,657,No
C28907,6,641,No
C28908,6,680,No
C28909,5,674,Yes
C28910,5,677,No
C28911,7,644,No
C28912,5,684,No
C28913,7,583,No
C28914,7,661,Yes
C28915,5,658,Yes
C28916,8,638,Yes
C28917,7,665,No
C28918,8,565,Yes
C28919,9,646,Yes
C28920,6,644,Yes
C28921,10,669,No
C28922,9,691,No
C28923,10,668,No
C28924,8,683,Yes
C28925,5,569,Yes
C28926,6,616,No
C28927,5,653,No
C28928,5,668,Yes
C28929,8,661,No
C28930,5,632,Yes
C28931,5,665,Yes
C28932,6,681,No
C28933,5,610,Yes
C28934,5,632,No
C28935,6,544,No
C28936,8,691,No
C28937,5,639,No
C28938,6,592,Yes
C28939,5,671,Yes
C28940,10,637,Yes
C28941,9,582,Yes
C28942,9,651,Yes
C28943,6,672,Yes
C28944,8,635,No
C28945,7,390,Yes
C28946,8,658,No
C28947,8,694,No
C28948,5,599,No
C28949,8,706,Yes
C28950,6,666,No
C28951,5,694,Yes
C28952,8,672,No
C28953,10,649,Yes
C28954,9,594,No
C28955,8,674,Yes
C28956,6,671,Yes
C28957,6,612,No
C28958,7,688,No
C28959,5,608,Yes
C28960,5,510,Yes
C28961,10,702,No
C28962,5,635,No
C28963,6,649,Yes
C28964,8,615,Yes
C28965,6,611,No
C28966,6,599,Yes
C28967,8,639,No
C28968,5,574,Yes
C28969,8,609,No
C28970,7,637,No
C28971,8,600,Yes
C28972,6,602,Yes
C28973,8,660,Yes
C28974,8,657,No
C28975,5,709,No
C28976,9,662,No
C28977,8,649,No
C28978,7,615,No
C28979,7,605,Yes
C28980,9,639,Yes
C28981,6,639,Yes
C28982,5,556,Yes
C28983,9,602,Yes
C28984,5,702,Yes
C28985,8,658,No
C28986,10,548,No
C28987,6,664,No
C28988,7,663,Yes
C28989,9,579,Yes
C28990,6,664,Yes
C28991,9,662,Yes
C28992,6,644,No
C28993,7,606,Yes
C28994,7,631,Yes
C28995,8,689,No
C28996,8,621,No
C28997,5,696,Yes
C28998,5,653,No
C28999,10,542,No
C29000,5,689,No
C29001,8,674,Yes
C29002,10,603,Yes
C29003,8,615,No
C29004,6,658,No
C29005,5,659,No
C29006,5,560,Yes
C29007,8,671,No
C29008,8,715,No
C29009,7,695,Yes
C29010,8,681,No
C29011,8,665,Yes
C29012,6,714,No
C29013,10,621,Yes
C29014,9,680,Yes
C29015,9,613,Yes
C29016,7,659,No
C29017,5,716,No
C29018,9,664,Yes
C29019,10,622,Yes
C29020,8,708,Yes
C29021,6,528,No
C29022,10,685,No
C29023,9,701,No
C29024,10,656,No
C29025,6,637,Yes
C29026,9,686,No
C29027,8,546,Yes
C29028,9,632,Yes
C29029,10,658,No
C29030,9,602,No
C29031,9,630,Yes
C29032,8,690,No
C29033,6,639,No
C29034,6,575,Yes
C29035,5,669,Yes
C29036,10,666,No
C29037,8,655,No
C29038,5,741,No
C29039,10,670,No
C29040,7,537,No
C29041,5,661,Yes
C29042,10,697,Yes
C29043,6,581,No
C29044,10,600,No
C29045,9,635,Yes
C29046,6,627,Yes
C29047,10,662,Yes
C29048,5,635,No
C29049,5,677,Yes
C29050,6,678,Yes
C29051,5,547,Yes
C29052,5,678,No
C29053,7,686,Yes
C29054,5,658,Yes
C29055,8,643,No
C29056,6,659,No
C29057,5,705,No
C29058,10,680,Yes
C29059,7,565,Yes
C29060,5,629,Yes
C29061,6,676,Yes
C29062,6,650,Yes
C29063,7,686,No
C29064,7,530,Yes
C29065,6,520,Yes
C29066,8,625,Yes
C29067,6,642,Yes
C29068,6,649,Yes
C29069,7,685,No
C29070,7,743,No
C29071,7,625,Yes
C29072,6,652,No
C29073,6,661,No
C29074,8,587,Yes
C29075,9,631,No
C29076,9,584,Yes
C29077,6,655,No
C29078,5,679,Yes
C29079,5,671,Yes
C29080,10,643,Yes
C29081,8,741,No
C29082,10,658,No
C29083,5,691,No
C29084,7,627,No
C29085,8,572,Yes
C29086,5,686,No
C29087,9,507,Yes
C29088,7,597,No
C29089,6,687,No
C29090,7,585,Yes
C29091,5,662,No
C29092,7,548,Yes
C29093,8,689,No
C29094,5,644,No
C29095,8,689,No
C29096,7,517,No
C29097,10,610,Yes
C29098,7,562,No
C29099,9,619,Yes
C29100,8,651,No
C29101,10,676,Yes
C29102,7,570,Yes
C29103,8,671,No
C29104,6,656,No
C29105,9,662,Yes
C29106,5,564,Yes
C29107,7,692,No
C29108,7,729,Yes
C29109,10,650,Yes
C29110,8,600,Yes
C29111,6,694,No
C29112,7,609,Yes
C29113,8,639,No
C29114,6,614,No
C29115,8,644,No
C29116,9,593,Yes
C29117,6,604,No
C29118,9,666,Yes
C29119,7,660,Yes
C29120,11,682,Yes
C29121,16,637,Yes
C29122,15,643,No
C29123,12,600,Yes
C29124,15,700,No
C29125,13,566,No
C29126,17,637,No
C29127,12,668,No
C29128,16,563,No
C29129,13,629,Yes
C29130,11,614,No
C29131,17,656,No
C29132,14,685,No
C29133,11,668,No
C29134,17,660,No
C29135,17,630,No
C29136,13,654,Yes
C29137,13,699,Yes
C29138,11,619,No
C29139,16,702,Yes
C29140,13,679,No
C29141,13,638,No
C29142,17,648,No
C29143,17,693,No
C29144,12,665,Yes
C29145,13,564,Yes
C29146,14,710,Yes
C29147,15,637,No
C29148,12,645,No
C29149,14,650,No
C29150,11,610,No
C29151,12,587,No
C29152,16,652,Yes
C29153,17,583,Yes
C29154,11,683,Yes
C29155,13,645,Yes
C29156,12,673,Yes
C29157,16,561,Yes
C29158,14,635,No
C29159,11,553,No
C29160,12,721,No
C29161,17,690,No
C29162,14,690,No
C29163,12,679,No
C29164,13,673,No
C29165,15,590,No
C29166,15,667,Yes
C29167,15,640,Yes
C29168,15,610,No
C29169,12,512,Yes
C29170,14,548,Yes
C29171,11,632,Yes
C29172,17,674,No
C29173,14,685,Yes
C29174,17,655,Yes
C29175,11,642,Yes
C29176,12,542,Yes
C29177,13,606,No
C29178,13,561,Yes
C29179,15,692,No
C29180,16,696,No
C29181,12,691,No
C29182,13,640,Yes
C29183,15,676,No
C29184,14,627,No
C29185,13,689,No
C29186,15,618,Yes
C29187,14,579,No
C29188,13,707,Yes
C29189,13,611,No
C29190,11,659,No
C29191,13,590,Yes
C29192,15,725,No
C29193,15,653,No
C29194,13,658,No
C29195,17,605,No
C29196,14,661,Yes
C29197,17,620,Yes
C29198,14,665,Yes
C29199,17,688,No
C29200,12,590,No
C29201,15,648,No
C29202,16,694,No
C29203,16,685,No
C29204,17,675,Yes
C29205,15,708,Yes
C29206,17,663,Yes
C29207,11,569,No
C29208,11,617,Yes
C29209,11,729,No
C29210,15,565,Yes
C29211,11,708,No
C29212,14,591,No
C29213,17,660,No
C29214,14,689,No
C29215,11,596,Yes
C29216,14,590,No
C29217,11,698,Yes
C29218,12,626,No
C29219,15,673,No
C29220,13,686,No
C29221,17,630,No
C29222,17,708,No
C29223,17,699,Yes
C29224,16,741,No
C29225,11,600,Yes
C29226,14,646,No
C29227,13,652,Yes
C29228,12,681,Yes
C29229,16,584,No
C29230,12,691,Yes
C29231,13,647,Yes
C29232,14,640,No
C29233,13,607,No
C29234,15,529,No
C29235,13,720,No
C29236,16,572,No
C29237,13,671,No
C29238,11,617,No
C29239,15,572,Yes
C29240,16,665,No
C29241,16,567,No
C29242,11,603,No
C29243,16,663,No
C29244,14,668,No
C29245,15,694,Yes
C29246,12,678,Yes
C29247,13,567,No
C29248,14,601,No
C29249,13,613,No
C29250,13,601,No
C29251,11,634,No
C29252,17,653,Yes
C29253,12,630,No
C29254,15,575,No
C29255,11,621,No
C29256,17,527,No
C29257,11,628,No
C29258,15,592,No
C29259,16,658,No
C29260,12,689,No
C29261,15,597,No
C29262,16,677,No
C29263,17,640,No
C29264,12,676,No
C29265,11,709,No
C29266,12,698,No
C29267,13,564,Yes
C29268,11,720,No
C29269,11,638,Yes
C29270,12,678,No
C29271,15,650,No
C29272,15,755,No
C29273,16,509,No
C29274,13,669,No
C29275,13,601,Yes
C29276,11,664,No
C29277,11,712,No
C29278,12,629,No
C29279,17,661,No
C29280,15,625,No
C29281,11,699,No
C29282,12,608,Yes
C29283,16,642,No
C29284,12,693,No
C29285,13,591,No
C29286,12,747,No
C29287,16,654,No
C29288,11,681,No
C29289,16,654,No
C29290,16,576,No
C29291,12,692,No
C29292,15,672,No
C29293,16,695,No
C29294,13,565,No
C29295,11,566,No
C29296,16,654,No
C29297,14,685,No
C29298,11,705,Yes
C29299,16,669,No
C29300,17,674,Yes
C29301,12,687,No
C29302,15,579,No
C29303,14,648,No
C29304,14,503,No
C29305,17,632,No
C29306,11,593,No
C29307,14,683,No
C29308,17,649,No
C29309,14,629,No
C29310,15,704,No
C29311,11,704,No
C29312,12,601,No
C29313,13,697,No
C29314,13,693,No
C29315,17,627,No
C29316,16,627,No
C29317,17,635,No
C29318,15,653,No
C29319,14,707,Yes
C29320,17,702,Yes
C29321,14,553,Yes
C29322,14,591,No
C29323,11,689,No
C29324,12,640,Yes
C29325,12,556,Yes
C29326,17,730,Yes
C29327,16,589,Yes
C29328,12,684,No
C29329,12,716,No
C29330,17,590,Yes
C29331,16,653,No
C29332,11,700,No
C29333,17,545,Yes
C29334,15,633,No
C29335,13,600,Yes
C29336,16,684,Yes
C29337,16,572,Yes
C29338,15,655,No
C29339,11,593,No
C29340,14,679,No
C29341,14,699,No
C29342,15,620,No
C29343,17,635,No
C29344,15,714,No
C29345,13,706,Yes
C29346,17,529,Yes
C29347,16,660,No
C29348,11,581,Yes
C29349,11,634,Yes
C29350,16,628,Yes
C29351,16,654,No
C29352,16,661,No
C29353,14,695,No
C29354,16,613,No
C29355,12,682,No
C29356,16,667,Yes
C29357,17,683,No
C29358,17,625,No
C29359,14,719,No
C29360,11,681,No
C29361,15,611,Yes
C29362,16,611,No
C29363,16,722,No
C29364,16,705,No
C29365,13,619,Yes
C29366,15,568,No
C29367,14,724,No
C29368,14,540,Yes
C29369,15,578,Yes
C29370,13,557,Yes
C29371,15,700,No
C29372,11,717,No
C29373,14,684,No
C29374,16,664,Yes
C29375,17,533,Yes
C29376,16,611,Yes
C29377,16,710,No
C29378,13,713,Yes
C29379,12,657,No
C29380,11,670,Yes
C29381,14,670,Yes
C29382,15,597,Yes
C29383,11,689,No
C29384,16,622,No
C29385,17,653,No
C29386,11,704,No
C29387,16,693,Yes
C29388,15,573,Yes
C29389,15,558,No
C29390,15,628,No
C29391,14,657,Yes
C29392,12,649,Yes
C29393,12,691,No
C29394,16,631,No
C29395,17,678,Yes
C29396,11,658,Yes
C29397,15,630,Yes
C29398,17,663,No
C29399,13,610,No
C29400,16,648,No
C29401,14,634,No
C29402,12,681,Yes
C29403,11,651,No
C29404,17,663,No
C29405,14,661,No
C29406,15,663,Yes
C29407,14,711,No
C29408,14,687,No
C29409,14,616,No
C29410,16,603,Yes
C29411,16,574,Yes
C29412,14,635,No
C29413,12,645,Yes
C29414,17,650,Yes
C29415,12,692,No
C29416,13,675,Yes
C29417,16,656,No
C29418,12,586,Yes
C29419,12,695,Yes
C29420,13,688,Yes
C29421,12,633,Yes
C29422,14,661,No
C29423,12,706,No
C29424,14,582,No
C29425,13,682,No
C29426,14,620,No
C29427,17,653,No
C29428,16,507,No
C29429,16,691,Yes
C29430,12,577,No
C29431,11,678,No
C29432,15,617,Yes
C29433,14,657,Yes
C29434,11,667,No
C29435,14,738,Yes
C29436,15,641,Yes
C29437,15,677,No
C29438,12,708,Yes
C29439,13,667,No
C29440,13,649,No
C29441,15,680,Yes
C29442,17,666,Yes
C29443,11,686,No
C29444,13,590,Yes
C29445,17,646,Yes
C29446,15,659,No
C29447,15,596,Yes
C29448,14,703,No
C29449,14,695,No
C29450,15,704,No
C29451,12,692,No
C29452,14,715,Yes
C29453,13,607,No
C29454,17,702,No
C29455,11,627,No
C29456,12,585,No
C29457,16,710,No
C29458,16,642,Yes
C29459,11,696,Yes
C29460,13,674,No
C29461,12,660,Yes
C29462,16,673,Yes
C29463,15,681,Yes
C29464,17,536,Yes
C29465,13,710,No
C29466,16,503,Yes
C29467,14,651,Yes
C29468,14,637,Yes
C29469,12,653,Yes
C29470,13,631,Yes
C29471,15,708,No
C29472,14,669,Yes
C29473,17,736,No
C29474,17,667,No
C29475,13,564,Yes
C29476,11,657,No
C29477,15,609,No
C29478,13,627,Yes
C29479,17,629,No
C29480,17,644,Yes
C29481,11,687,No
C29482,14,568,No
C29483,16,645,Yes
C29484,16,641,Yes
C29485,11,707,No
C29486,17,677,No
C29487,15,585,Yes
C29488,11,622,No
C29489,16,759,No
C29490,14,667,No
C29491,11,680,Yes
C29492,12,676,Yes
C29493,12,680,Yes
C29494,12,508,Yes
C29495,11,697,Yes
C29496,13,713,No
C29497,11,577,No
C29498,11,674,No
C29499,11,685,Yes
C29500,17,666,No
C29501,15,655,No
C29502,13,712,Yes
C29503,16,621,No
C29504,14,668,Yes
C29505,17,641,Yes
C29506,14,701,Yes
C29507,12,623,No
C29508,17,716,Yes
C29509,12,568,Yes
C29510,11,693,Yes
C29511,15,661,Yes
C29512,17,699,Yes
C29513,13,699,Yes
C29514,17,571,Yes
C29515,12,747,No
C29516,13,625,Yes
C29517,11,611,No
C29518,12,667,No
C29519,12,667,No
C29520,16,652,No
C29521,14,651,No
C29522,11,689,No
C29523,17,697,Yes
C29524,14,651,No
C29525,17,676,Yes
C29526,17,646,No
C29527,14,681,Yes
C29528,14,638,No
C29529,11,661,No
C29530,13,662,No
C29531,17,677,No
C29532,16,740,No
C29533,11,692,Yes
C29534,14,636,No
C29535,14,628,Yes
C29536,15,685,No
C29537,14,650,No
C29538,16,655,No
C29539,12,544,Yes
C29540,12,727,No
C29541,11,674,No
C29542,11,741,No
C29543,17,607,No
C29544,11,682,No
C29545,11,615,Yes
C29546,11,719,No
C29547,17,698,No
C29548,17,591,Yes
C29549,16,660,No
C29550,14,609,No
C29551,12,655,No
C29552,16,615,Yes
C29553,15,697,Yes
C29554,17,600,Yes
C29555,16,711,Yes
C29556,17,598,No
C29557,16,627,Yes
C29558,15,683,No
C29559,17,600,No
C29560,14,605,Yes
C29561,15,669,No
C29562,11,643,Yes
C29563,17,655,No
C29564,15,539,No
C29565,16,706,No
C29566,11,684,No
C29567,11,630,Yes
C29568,16,669,Yes
C29569,11,614,No
C29570,14,660,Yes
C29571,13,716,Yes
C29572,17,739,No
C29573,15,640,Yes
C29574,13,543,Yes
C29575,12,560,No
C29576,17,659,No
C29577,12,671,Yes
C29578,11,557,Yes
C29579,13,688,No
C29580,13,656,No
C29581,16,628,No
C29582,12,569,Yes
C29583,11,616,Yes
C29584,13,681,No
C29585,11,657,No
C29586,14,626,Yes
C29587,12,639,No
C29588,11,588,No
C29589,17,723,No
C29590,17,686,No
C29591,11,602,Yes
C29592,16,701,No
C29593,11,708,No
C29594,14,664,No
C29595,12,572,No
C29596,15,617,Yes
C29597,13,508,No
C29598,16,698,No
C29599,16,564,Yes
C29600,11,710,No
C29601,13,690,Yes
C29602,12,683,Yes
C29603,12,642,Yes
C29604,11,633,No
C29605,14,637,No
C29606,16,638,Yes
C29607,16,617,Yes
C29608,16,693,Yes
C29609,15,692,Yes
C29610,17,642,No
C29611,15,636,No
C29612,17,639,No
C29613,11,687,No
C29614,16,704,No
C29615,14,567,Yes
C29616,13,677,No
C29617,12,556,Yes
C29618,14,646,Yes
C29619,13,643,Yes
C29620,11,528,Yes
C29621,14,525,Yes
C29622,11,643,No
C29623,11,628,Yes
C29624,13,620,Yes
C29625,15,600,No
C29626,11,737,No
C29627,13,653,No
C29628,15,639,Yes
C29629,14,651,No
C29630,11,704,No
C29631,17,564,Yes
C29632,14,636,Yes
C29633,12,625,Yes
C29634,17,684,Yes
C29635,14,684,No
C29636,15,582,No
C29637,16,576,No
C29638,15,557,Yes
C29639,14,681,No
C29640,12,624,Yes
C29641,15,607,Yes
C29642,14,746,No
C29643,14,572,No
C29644,16,640,Yes
C29645,14,699,No
C29646,15,708,No
C29647,14,688,No
C29648,16,635,No
C29649,15,602,No
C29650,17,704,No
C29651,11,744,No
C29652,13,676,Yes
C29653,12,731,No
C29654,13,603,Yes
C29655,14,580,Yes
C29656,14,490,Yes
C29657,16,630,Yes
C29658,11,648,Yes
C29659,14,665,No
C29660,15,715,No
C29661,13,619,No
C29662,15,681,Yes
C29663,11,632,No
C29664,17,632,No
C29665,15,677,Yes
C29666,16,638,No
C29667,17,667,Yes
C29668,16,700,No
C29669,17,654,No
C29670,12,676,No
C29671,12,650,No
C29672,12,661,Yes
C29673,14,671,Yes
C29674,12,542,Yes
C29675,16,570,No
C29676,13,690,Yes
C29677,16,662,No
C29678,16,728,No
C29679,12,637,No
C29680,11,710,No
C29681,13,558,Yes
C29682,12,706,No
C29683,14,719,Yes
C29684,12,681,No
C29685,16,687,No
C29686,16,700,No
C29687,17,686,Yes
C29688,11,663,Yes
C29689,13,742,Yes
C29690,13,629,Yes
C29691,14,676,Yes
C29692,17,676,Yes
C29693,11,559,Yes
C29694,13,724,Yes
C29695,17,652,Yes
C29696,14,706,No
C29697,16,646,No
C29698,16,712,Yes
C29699,12,699,Yes
C29700,13,589,Yes
C29701,17,620,Yes
C29702,15,660,Yes
C29703,13,667,No
C29704,12,652,Yes
C29705,12,598,Yes
C29706,13,686,Yes
C29707,12,739,No
C29708,15,594,Yes
C29709,15,692,No
C29710,17,682,Yes
C29711,17,670,Yes
C29712,16,652,Yes
C29713,15,664,No
C29714,12,709,Yes
C29715,15,658,No
C29716,13,528,Yes
C29717,12,656,Yes
C29718,13,697,Yes
C29719,14,541,No
C29720,12,631,Yes
C29721,11,626,Yes
C29722,15,686,Yes
C29723,15,708,Yes
C29724,15,647,No
C29725,12,597,No
C29726,15,655,Yes
C29727,13,595,No
C29728,16,639,No
C29729,16,574,Yes
C29730,15,707,No
C29731,16,686,No
C29732,16,674,No
C29733,12,666,No
C29734,16,621,No
C29735,13,561,Yes
C29736,13,642,Yes
C29737,14,712,Yes
C29738,14,677,No
C29739,12,702,No
C29740,14,675,No
C29741,15,599,No
C29742,11,614,No
C29743,11,593,Yes
C29744,13,697,No
C29745,16,640,No
C29746,17,704,No
C29747,13,654,No
C29748,14,714,No
C29749,12,614,Yes
C29750,11,611,Yes
C29751,17,629,No
C29752,13,638,Yes
C29753,16,610,No
C29754,13,636,Yes
C29755,17,691,Yes
C29756,13,727,Yes
C29757,14,715,No
C29758,14,573,Yes
C29759,12,691,Yes
C29760,14,588,Yes
C29761,11,682,Yes
C29762,14,693,No
C29763,16,672,Yes
C29764,11,698,Yes
C29765,16,618,No
C29766,12,706,Yes
C29767,15,631,Yes
C29768,12,617,No
C29769,17,632,No
C29770,14,693,No
C29771,17,727,No
C29772,13,682,No
C29773,15,648,No
C29774,14,657,Yes
C29775,15,680,No
C29776,12,679,No
C29777,15,627,No
C29778,12,689,No
C29779,16,622,Yes
C29780,13,696,No
C29781,11,679,No
C29782,15,665,No
C29783,12,721,No
C29784,16,633,Yes
C29785,14,737,No
C29786,17,713,Yes
C29787,12,648,No
C29788,14,589,No
C29789,15,625,No
C29790,11,721,Yes
C29791,17,581,Yes
C29792,13,629,No
C29793,12,560,Yes
C29794,12,710,Yes
C29795,15,688,No
C29796,17,696,No
C29797,17,637,No
C29798,12,645,Yes
C29799,13,658,Yes
C29800,17,697,Yes
C29801,17,609,No
C29802,13,663,Yes
C29803,17,678,Yes
C29804,11,614,No
C29805,15,633,Yes
C29806,13,612,Yes
C29807,15,705,No
C29808,12,664,No
C29809,16,699,Yes
C29810,17,675,Yes
C29811,17,613,No
C29812,11,671,No
C29813,13,679,No
C29814,12,653,No
C29815,11,658,No
C29816,16,694,No
C29817,14,634,No
C29818,14,584,Yes
C29819,13,617,Yes
C29820,16,673,Yes
C29821,14,620,No
C29822,11,691,No
C29823,16,691,No
C29824,13,737,Yes
C29825,17,671,Yes
C29826,11,693,No
C29827,12,608,Yes
C29828,11,647,No
C29829,16,512,Yes
C29830,15,635,No
C29831,14,698,No
C29832,12,713,Yes
C29833,12,671,Yes
C29834,16,726,No
C29835,12,528,Yes
C29836,13,647,No
C29837,16,656,No
C29838,14,726,Yes
C29839,12,635,Yes
C29840,12,634,Yes
C29841,17,708,No
C29842,13,605,No
C29843,13,726,No
C29844,16,670,No
C29845,13,696,No
C29846,15,672,Yes
C29847,16,693,Yes
C29848,11,677,No
C29849,16,627,Yes
C29850,15,630,Yes
C29851,17,618,Yes
C29852,14,661,No
C29853,11,661,No
C29854,14,673,Yes
C29855,15,689,No
C29856,17,657,Yes
C29857,12,644,Yes
C29858,17,643,Yes
C29859,16,563,Yes
C29860,12,708,Yes
C29861,13,615,No
C29862,11,667,No
C29863,11,455,No
C29864,11,680,Yes
C29865,16,607,Yes
C29866,16,678,No
C29867,16,628,Yes
C29868,12,706,No
C29869,11,603,Yes
C29870,16,710,No
C29871,12,684,No
C29872,13,590,No
C29873,14,661,No
C29874,11,640,Yes
C29875,13,677,No
C29876,16,606,Yes
C29877,16,647,Yes
C29878,14,666,No
C29879,11,603,Yes
C29880,15,613,Yes
C29881,13,656,Yes
C29882,15,667,No
C29883,13,652,No
C29884,16,695,Yes
C29885,16,664,No
C29886,16,675,Yes
C29887,11,640,Yes
C29888,15,670,Yes
C29889,15,589,No
C29890,14,654,Yes
C29891,14,667,No
C29892,15,650,No
C29893,17,618,Yes
C29894,13,703,Yes
C29895,14,688,Yes
C29896,14,725,Yes
C29897,11,693,No
C29898,14,705,No
C29899,14,582,Yes
C29900,13,714,Yes
C29901,16,671,No
C29902,12,621,No
C29903,16,579,Yes
C29904,14,644,No
C29905,12,666,No
C29906,17,651,Yes
C29907,15,547,Yes
C29908,17,701,No
C29909,16,627,No
C29910,11,668,Yes
C29911,11,612,No
C29912,14,667,No
C29913,13,601,Yes
C29914,14,733,No
C29915,14,678,Yes
C29916,13,681,Yes
C29917,15,580,Yes
C29918,12,563,No
C29919,17,608,Yes
C29920,14,707,No
C29921,11,617,No
C29922,15,529,Yes
C29923,14,694,Yes
C29924,12,692,No
C29925,13,652,Yes
C29926,17,662,No
C29927,13,699,Yes
C29928,13,708,No
C29929,15,636,Yes
C29930,16,661,No
C29931,15,743,No
C29932,17,696,No
C29933,16,617,No
C29934,13,711,No
C29935,13,673,No
C29936,16,657,Yes
C29937,14,541,Yes
C29938,13,741,No
C29939,11,679,Yes
C29940,14,663,Yes
C29941,12,617,Yes
C29942,13,546,Yes
C29943,15,608,Yes
C29944,11,623,Yes
C29945,11,689,No
C29946,13,671,Yes
C29947,15,670,No
C29948,12,572,Yes
C29949,11,602,Yes
C29950,11,730,No
C29951,17,687,Yes
C29952,14,609,Yes
C29953,15,703,No
C29954,13,614,No
C29955,15,713,No
C29956,12,560,Yes
C29957,15,678,Yes
C29958,17,633,No
C29959,13,631,Yes
C29960,12,613,Yes
C29961,14,639,Yes
C29962,15,650,No
C29963,12,580,Yes
C29964,13,659,No
C29965,14,672,Yes
C29966,13,654,No
C29967,13,566,No
C29968,14,719,No
C29969,17,554,Yes
C29970,16,704,Yes
C29971,16,656,Yes
C29972,16,617,Yes
C29973,17,508,Yes
C29974,11,720,No
C29975,15,672,Yes
C29976,15,583,Yes
C29977,14,620,No
C29978,15,668,No
C29979,16,591,No
C29980,12,743,No
C29981,13,631,Yes
C29982,11,669,No
C29983,12,563,Yes
C29984,12,691,No
C29985,16,635,Yes
C29986,16,602,No
C29987,15,657,Yes
C29988,12,605,Yes
C29989,15,674,Yes
C29990,15,636,No
C29991,15,662,No
C29992,12,682,No
C29993,13,586,Yes
C29994,12,663,No
C29995,17,635,No
C29996,14,652,No
C29997,11,651,Yes
C29998,14,597,No
C29999,14,685,Yes
C30000,11,674,No
C30001,16,712,No
C30002,12,665,No
C30003,14,675,No
C30004,13,622,Yes
C30005,13,688,Yes
C30006,14,700,No
C30007,16,634,Yes
C30008,15,613,No
C30009,15,650,No
C30010,16,628,No
C30011,13,694,Yes
C30012,17,716,No
C30013,15,621,No
C30014,17,596,Yes
C30015,14,588,Yes
C30016,14,658,No
C30017,12,656,No
C30018,16,638,Yes
C30019,15,660,Yes
C30020,15,558,Yes
C30021,12,673,Yes
C30022,11,704,No
C30023,13,676,No
C30024,12,671,No
C30025,12,675,Yes
C30026,11,679,No
C30027,15,657,No
C30028,16,673,No
C30029,11,603,Yes
C30030,12,706,No
C30031,11,597,No
C30032,13,591,Yes
C30033,12,661,Yes
C30034,12,742,No
C30035,13,691,No
C30036,14,704,Yes
C30037,14,639,No
C30038,12,600,Yes
C30039,13,679,Yes
C30040,12,672,No
C30041,12,632,No
C30042,15,682,No
C30043,14,639,No
C30044,17,707,No
C30045,13,650,No
C30046,11,618,Yes
C30047,13,620,No
C30048,12,546,Yes
C30049,16,525,Yes
C30050,15,635,Yes
C30051,14,684,No
C30052,13,694,No
C30053,17,693,Yes
C30054,12,694,Yes
C30055,16,691,Yes
C30056,11,645,Yes
C30057,14,660,Yes
C30058,14,683,No
C30059,17,646,No
C30060,16,622,Yes
C30061,16,627,Yes
C30062,15,476,Yes
C30063,17,550,No
C30064,11,661,No
C30065,17,690,No
C30066,12,634,Yes
C30067,17,658,Yes
C30068,13,578,Yes
C30069,16,641,Yes
C30070,16,575,Yes
C30071,16,687,No
C30072,16,682,No
C30073,16,613,Yes
C30074,14,588,No
C30075,15,692,Yes
C30076,11,635,No
C30077,13,644,Yes
C30078,11,688,No
C30079,12,694,No
C30080,14,632,No
C30081,14,658,Yes
C30082,15,608,Yes
C30083,12,666,No
C30084,15,677,No
C30085,13,619,Yes
C30086,16,701,No
C30087,16,687,No
C30088,17,660,Yes
C30089,16,507,Yes
C30090,14,666,No
C30091,15,660,Yes
C30092,11,648,No
C30093,13,702,Yes
C30094,17,683,No
C30095,16,609,No
C30096,16,661,No
C30097,13,683,Yes
C30098,14,651,No
C30099,17,626,Yes
C30100,11,566,Yes
C30101,16,592,Yes
C30102,14,684,Yes
C30103,17,641,No
C30104,14,550,No
C30105,17,612,Yes
C30106,15,530,Yes
C30107,15,726,No
C30108,17,651,No
C30109,12,653,No
C30110,14,620,No
C30111,16,681,No
C30112,11,586,Yes
C30113,15,662,Yes
C30114,15,625,No
C30115,13,697,No
C30116,17,545,No
C30117,11,677,No
C30118,13,565,No
C30119,14,662,No
C30120,13,690,No
C30121,12,573,Yes
C30122,16,681,No
C30123,15,687,Yes
C30124,11,739,Yes
C30125,12,683,Yes
C30126,12,641,Yes
C30127,15,572,Yes
C30128,16,600,Yes
C30129,17,699,Yes
C30130,17,756,No
C30131,13,580,Yes
C30132,13,703,Yes
C30133,16,623,Yes
C30134,15,574,Yes
C30135,16,638,No
C30136,11,662,Yes
C30137,16,694,No
C30138,12,663,Yes
C30139,12,674,No
C30140,17,563,Yes
C30141,13,685,No
C30142,11,595,No
C30143,13,722,Yes
C30144,14,594,Yes
C30145,14,692,No
C30146,15,637,No
C30147,11,715,Yes
C30148,17,659,No
C30149,13,659,Yes
C30150,15,700,No
C30151,14,711,Yes
C30152,12,539,Yes
C30153,11,656,No
C30154,16,635,No
C30155,16,679,No
C30156,11,584,No
C30157,17,593,Yes
C30158,11,662,No
C30159,13,709,No
C30160,16,647,Yes
C30161,15,498,Yes
C30162,15,540,Yes
C30163,11,636,Yes
C30164,15,606,No
C30165,11,633,Yes
C30166,14,499,Yes
C30167,12,684,No
C30168,13,741,Yes
C30169,14,710,No
C30170,14,650,Yes
C30171,11,657,No
C30172,11,570,Yes
C30173,13,615,No
C30174,12,637,No
C30175,13,639,Yes
C30176,11,671,Yes
C30177,15,660,No
C30178,12,642,Yes
C30179,11,652,No
C30180,17,616,No
C30181,12,582,Yes
C30182,12,631,No
C30183,17,724,No
C30184,12,637,Yes
C30185,15,605,Yes
C30186,13,679,Yes
C30187,12,606,No
C30188,14,644,Yes
C30189,12,656,No
C30190,17,647,Yes
C30191,14,509,No
C30192,13,623,Yes
C30193,13,716,Yes
C30194,12,702,Yes
C30195,16,651,No
C30196,14,637,No
C30197,15,581,Yes
C30198,11,590,No
C30199,16,566,No
C30200,12,649,No
C30201,11,671,No
C30202,13,640,Yes
C30203,14,653,No
C30204,11,712,No
C30205,12,616,Yes
C30206,14,675,Yes
C30207,17,625,Yes
C30208,14,646,Yes
C30209,16,659,Yes
C30210,14,590,No
C30211,13,706,Yes
C30212,17,655,No
C30213,15,570,No
C30214,15,655,No
C30215,11,657,Yes
C30216,15,567,Yes
C30217,17,719,No
C30218,12,679,No
C30219,16,622,Yes
C30220,16,487,Yes
C30221,17,699,Yes
C30222,11,669,No
C30223,14,705,No
C30224,17,634,No
C30225,16,663,No
C30226,12,655,Yes
C30227,12,683,No
C30228,17,694,Yes
C30229,13,627,No
C30230,13,652,Yes
C30231,11,590,Yes
C30232,17,556,Yes
C30233,11,613,Yes
C30234,17,673,Yes
C30235,13,681,Yes
C30236,12,550,No
C30237,13,594,Yes
C30238,17,629,Yes
C30239,12,597,No
C30240,17,677,Yes
C30241,17,675,Yes
C30242,12,702,No
C30243,17,679,No
C30244,11,669,No
C30245,11,675,No
C30246,16,715,Yes
C30247,16,685,Yes
C30248,12,630,Yes
C30249,16,695,Yes
C30250,15,714,No
C30251,17,621,Yes
C30252,13,573,Yes
C30253,12,668,Yes
C30254,11,565,No
C30255,12,672,No
C30256,12,625,Yes
C30257,13,636,Yes
C30258,12,569,No
C30259,12,704,No
C30260,13,697,No
C30261,12,680,Yes
C30262,12,604,No
C30263,14,596,Yes
C30264,15,705,No
C30265,12,698,Yes
C30266,11,569,Yes
C30267,12,623,Yes
C30268,12,678,No
C30269,12,679,Yes
C30270,15,703,Yes
C30271,12,622,Yes
C30272,14,634,Yes
C30273,16,688,Yes
C30274,13,690,No
C30275,15,638,Yes
C30276,17,689,Yes
C30277,12,626,Yes
C30278,11,579,Yes
C30279,15,652,Yes
C30280,15,605,No
C30281,17,653,Yes
C30282,15,578,No
C30283,14,674,Yes
C30284,12,688,No
C30285,16,537,Yes
C30286,15,574,Yes
C30287,12,643,Yes
C30288,17,652,Yes
C30289,15,684,Yes
C30290,17,624,Yes
C30291,14,682,No
C30292,15,652,Yes
C30293,15,629,No
C30294,17,685,No
C30295,13,515,No
C30296,15,704,No
C30297,15,687,Yes
C30298,11,688,No
C30299,16,654,Yes
C30300,15,651,No
C30301,13,652,Yes
C30302,12,674,No
C30303,11,625,Yes
C30304,16,469,Yes
C30305,11,609,Yes
C30306,13,621,Yes
C30307,17,586,Yes
C30308,13,653,Yes
C30309,16,617,Yes
C30310,14,701,Yes
C30311,17,680,Yes
C30312,17,708,No
C30313,13,553,Yes
C30314,14,671,No
C30315,14,652,No
C30316,17,722,No
C30317,17,712,No
C30318,12,662,Yes
C30319,13,605,No
C30320,11,637,Yes
C30321,12,720,Yes
C30322,12,694,No
C30323,11,664,Yes
C30324,12,675,No
C30325,14,640,No
C30326,17,618,Yes
C30327,11,710,No
C30328,16,671,No
C30329,12,588,No
C30330,15,684,No
C30331,14,663,Yes
C30332,14,704,No
C30333,17,628,Yes
C30334,11,728,Yes
C30335,16,658,Yes
C30336,11,684,Yes
C30337,13,722,Yes
C30338,15,607,Yes
C30339,14,647,Yes
C30340,17,617,Yes
C30341,12,591,No
C30342,17,656,Yes
C30343,15,679,Yes
C30344,13,658,Yes
C30345,16,654,Yes
C30346,16,645,Yes
C30347,12,688,Yes
C30348,13,640,No
C30349,13,570,No
C30350,12,718,Yes
C30351,12,668,Yes
C30352,14,683,Yes
C30353,12,556,No
C30354,15,581,Yes
C30355,13,576,Yes
C30356,15,673,No
C30357,11,667,No
C30358,12,569,No
C30359,16,672,No
C30360,16,648,Yes
C30361,11,686,No
C30362,15,657,No
C30363,14,587,Yes
C30364,12,648,Yes
C30365,14,686,No
C30366,17,704,No
C30367,15,655,No
C30368,15,657,Yes
C30369,13,674,No
C30370,12,650,Yes
C30371,17,647,Yes
C30372,12,618,Yes
C30373,13,680,No
C30374,13,521,Yes
C30375,15,703,No
C30376,12,636,No
C30377,14,700,No
C30378,15,616,Yes
C30379,14,574,Yes
C30380,13,654,No
C30381,12,700,Yes
C30382,15,735,No
C30383,17,650,Yes
C30384,16,680,Yes
C30385,11,606,Yes
C30386,16,619,Yes
C30387,17,661,No
C30388,11,585,No
C30389,14,614,Yes
C30390,11,545,No
C30391,12,600,Yes
C30392,15,575,Yes
C30393,17,646,Yes
C30394,16,682,Yes
C30395,14,650,No
C30396,12,643,No
C30397,11,680,Yes
C30398,13,622,Yes
C30399,16,666,Yes
C30400,12,679,Yes
C30401,15,615,Yes
C30402,11,551,Yes
C30403,11,688,Yes
C30404,13,655,No
C30405,14,702,No
C30406,16,631,Yes
C30407,15,626,No
C30408,16,618,Yes
C30409,15,611,Yes
C30410,15,662,No
C30411,16,553,Yes
C30412,13,690,No
C30413,11,662,Yes
C30414,14,692,Yes
C30415,17,622,No
C30416,17,700,No
C30417,17,618,Yes
C30418,16,575,Yes
C30419,15,637,Yes
C30420,13,465,Yes
C30421,11,596,Yes
C30422,16,656,No
C30423,16,564,Yes
C30424,11,631,No
C30425,11,652,Yes
C30426,14,687,Yes
C30427,17,680,No
C30428,17,610,Yes
C30429,11,659,No
C30430,14,645,Yes
C30431,15,653,Yes
C30432,14,574,No
C30433,16,600,Yes
C30434,16,614,Yes
C30435,15,674,No
C30436,16,649,No
C30437,13,639,Yes
C30438,16,648,No
C30439,11,563,No
C30440,14,664,Yes
C30441,12,665,Yes
C30442,14,636,Yes
C30443,15,630,Yes
C30444,12,662,No
C30445,17,601,Yes
C30446,13,679,Yes
C30447,13,632,Yes
C30448,11,681,Yes
C30449,15,648,Yes
C30450,12,705,No
C30451,11,720,No
C30452,11,703,Yes
C30453,13,627,Yes
C30454,15,686,No
C30455,14,551,Yes
C30456,16,620,No
C30457,16,673,Yes
C30458,16,701,No
C30459,14,673,Yes
C30460,11,567,No
C30461,17,673,No
C30462,14,649,No
C30463,14,490,Yes
C30464,11,629,No
C30465,17,642,No
C30466,17,633,Yes
C30467,11,734,No
C30468,11,659,No
C30469,13,647,No
C30470,16,634,Yes
C30471,14,628,No
C30472,17,592,No
C30473,17,563,Yes
C30474,14,712,No
C30475,15,662,Yes
C30476,14,505,No
C30477,12,633,Yes
C30478,11,705,No
C30479,16,618,Yes
C30480,15,652,Yes
C30481,15,624,Yes
C30482,12,547,Yes
C30483,12,650,Yes
C30484,12,645,Yes
C30485,15,729,No
C30486,14,629,Yes
C30487,15,626,No
C30488,16,672,No
C30489,11,589,No
C30490,12,642,No
C30491,17,634,Yes
C30492,12,590,No
C30493,17,577,Yes
C30494,13,552,Yes
C30495,15,654,Yes
C30496,13,682,No
C30497,14,620,No
C30498,12,620,Yes
C30499,12,635,Yes
C30500,13,645,No
C30501,17,696,No
C30502,11,642,Yes
C30503,16,674,No
C30504,12,724,No
C30505,17,593,Yes
C30506,13,667,Yes
C30507,14,641,Yes
C30508,15,717,No
C30509,16,710,Yes
C30510,12,648,Yes
C30511,13,691,No
C30512,14,609,No
C30513,16,543,No
C30514,17,693,Yes
C30515,16,686,No
C30516,14,709,No
C30517,11,667,Yes
C30518,14,545,Yes
C30519,16,678,No
C30520,11,663,No
C30521,13,638,Yes
C30522,15,639,No
C30523,12,636,Yes
C30524,15,639,Yes
C30525,12,690,No
C30526,15,685,Yes
C30527,15,661,No
C30528,14,641,No
C30529,16,670,Yes
C30530,12,676,Yes
C30531,16,703,Yes
C30532,14,622,No
C30533,11,676,No
C30534,11,711,No
C30535,14,592,No
C30536,12,650,Yes
C30537,15,652,Yes
C30538,13,686,No
C30539,13,677,No
C30540,14,713,No
C30541,14,652,No
C30542,12,717,No
C30543,15,664,Yes
C30544,16,688,No
C30545,13,628,Yes
C30546,11,599,No
C30547,14,603,Yes
C30548,17,611,No
C30549,17,698,No
C30550,14,691,Yes
C30551,11,654,No
C30552,13,598,Yes
C30553,13,614,No
C30554,11,598,No
C30555,11,688,Yes
C30556,17,655,No
C30557,16,615,No
C30558,16,681,No
C30559,12,692,No
C30560,13,678,Yes
C30561,14,687,No
C30562,17,667,No
C30563,17,603,No
C30564,13,657,No
C30565,15,513,Yes
C30566,11,562,Yes
C30567,11,700,No
C30568,13,614,Yes
C30569,15,631,Yes
C30570,14,695,No
C30571,15,592,Yes
C30572,17,691,No
C30573,14,665,Yes
C30574,14,673,Yes
C30575,12,682,No
C30576,14,637,Yes
C30577,17,599,Yes
C30578,15,644,Yes
C30579,16,601,Yes
C30580,14,671,Yes
C30581,11,655,No
C30582,14,607,Yes
C30583,13,651,No
C30584,12,653,No
C30585,13,693,No
C30586,13,677,Yes
C30587,12,731,No
C30588,11,637,No
C30589,15,695,Yes
C30590,17,635,No
C30591,12,658,No
C30592,16,601,Yes
C30593,15,605,No
C30594,16,694,Yes
C30595,13,700,No
C30596,17,682,No
C30597,15,656,Yes
C30598,12,608,Yes
C30599,12,699,Yes
C30600,14,654,No
C30601,13,627,Yes
C30602,11,696,Yes
C30603,14,586,No
C30604,14,667,No
C30605,17,714,No
C30606,17,661,Yes
C30607,14,673,No
C30608,15,631,Yes
C30609,17,741,No
C30610,13,659,No
C30611,16,662,No
C30612,12,707,No
C30613,15,672,No
C30614,11,702,No
C30615,12,632,Yes
C30616,14,711,Yes
C30617,16,503,Yes
C30618,16,704,Yes
C30619,16,663,No
C30620,17,713,No
C30621,17,643,No
C30622,13,675,No
C30623,15,667,Yes
C30624,16,692,No
C30625,11,689,No
C30626,17,614,Yes
C30627,13,594,Yes
C30628,13,528,No
C30629,14,724,No
C30630,12,678,No
C30631,17,563,No
C30632,13,683,No
C30633,14,600,Yes
C30634,13,647,No
C30635,12,691,No
C30636,12,569,Yes
C30637,14,624,No
C30638,15,695,Yes
C30639,13,639,No
C30640,16,648,No
C30641,13,696,Yes
C30642,11,639,Yes
C30643,14,612,Yes
C30644,17,691,No
C30645,11,625,No
C30646,14,666,No
C30647,16,629,No
C30648,14,671,Yes
C30649,17,581,Yes
C30650,11,721,No
C30651,12,711,Yes
C30652,11,685,No
C30653,16,635,No
C30654,15,694,No
C30655,13,647,Yes
C30656,11,679,No
C30657,15,679,Yes
C30658,17,672,No
C30659,12,654,Yes
C30660,15,674,Yes
C30661,16,664,No
C30662,12,640,Yes
C30663,13,713,Yes
C30664,16,655,No
C30665,11,592,Yes
C30666,11,625,No
C30667,14,724,No
C30668,12,581,Yes
C30669,16,634,Yes
C30670,17,616,Yes
C30671,13,604,Yes
C30672,12,672,Yes
C30673,15,638,No
C30674,14,682,Yes
C30675,14,727,No
C30676,11,718,No
C30677,11,729,Yes
C30678,17,568,Yes
C30679,14,640,Yes
C30680,11,671,No
C30681,16,587,No
C30682,14,603,No
C30683,17,625,Yes
C30684,15,588,Yes
C30685,11,672,No
C30686,12,655,Yes
C30687,13,613,No
C30688,11,696,Yes
C30689,15,688,No
C30690,17,716,No
C30691,17,640,Yes
C30692,14,657,Yes
C30693,11,648,Yes
C30694,16,632,Yes
C30695,16,706,No
C30696,16,567,Yes
C30697,15,553,No
C30698,12,753,No
C30699,12,565,No
C30700,17,630,No
C30701,16,713,No
C30702,13,712,Yes
C30703,12,623,Yes
C30704,15,697,No
C30705,14,620,No
C30706,15,656,No
C30707,14,685,Yes
C30708,12,648,Yes
C30709,14,656,Yes
C30710,14,641,Yes
C30711,14,586,Yes
C30712,15,683,No
C30713,12,649,Yes
C30714,12,551,Yes
C30715,17,684,No
C30716,14,640,No
C30717,11,677,Yes
C30718,11,708,No
C30719,14,557,Yes
C30720,14,725,No
C30721,14,652,Yes
C30722,14,687,Yes
C30723,17,673,Yes
C30724,17,613,Yes
C30725,12,703,No
C30726,13,646,No
C30727,15,677,Yes
C30728,17,629,Yes
C30729,11,611,No
C30730,13,645,Yes
C30731,11,658,No
C30732,13,618,Yes
C30733,11,522,Yes
C30734,16,665,No
C30735,15,606,Yes
C30736,15,694,No
C30737,16,704,No
C30738,15,656,No
C30739,14,658,No
C30740,17,648,No
C30741,13,628,No
C30742,13,654,No
C30743,16,662,No
C30744,12,673,Yes
C30745,15,627,Yes
C30746,12,629,No
C30747,14,610,Yes
C30748,16,590,No
C30749,17,627,Yes
C30750,13,678,No
C30751,12,599,No
C30752,14,686,Yes
C30753,14,593,No
C30754,17,666,No
C30755,17,692,No
C30756,11,712,No
C30757,13,626,No
C30758,14,632,No
C30759,16,701,No
C30760,15,534,Yes
C30761,17,545,Yes
C30762,16,714,Yes
C30763,16,654,No
C30764,17,636,Yes
C30765,15,702,No
C30766,13,658,No
C30767,17,630,No
C30768,11,670,Yes
C30769,12,613,Yes
C30770,16,615,Yes
C30771,14,714,No
C30772,12,630,Yes
C30773,14,656,Yes
C30774,13,615,Yes
C30775,17,662,No
C30776,16,695,Yes
C30777,17,685,Yes
C30778,13,720,No
C30779,12,649,No
C30780,13,578,Yes
C30781,12,663,Yes
C30782,12,601,Yes
C30783,12,551,No
C30784,12,667,No
C30785,14,682,Yes
C30786,16,586,Yes
C30787,13,691,Yes
C30788,16,646,Yes
C30789,13,719,No
C30790,13,610,No
C30791,17,631,No
C30792,15,568,No
C30793,11,651,No
C30794,13,685,No
C30795,16,665,Yes
C30796,15,630,No
C30797,11,608,Yes
C30798,14,665,Yes
C30799,13,702,No
C30800,12,713,Yes
C30801,17,662,Yes
C30802,16,663,No
C30803,13,702,No
C30804,16,682,No
C30805,11,715,No
C30806,15,663,No
C30807,15,490,Yes
C30808,13,596,Yes
C30809,15,570,Yes
C30810,12,713,Yes
C30811,16,619,Yes
C30812,12,731,No
C30813,16,593,No
C30814,14,635,No
C30815,14,646,Yes
C30816,16,634,No
C30817,14,679,Yes
C30818,17,681,Yes
C30819,13,518,Yes
C30820,13,727,No
C30821,11,538,Yes
C30822,13,662,Yes
C30823,13,716,Yes
C30824,15,623,No
C30825,15,680,Yes
C30826,15,642,No
C30827,15,731,Yes
C30828,12,649,Yes
C30829,12,548,No
C30830,17,712,Yes
C30831,11,712,No
C30832,16,666,No
C30833,11,659,Yes
C30834,16,605,Yes
C30835,11,631,No
C30836,14,689,No
C30837,15,719,No
C30838,17,634,Yes
C30839,16,575,No
C30840,11,622,Yes
C30841,11,672,Yes
C30842,15,671,No
C30843,12,703,Yes
C30844,11,716,No
C30845,14,690,Yes
C30846,17,650,No
C30847,16,691,No
C30848,15,705,No
C30849,15,712,No
C30850,13,656,No
C30851,17,661,No
C30852,11,595,No
C30853,17,627,No
C30854,11,642,No
C30855,11,644,Yes
C30856,14,671,No
C30857,13,620,No
C30858,14,637,No
C30859,12,488,No
C30860,15,696,No
C30861,12,666,No
C30862,15,651,No
C30863,12,529,No
C30864,13,702,Yes
C30865,13,697,No
C30866,16,675,No
C30867,15,617,Yes
C30868,11,641,Yes
C30869,14,693,No
C30870,11,701,Yes
C30871,17,720,No
C30872,15,646,No
C30873,12,666,No
C30874,11,684,Yes
C30875,15,605,No
C30876,15,634,Yes
C30877,13,518,No
C30878,11,679,No
C30879,15,690,No
C30880,15,568,No
C30881,14,701,No
C30882,11,644,Yes
C30883,17,527,Yes
C30884,15,634,Yes
C30885,11,614,Yes
C30886,16,711,No
C30887,12,698,Yes
C30888,13,598,No
C30889,15,670,Yes
C30890,11,719,Yes
C30891,13,693,No
C30892,11,713,Yes
C30893,14,603,Yes
C30894,12,710,Yes
C30895,16,651,Yes
C30896,11,599,No
C30897,17,645,No
C30898,15,677,Yes
C30899,12,686,Yes
C30900,17,690,No
C30901,11,664,Yes
C30902,12,704,No
C30903,14,630,Yes
C30904,14,601,Yes
C30905,12,635,Yes
C30906,13,666,Yes
C30907,14,710,No
C30908,12,558,Yes
C30909,12,695,No
C30910,12,678,No
C30911,17,619,Yes
C30912,12,708,Yes
C30913,16,594,Yes
C30914,16,507,Yes
C30915,17,694,No
C30916,13,618,No
C30917,14,662,No
C30918,16,721,No
C30919,15,722,Yes
C30920,17,640,Yes
C30921,14,658,No
C30922,15,629,No
C30923,15,694,No
C30924,14,651,Yes
C30925,11,677,No
C30926,17,568,No
C30927,14,623,Yes
C30928,15,634,Yes
C30929,12,716,No
C30930,12,653,Yes
C30931,12,688,No
C30932,17,634,Yes
C30933,17,597,Yes
C30934,13,619,No
C30935,12,703,Yes
C30936,14,650,No
C30937,12,607,No
C30938,15,597,Yes
C30939,13,637,No
C30940,13,638,Yes
C30941,15,632,No
C30942,12,706,No
C30943,14,649,No
C30944,11,600,Yes
C30945,13,545,Yes
C30946,16,690,Yes
C30947,12,662,No
C30948,17,687,Yes
C30949,14,475,Yes
C30950,17,616,Yes
C30951,14,609,No
C30952,14,596,Yes
C30953,11,657,No
C30954,11,680,Yes
C30955,16,673,Yes
C30956,11,656,No
C30957,13,654,Yes
C30958,11,579,Yes
C30959,15,639,Yes
C30960,12,585,Yes
C30961,14,666,No
C30962,11,663,No
C30963,17,691,No
C30964,13,671,No
C30965,16,679,Yes
C30966,11,655,Yes
C30967,11,682,Yes
C30968,17,681,No
C30969,12,703,No
C30970,16,692,No
C30971,16,510,Yes
C30972,13,649,Yes
C30973,15,708,No
C30974,16,706,Yes
C30975,15,579,Yes
C30976,12,691,No
C30977,12,687,No
C30978,12,703,No
C30979,14,682,No
C30980,14,701,No
C30981,11,656,No
C30982,12,623,Yes
C30983,13,584,No
C30984,15,665,No
C30985,13,611,No
C30986,14,735,Yes
C30987,14,590,Yes
C30988,14,679,No
C30989,13,588,Yes
C30990,17,647,Yes
C30991,14,684,No
C30992,12,696,Yes
C30993,13,576,No
C30994,15,589,Yes
C30995,17,733,Yes
C30996,11,743,Yes
C30997,16,704,Yes
C30998,14,651,No
C30999,14,682,Yes
C31000,16,702,No
C31001,14,589,Yes
C31002,11,654,Yes
C31003,17,600,Yes
C31004,12,706,No
C31005,17,709,Yes
C31006,13,625,No
C31007,15,667,Yes
C31008,13,717,No
C31009,12,581,Yes
C31010,14,643,Yes
C31011,13,688,Yes
C31012,11,632,Yes
C31013,17,677,No
C31014,17,738,No
C31015,12,702,No
C31016,15,593,Yes
C31017,17,651,Yes
C31018,12,669,Yes
C31019,15,698,No
C31020,12,660,Yes
C31021,16,602,Yes
C31022,12,730,Yes
C31023,16,560,Yes
C31024,11,637,Yes
C31025,16,678,Yes
C31026,12,587,Yes
C31027,14,597,Yes
C31028,15,662,Yes
C31029,14,693,Yes
C31030,16,642,No
C31031,14,628,No
C31032,11,542,No
C31033,11,636,Yes
C31034,13,640,No
C31035,17,681,Yes
C31036,15,657,Yes
C31037,13,642,Yes
C31038,17,693,No
C31039,15,470,No
C31040,17,706,Yes
C31041,11,609,Yes
C31042,13,652,No
C31043,14,507,Yes
C31044,11,501,Yes
C31045,11,690,Yes
C31046,11,655,Yes
C31047,15,652,Yes
C31048,14,640,Yes
C31049,14,632,Yes
C31050,16,659,Yes
C31051,13,691,No
C31052,13,648,No
C31053,14,655,No
C31054,16,633,No
C31055,15,594,No
C31056,11,693,Yes
C31057,12,591,Yes
C31058,14,632,No
C31059,15,672,No
C31060,14,619,No
C31061,12,674,Yes
C31062,12,720,No
C31063,15,724,No
C31064,15,666,No
C31065,15,638,No
C31066,16,633,Yes
C31067,13,643,No
C31068,12,637,No
C31069,16,662,No
C31070,15,729,No
C31071,13,649,Yes
C31072,14,747,No
C31073,12,608,No
C31074,14,702,Yes
C31075,12,704,No
C31076,14,644,Yes
C31077,14,682,Yes
C31078,11,574,Yes
C31079,15,570,Yes
C31080,11,656,No
C31081,12,628,No
C31082,16,645,No
C31083,16,660,No
C31084,15,724,No
C31085,13,683,No
C31086,11,577,Yes
C31087,12,707,Yes
C31088,11,612,No
C31089,12,656,Yes
C31090,14,638,Yes
C31091,14,652,No
C31092,15,565,No
C31093,14,699,Yes
C31094,12,595,Yes
C31095,13,685,No
C31096,17,664,Yes
C31097,11,546,Yes
C31098,14,650,No
C31099,16,663,Yes
C31100,12,635,No
C31101,14,697,No
C31102,16,702,No
C31103,12,727,No
C31104,12,590,Yes
C31105,16,649,Yes
C31106,13,627,No
C31107,12,544,Yes
C31108,13,658,Yes
C31109,17,709,No
C31110,11,705,No
C31111,16,631,No
C31112,16,661,No
C31113,16,652,Yes
C31114,12,588,Yes
C31115,12,654,Yes
C31116,12,714,No
C31117,16,508,Yes
C31118,16,646,Yes
C31119,13,723,No
C31120,15,644,Yes
C31121,14,697,No
C31122,16,755,Yes
C31123,13,663,Yes
C31124,14,505,Yes
C31125,15,627,Yes
C31126,11,686,Yes
C31127,13,574,No
C31128,12,622,No
C31129,14,669,No
C31130,17,660,No
C31131,16,669,No
C31132,12,567,No
C31133,14,647,No
C31134,11,682,Yes
C31135,13,636,Yes
C31136,15,577,No
C31137,16,588,Yes
C31138,16,608,No
C31139,16,669,Yes
C31140,14,609,Yes
C31141,12,652,No
C31142,11,721,Yes
C31143,17,676,No
C31144,11,589,Yes
C31145,13,700,No
C31146,16,604,No
C31147,12,668,Yes
C31148,11,668,No
C31149,12,557,Yes
C31150,11,650,No
C31151,13,631,Yes
C31152,14,715,No
C31153,12,638,No
C31154,14,740,No
C31155,13,685,Yes
C31156,15,641,No
C31157,12,588,No
C31158,15,658,Yes
C31159,13,584,No
C31160,16,698,No
C31161,11,644,No
C31162,16,557,Yes
C31163,15,652,No
C31164,11,616,Yes
C31165,16,666,No
C31166,14,590,No
C31167,17,588,No
C31168,14,661,Yes
C31169,13,639,Yes
C31170,16,691,No
C31171,17,587,Yes
C31172,14,680,No
C31173,12,656,No
C31174,14,660,Yes
C31175,17,706,No
C31176,12,686,No
C31177,15,656,Yes
C31178,15,642,Yes
C31179,15,650,No
C31180,15,697,No
C31181,17,638,Yes
C31182,11,658,No
C31183,15,611,No
C31184,16,638,Yes
C31185,16,633,No
C31186,13,643,No
C31187,15,589,No
C31188,16,668,No
C31189,13,641,No
C31190,13,703,Yes
C31191,13,575,No
C31192,14,690,No
C31193,15,610,Yes
C31194,13,661,Yes
C31195,13,670,Yes
C31196,13,675,Yes
C31197,11,626,No
C31198,13,601,No
C31199,15,669,No
C31200,11,667,No
C31201,11,515,No
C31202,15,566,No
C31203,16,609,No
C31204,17,694,Yes
C31205,14,667,No
C31206,12,595,No
C31207,13,731,Yes
C31208,15,644,No
C31209,11,586,Yes
C31210,15,618,No
C31211,14,709,Yes
C31212,16,638,No
C31213,13,662,No
C31214,16,575,Yes
C31215,12,695,No
C31216,11,573,Yes
C31217,12,646,No
C31218,15,696,Yes
C31219,16,669,Yes
C31220,13,688,Yes
C31221,13,622,Yes
C31222,11,681,No
C31223,16,614,Yes
C31224,17,710,No
C31225,14,660,Yes
C31226,11,693,Yes
C31227,14,686,No
C31228,15,610,No
C31229,12,531,Yes
C31230,14,713,No
C31231,12,641,Yes
C31232,12,685,No
C31233,17,640,No
C31234,15,634,No
C31235,15,655,No
C31236,17,690,Yes
C31237,17,688,Yes
C31238,16,545,Yes
C31239,12,629,Yes
C31240,13,634,No
C31241,16,541,Yes
C31242,13,546,Yes
C31243,11,686,Yes
C31244,14,645,Yes
C31245,12,607,No
C31246,17,631,Yes
C31247,12,594,Yes
C31248,14,700,No
C31249,11,640,No
C31250,16,569,Yes
C31251,11,641,No
C31252,13,679,No
C31253,12,681,Yes
C31254,13,664,Yes
C31255,17,606,Yes
C31256,17,680,No
C31257,11,627,Yes
C31258,11,657,Yes
C31259,15,636,Yes
C31260,16,656,Yes
C31261,14,692,No
C31262,16,648,Yes
C31263,15,681,No
C31264,16,647,No
C31265,16,585,Yes
C31266,16,605,Yes
C31267,12,504,Yes
C31268,17,717,No
C31269,16,680,No
C31270,17,597,Yes
C31271,17,667,Yes
C31272,15,642,Yes
C31273,16,623,Yes
C31274,16,636,No
C31275,12,683,Yes
C31276,15,640,Yes
C31277,11,517,Yes
C31278,16,716,Yes
C31279,17,576,No
C31280,14,602,No
C31281,17,585,No
C31282,12,680,No
C31283,13,593,Yes
C31284,12,652,Yes
C31285,12,731,No
C31286,14,637,Yes
C31287,15,662,Yes
C31288,13,629,No
C31289,13,565,Yes
C31290,12,580,Yes
C31291,13,685,Yes
C31292,11,644,Yes
C31293,14,695,No
C31294,16,721,Yes
C31295,16,575,No
C31296,16,664,No
C31297,13,695,Yes
C31298,12,747,No
C31299,15,610,Yes
C31300,13,632,Yes
C31301,12,642,Yes
C31302,11,694,Yes
C31303,12,671,No
C31304,12,602,No
C31305,13,709,Yes
C31306,17,729,No
C31307,14,669,Yes
C31308,11,722,No
C31309,17,586,Yes
C31310,16,664,No
C31311,13,663,Yes
C31312,14,708,Yes
C31313,13,750,No
C31314,16,619,Yes
C31315,17,706,No
C31316,12,543,Yes
C31317,12,711,Yes
C31318,15,612,Yes
C31319,13,644,No
C31320,11,717,No
C31321,15,730,No
C31322,17,712,No
C31323,12,624,Yes
C31324,11,603,No
C31325,17,648,No
C31326,13,674,Yes
C31327,13,689,Yes
C31328,16,649,Yes
C31329,14,635,No
C31330,12,708,No
C31331,16,682,No
C31332,17,633,No
C31333,17,703,No
C31334,11,675,No
C31335,11,609,Yes
C31336,13,626,No
C31337,14,677,Yes
C31338,14,724,Yes
C31339,14,605,No
C31340,17,690,Yes
C31341,13,625,No
C31342,13,684,Yes
C31343,12,643,No
C31344,15,577,Yes
C31345,12,653,No
C31346,12,653,Yes
C31347,15,696,No
C31348,12,703,No
C31349,14,701,No
C31350,14,580,Yes
C31351,13,679,Yes
C31352,15,672,No
C31353,17,674,No
C31354,14,591,No
C31355,13,555,Yes
C31356,16,687,Yes
C31357,17,598,No
C31358,14,687,Yes
C31359,14,551,Yes
C31360,16,678,Yes
C31361,13,736,Yes
C31362,11,588,Yes
C31363,11,661,No
C31364,12,609,Yes
C31365,12,645,No
C31366,11,570,Yes
C31367,16,653,No
C31368,14,669,Yes
C31369,14,694,Yes
C31370,14,660,Yes
C31371,12,680,No
C31372,11,623,Yes
C31373,15,704,No
C31374,16,764,No
C31375,12,632,Yes
C31376,16,725,No
C31377,13,651,No
C31378,14,674,No
C31379,11,557,Yes
C31380,13,566,Yes
C31381,13,676,Yes
C31382,12,630,Yes
C31383,13,701,No
C31384,16,681,No
C31385,15,691,No
C31386,17,657,Yes
C31387,13,670,Yes
C31388,14,666,No
C31389,11,705,No
C31390,14,654,No
C31391,12,601,Yes
C31392,17,687,No
C31393,17,637,Yes
C31394,17,563,Yes
C31395,15,651,Yes
C31396,14,669,Yes
C31397,16,612,Yes
C31398,14,688,No
C31399,16,700,Yes
C31400,11,641,Yes
C31401,14,678,No
C31402,11,699,Yes
C31403,16,648,Yes
C31404,11,627,Yes
C31405,15,632,No
C31406,13,666,No
C31407,14,634,No
C31408,17,687,Yes
C31409,14,691,No
C31410,12,719,Yes
C31411,16,649,Yes
C31412,13,623,No
C31413,12,596,No
C31414,11,725,No
C31415,14,645,No
C31416,14,672,No
C31417,12,619,Yes
C31418,17,714,No
C31419,13,722,Yes
C31420,15,658,Yes
C31421,15,654,Yes
C31422,16,704,No
C31423,11,635,No
C31424,16,576,No
C31425,16,704,Yes
C31426,14,675,Yes
C31427,13,581,No
C31428,14,651,No
C31429,13,719,Yes
C31430,13,643,No
C31431,15,648,No
C31432,12,647,No
C31433,12,638,No
C31434,11,641,No
C31435,13,715,Yes
C31436,12,605,Yes
C31437,11,546,Yes
C31438,17,594,Yes
C31439,12,648,No
C31440,17,632,Yes
C31441,17,657,Yes
C31442,11,683,Yes
C31443,13,653,No
C31444,15,725,No
C31445,12,686,No
C31446,15,629,Yes
C31447,17,630,Yes
C31448,14,704,Yes
C31449,16,654,Yes
C31450,16,660,Yes
C31451,11,638,Yes
C31452,12,589,No
C31453,14,673,No
C31454,14,641,Yes
C31455,13,690,No
C31456,11,669,No
C31457,15,676,No
C31458,11,668,No
C31459,14,560,No
C31460,16,693,Yes
C31461,17,693,Yes
C31462,16,632,Yes
C31463,14,682,Yes
C31464,13,664,No
C31465,16,683,Yes
C31466,16,696,No
C31467,13,608,Yes
C31468,17,712,No
C31469,14,629,Yes
C31470,15,584,No
C31471,11,621,Yes
C31472,12,647,Yes
C31473,13,611,Yes
C31474,11,645,Yes
C31475,16,608,Yes
C31476,17,539,Yes
C31477,15,705,No
C31478,16,661,Yes
C31479,17,669,No
C31480,11,710,Yes
C31481,16,686,Yes
C31482,16,617,Yes
C31483,15,646,Yes
C31484,15,658,No
C31485,16,672,No
C31486,11,695,No
C31487,14,614,No
C31488,16,609,No
C31489,16,675,Yes
C31490,17,688,No
C31491,12,663,No
C31492,17,651,Yes
C31493,13,594,Yes
C31494,16,609,Yes
C31495,13,598,Yes
C31496,14,639,Yes
C31497,16,722,Yes
C31498,14,669,No
C31499,12,614,No
C31500,16,652,Yes
C31501,15,623,Yes
C31502,15,701,Yes
C31503,14,691,Yes
C31504,12,608,No
C31505,13,577,Yes
C31506,17,570,No
C31507,13,628,Yes
C31508,15,664,Yes
C31509,14,661,Yes
C31510,14,602,No
C31511,13,557,No
C31512,11,625,No
C31513,11,608,Yes
C31514,17,591,Yes
C31515,12,693,Yes
C31516,17,559,Yes
C31517,14,677,Yes
C31518,17,643,No
C31519,11,667,No
C31520,11,653,Yes
C31521,12,634,Yes
C31522,15,544,No
C31523,17,671,No
C31524,15,487,Yes
C31525,16,613,No
C31526,13,605,Yes
C31527,16,629,No
C31528,15,690,Yes
C31529,11,655,No
C31530,17,631,Yes
C31531,16,683,No
C31532,14,670,Yes
C31533,17,654,No
C31534,17,635,Yes
C31535,11,694,Yes
C31536,14,710,No
C31537,15,702,Yes
C31538,17,646,Yes
C31539,12,643,No
C31540,15,652,No
C31541,11,670,No
C31542,11,697,Yes
C31543,11,664,Yes
C31544,11,686,Yes
C31545,14,578,Yes
C31546,14,669,Yes
C31547,15,600,Yes
C31548,11,685,No
C31549,11,602,Yes
C31550,11,703,No
C31551,17,728,No
C31552,14,654,No
C31553,15,686,No
C31554,14,620,No
C31555,15,643,No
C31556,13,690,No
C31557,12,657,No
C31558,16,507,No
C31559,15,679,No
C31560,11,577,Yes
C31561,15,503,Yes
C31562,12,713,No
C31563,15,609,Yes
C31564,14,667,Yes
C31565,12,600,No
C31566,15,709,Yes
C31567,16,567,No
C31568,14,669,No
C31569,16,588,No
C31570,15,646,Yes
C31571,11,582,Yes
C31572,12,602,Yes
C31573,12,663,Yes
C31574,15,616,No
C31575,11,695,Yes
C31576,14,596,Yes
C31577,11,584,Yes
C31578,14,584,Yes
C31579,13,636,No
C31580,14,693,Yes
C31581,12,704,No
C31582,17,710,No
C31583,11,629,Yes
C31584,17,664,Yes
C31585,11,624,Yes
C31586,12,686,No
C31587,17,707,No
C31588,17,695,No
C31589,15,683,No
C31590,11,580,Yes
C31591,14,717,Yes
C31592,16,649,Yes
C31593,11,568,Yes
C31594,17,623,No
C31595,16,670,No
C31596,16,701,No
C31597,12,653,No
C31598,11,660,Yes
C31599,17,662,No
C31600,16,686,Yes
C31601,14,695,Yes
C31602,13,662,No
C31603,15,691,No
C31604,12,707,No
C31605,15,639,No
C31606,14,711,Yes
C31607,17,598,Yes
C31608,16,681,Yes
C31609,14,654,No
C31610,15,641,No
C31611,13,673,No
C31612,13,581,Yes
C31613,17,581,No
C31614,12,631,No
C31615,17,675,Yes
C31616,15,669,Yes
C31617,14,598,Yes
C31618,17,700,Yes
C31619,12,625,Yes
C31620,11,677,No
C31621,13,651,No
C31622,15,589,Yes
C31623,12,705,No
C31624,14,699,Yes
C31625,12,692,No
C31626,17,667,Yes
C31627,11,676,Yes
C31628,11,554,Yes
C31629,12,662,No
C31630,15,642,Yes
C31631,15,704,No
C31632,13,644,No
C31633,11,712,No
C31634,16,581,Yes
C31635,17,694,Yes
C31636,14,666,No
C31637,11,597,Yes
C31638,13,663,Yes
C31639,11,531,Yes
C31640,16,635,No
C31641,13,723,No
C31642,17,674,No
C31643,14,739,Yes
C31644,12,546,Yes
C31645,15,678,No
C31646,12,659,Yes
C31647,12,735,No
C31648,13,707,No
C31649,15,732,Yes
C31650,15,674,No
C31651,13,587,Yes
C31652,14,706,No
C31653,15,729,No
C31654,11,578,Yes
C31655,16,637,No
C31656,17,692,Yes
C31657,14,547,Yes
C31658,13,623,No
C31659,15,685,No
C31660,17,667,Yes
C31661,11,684,No
C31662,11,667,No
C31663,17,659,No
C31664,14,588,Yes
C31665,12,703,No
C31666,11,581,Yes
C31667,14,718,No
C31668,13,730,Yes
C31669,11,631,Yes
C31670,11,633,Yes
C31671,12,588,No
C31672,14,661,No
C31673,13,667,No
C31674,11,588,No
C31675,11,700,No
C31676,12,675,Yes
C31677,12,717,No
C31678,11,664,Yes
C31679,11,733,No
C31680,13,683,No
C31681,16,685,No
C31682,14,619,No
C31683,16,569,Yes
C31684,15,655,No
C31685,16,614,No
C31686,13,670,No
C31687,16,640,No
C31688,15,668,No
C31689,11,665,Yes
C31690,17,669,No
C31691,11,675,No
C31692,12,608,Yes
C31693,16,679,No
C31694,13,665,No
C31695,13,700,No
C31696,14,736,Yes
C31697,16,724,Yes
C31698,12,627,Yes
C31699,16,685,No
C31700,16,677,Yes
C31701,16,656,Yes
C31702,14,650,No
C31703,12,742,No
C31704,14,712,No
C31705,11,531,Yes
C31706,16,656,Yes
C31707,11,676,Yes
C31708,16,646,Yes
C31709,16,551,No
C31710,13,666,No
C31711,13,711,Yes
C31712,12,658,Yes
C31713,13,632,Yes
C31714,13,688,Yes
C31715,12,697,Yes
C31716,15,659,Yes
C31717,15,634,No
C31718,15,708,Yes
C31719,12,704,No
C31720,17,664,No
C31721,12,655,No
C31722,15,660,No
C31723,14,635,No
C31724,14,638,Yes
C31725,11,659,Yes
C31726,11,688,No
C31727,15,687,Yes
C31728,14,615,No
C31729,14,639,No
C31730,17,609,Yes
C31731,14,702,Yes
C31732,13,627,Yes
C31733,16,658,Yes
C31734,12,744,No
C31735,12,745,No
C31736,11,654,No
C31737,14,621,Yes
C31738,16,514,No
C31739,16,668,Yes
C31740,14,695,Yes
C31741,15,729,No
C31742,17,565,No
C31743,17,714,No
C31744,15,687,Yes
C31745,11,638,No
C31746,17,609,Yes
C31747,15,704,No
C31748,14,581,No
C31749,13,591,No
C31750,12,715,Yes
C31751,13,677,No
C31752,16,612,Yes
C31753,15,670,Yes
C31754,15,728,Yes
C31755,13,605,No
C31756,12,614,Yes
C31757,14,604,Yes
C31758,12,687,No
C31759,15,689,No
C31760,12,631,Yes
C31761,15,635,Yes
C31762,11,672,Yes
C31763,11,672,Yes
C31764,11,692,Yes
C31765,12,555,No
C31766,17,732,Yes
C31767,16,577,No
C31768,12,530,Yes
C31769,11,674,No
C31770,12,699,Yes
C31771,16,620,Yes
C31772,12,692,No
C31773,15,627,Yes
C31774,17,693,No
C31775,11,633,Yes
C31776,15,610,No
C31777,11,680,Yes
C31778,14,645,Yes
C31779,15,682,No
C31780,14,721,Yes
C31781,11,660,Yes
C31782,12,624,Yes
C31783,14,644,No
C31784,14,664,No
C31785,16,688,No
C31786,16,665,No
C31787,14,633,No
C31788,17,575,Yes
C31789,14,686,Yes
C31790,15,670,No
C31791,12,694,No
C31792,16,657,No
C31793,16,652,No
C31794,14,624,Yes
C31795,11,656,No
C31796,15,600,Yes
C31797,16,711,No
C31798,17,689,Yes
C31799,15,636,No
C31800,16,698,Yes
C31801,14,583,No
C31802,16,520,Yes
C31803,16,673,No
C31804,15,703,Yes
C31805,14,724,No
C31806,12,559,Yes
C31807,14,635,Yes
C31808,13,702,Yes
C31809,15,578,Yes
C31810,12,662,No
C31811,17,614,Yes
C31812,13,680,No
C31813,17,706,Yes
C31814,12,658,Yes
C31815,15,626,Yes
C31816,16,679,No
C31817,12,626,No
C31818,17,669,No
C31819,17,679,Yes
C31820,11,527,No
C31821,13,620,No
C31822,12,571,No
C31823,16,643,Yes
C31824,14,584,Yes
C31825,15,626,Yes
C31826,12,619,Yes
C31827,17,628,Yes
C31828,12,700,Yes
C31829,13,641,No
C31830,11,676,No
C31831,15,683,No
C31832,17,658,No
C31833,11,646,Yes
C31834,15,623,Yes
C31835,16,686,No
C31836,16,654,No
C31837,17,677,No
C31838,15,656,No
C31839,11,625,No
C31840,14,700,No
C31841,17,679,Yes
C31842,13,681,No
C31843,13,648,No
C31844,16,691,No
C31845,14,568,No
C31846,15,677,No
C31847,16,620,No
C31848,13,598,No
C31849,15,673,No
C31850,14,665,Yes
C31851,12,602,No
C31852,14,685,Yes
C31853,14,647,Yes
C31854,14,664,No
C31855,16,620,Yes
C31856,12,651,No
C31857,12,615,Yes
C31858,13,694,No
C31859,11,610,No
C31860,16,671,Yes
C31861,15,658,No
C31862,13,663,Yes
C31863,17,684,Yes
C31864,12,573,No
C31865,17,656,No
C31866,15,634,No
C31867,17,695,Yes
C31868,11,649,No
C31869,11,694,Yes
C31870,17,695,No
C31871,12,651,No
C31872,11,660,Yes
C31873,14,620,No
C31874,15,667,No
C31875,11,659,No
C31876,16,649,Yes
C31877,17,706,Yes
C31878,13,591,Yes
C31879,15,596,No
C31880,12,643,No
C31881,11,705,Yes
C31882,12,487,No
C31883,16,597,Yes
C31884,16,684,No
C31885,15,677,Yes
C31886,13,573,Yes
C31887,14,598,Yes
C31888,11,521,No
C31889,15,639,No
C31890,15,667,Yes
C31891,11,681,Yes
C31892,13,714,No
C31893,13,613,Yes
C31894,16,658,Yes
C31895,12,617,No
C31896,17,673,No
C31897,12,574,No
C31898,13,704,Yes
C31899,16,564,Yes
C31900,14,630,No
C31901,14,579,Yes
C31902,11,664,No
C31903,16,630,Yes
C31904,13,695,Yes
C31905,16,611,No
C31906,11,569,No
C31907,14,663,Yes
C31908,14,575,No
C31909,17,640,No
C31910,14,558,Yes
C31911,11,667,Yes
C31912,12,739,No
C31913,14,643,Yes
C31914,14,599,Yes
C31915,11,667,No
C31916,11,696,No
C31917,11,657,Yes
C31918,16,585,No
C31919,17,655,Yes
C31920,16,649,No
C31921,14,674,No
C31922,13,625,Yes
C31923,17,591,Yes
C31924,15,645,No
C31925,15,573,Yes
C31926,14,666,No
C31927,17,727,No
C31928,11,677,No
C31929,13,473,Yes
C31930,11,561,No
C31931,15,737,No
C31932,13,653,No
C31933,14,676,No
C31934,17,691,Yes
C31935,17,728,Yes
C31936,15,581,No
C31937,13,597,Yes
C31938,15,705,No
C31939,11,722,No
C31940,14,634,Yes
C31941,15,644,Yes
C31942,11,656,Yes
C31943,13,623,Yes
C31944,14,726,Yes
C31945,17,687,Yes
C31946,12,697,No
C31947,11,702,No
C31948,16,622,No
C31949,16,609,No
C31950,16,669,No
C31951,13,703,Yes
C31952,11,673,No
C31953,17,687,No
C31954,15,660,No
C31955,12,700,No
C31956,11,619,Yes
C31957,13,664,Yes
C31958,14,636,Yes
C31959,14,619,Yes
C31960,14,682,Yes
C31961,16,570,No
C31962,17,727,No
C31963,16,573,Yes
C31964,13,675,No
C31965,15,617,Yes
C31966,11,590,Yes
C31967,13,630,No
C31968,16,673,Yes
C31969,15,652,No
C31970,16,673,No
C31971,15,708,Yes
C31972,12,647,Yes
C31973,17,692,Yes
C31974,17,714,No
C31975,16,690,No
C31976,11,630,Yes
C31977,12,644,No
C31978,16,594,No
C31979,11,688,Yes
C31980,15,648,No
C31981,17,660,Yes
C31982,14,561,No
C31983,14,669,No
C31984,13,562,Yes
C31985,16,612,No
C31986,14,582,Yes
C31987,17,665,Yes
C31988,16,700,No
C31989,13,705,No
C31990,12,673,No
C31991,13,601,No
C31992,13,715,No
C31993,17,655,Yes
C31994,14,557,No
C31995,14,608,Yes
C31996,11,541,Yes
C31997,13,540,No
C31998,15,662,No
C31999,16,651,No
C32000,11,701,No
C32001,13,654,No
C32002,15,668,No
C32003,15,717,No
C32004,13,653,No
C32005,16,708,Yes
C32006,11,487,Yes
C32007,11,611,Yes
C32008,12,637,Yes
C32009,11,515,No
C32010,11,686,No
C32011,12,564,Yes
C32012,14,698,No
C32013,14,630,No
C32014,12,685,Yes
C32015,15,746,No
C32016,14,644,Yes
C32017,13,709,Yes
C32018,14,615,Yes
C32019,11,655,No
C32020,13,675,No
C32021,12,694,No
C32022,12,581,No
C32023,17,537,Yes
C32024,11,544,Yes
C32025,15,656,Yes
C32026,17,659,Yes
C32027,12,605,Yes
C32028,12,699,No
C32029,13,713,No
C32030,13,560,No
C32031,16,670,No
C32032,14,610,Yes
C32033,12,461,Yes
C32034,14,686,Yes
C32035,15,628,No
C32036,15,580,No
C32037,17,677,No
C32038,13,481,Yes
C32039,11,674,Yes
C32040,13,725,Yes
C32041,17,617,Yes
C32042,11,723,Yes
C32043,17,562,Yes
C32044,13,622,Yes
C32045,17,679,No
C32046,11,580,No
C32047,11,699,No
C32048,17,665,No
C32049,13,679,No
C32050,14,690,No
C32051,11,683,No
C32052,15,647,No
C32053,13,639,Yes
C32054,16,605,Yes
C32055,11,705,No
C32056,14,690,No
C32057,16,528,Yes
C32058,12,694,No
C32059,11,636,Yes
C32060,14,636,No
C32061,16,693,No
C32062,12,614,Yes
C32063,16,726,No
C32064,14,635,No
C32065,15,571,Yes
C32066,13,652,No
C32067,11,635,Yes
C32068,11,571,No
C32069,17,675,No
C32070,11,685,No
C32071,13,692,Yes
C32072,15,750,No
C32073,14,727,No
C32074,12,618,Yes
C32075,11,668,No
C32076,11,702,Yes
C32077,14,721,No
C32078,12,646,Yes
C32079,11,699,Yes
C32080,12,665,Yes
C32081,13,513,Yes
C32082,11,658,Yes
C32083,12,721,No
C32084,12,634,Yes
C32085,13,707,No
C32086,17,630,Yes
C32087,12,599,No
C32088,16,643,No
C32089,16,692,Yes
C32090,17,564,Yes
C32091,12,704,No
C32092,15,697,No
C32093,13,540,No
C32094,12,681,No
C32095,14,658,Yes
C32096,12,587,Yes
C32097,13,718,Yes
C32098,15,617,No
C32099,11,698,Yes
C32100,16,734,No
C32101,13,701,No
C32102,16,652,No
C32103,13,623,Yes
C32104,14,613,Yes
C32105,16,672,Yes
C32106,12,654,No
C32107,11,643,Yes
C32108,13,724,No
C32109,16,699,No
C32110,14,699,Yes
C32111,14,695,Yes
C32112,12,614,No
C32113,15,596,Yes
C32114,12,727,Yes
C32115,11,553,Yes
C32116,16,663,Yes
C32117,12,647,No
C32118,13,695,Yes
C32119,11,650,Yes
C32120,14,681,Yes
C32121,16,527,Yes
C32122,14,686,Yes
C32123,15,676,No
C32124,16,609,Yes
C32125,16,676,Yes
C32126,13,690,No
C32127,12,736,No
C32128,14,619,Yes
C32129,11,653,Yes
C32130,15,715,No
C32131,17,651,No
C32132,12,604,No
C32133,17,528,No
C32134,15,687,Yes
C32135,15,629,Yes
C32136,14,673,Yes
C32137,12,642,No
C32138,12,670,Yes
C32139,11,623,Yes
C32140,17,621,Yes
C32141,16,560,Yes
C32142,11,667,Yes
C32143,11,721,Yes
C32144,13,539,Yes
C32145,16,653,No
C32146,14,613,Yes
C32147,14,730,No
C32148,15,633,Yes
C32149,14,641,Yes
C32150,14,610,No
C32151,11,646,No
C32152,14,630,Yes
C32153,12,688,No
C32154,16,686,No
C32155,14,584,Yes
C32156,12,675,Yes
C32157,16,613,Yes
C32158,12,479,Yes
C32159,17,642,No
C32160,13,712,No
C32161,12,683,Yes
C32162,17,684,No
C32163,12,694,Yes
C32164,17,685,Yes
C32165,13,682,No
C32166,12,619,No
C32167,14,702,Yes
C32168,14,678,No
C32169,14,621,Yes
C32170,15,698,No
C32171,13,635,No
C32172,17,656,No
C32173,12,680,No
C32174,12,697,No
C32175,14,684,No
C32176,11,708,Yes
C32177,13,600,Yes
C32178,14,638,No
C32179,14,684,No
C32180,17,594,Yes
C32181,12,652,No
C32182,13,633,No
C32183,12,665,No
C32184,16,744,No
C32185,17,682,Yes
C32186,12,654,No
C32187,17,692,No
C32188,13,626,No
C32189,12,562,No
C32190,15,606,Yes
C32191,14,675,Yes
C32192,14,651,Yes
C32193,14,628,Yes
C32194,12,627,No
C32195,11,702,No
C32196,13,641,Yes
C32197,13,587,No
C32198,15,561,No
C32199,17,703,No
C32200,14,652,Yes
C32201,16,585,Yes
C32202,15,661,Yes
C32203,17,697,Yes
C32204,11,649,Yes
C32205,14,670,Yes
C32206,15,645,No
C32207,13,670,Yes
C32208,17,670,Yes
C32209,11,686,Yes
C32210,17,645,Yes
C32211,17,632,No
C32212,17,686,No
C32213,11,638,Yes
C32214,11,535,Yes
C32215,13,586,No
C32216,12,547,No
C32217,14,721,No
C32218,11,656,Yes
C32219,14,624,Yes
C32220,13,686,Yes
C32221,16,673,No
C32222,13,705,No
C32223,12,595,Yes
C32224,17,641,Yes
C32225,11,513,Yes
C32226,17,607,Yes
C32227,11,668,No
C32228,17,673,No
C32229,11,663,No
C32230,12,686,No
C32231,12,667,No
C32232,13,578,No
C32233,15,678,Yes
C32234,14,697,Yes
C32235,16,705,No
C32236,13,725,No
C32237,15,664,No
C32238,15,597,Yes
C32239,14,629,Yes
C32240,13,655,No
C32241,11,626,Yes
C32242,17,614,Yes
C32243,15,690,No
C32244,11,638,No
C32245,17,721,No
C32246,13,648,Yes
C32247,17,698,No
C32248,17,701,Yes
C32249,12,699,No
C32250,15,635,Yes
C32251,16,695,No
C32252,14,687,Yes
C32253,16,597,No
C32254,17,692,No
C32255,15,696,No
C32256,17,655,Yes
C32257,13,585,No
C32258,14,747,No
C32259,13,528,Yes
C32260,16,521,Yes
C32261,17,609,No
C32262,15,666,No
C32263,16,667,Yes
C32264,12,585,Yes
C32265,12,692,Yes
C32266,14,687,No
C32267,14,686,No
C32268,14,702,No
C32269,11,678,No
C32270,11,550,No
C32271,17,589,Yes
C32272,14,711,No
C32273,14,722,Yes
C32274,14,632,No
C32275,14,695,No
C32276,16,608,Yes
C32277,17,616,Yes
C32278,16,629,Yes
C32279,13,759,Yes
C32280,11,636,No
C32281,12,602,No
C32282,12,607,No
C32283,17,674,No
C32284,12,555,Yes
C32285,16,562,Yes
C32286,12,540,No
C32287,13,608,Yes
C32288,15,677,No
C32289,11,610,No
C32290,15,630,No
C32291,15,690,Yes
C32292,16,656,No
C32293,12,684,Yes
C32294,13,535,Yes
C32295,13,681,No
C32296,14,693,No
C32297,16,617,No
C32298,25,850,No
C32299,28,688,Yes
C32300,27,735,No
C32301,22,760,No
C32302,19,649,No
C32303,19,740,No
C32304,19,683,No
C32305,29,699,Yes
C32306,23,731,No
C32307,27,734,No
C32308,28,637,No
C32309,26,601,Yes
C32310,28,719,No
C32311,23,676,No
C32312,27,656,Yes
C32313,23,707,No
C32314,28,692,No
C32315,22,638,Yes
C32316,20,568,No
C32317,21,702,No
C32318,23,672,No
C32319,20,647,No
C32320,20,714,No
C32321,30,660,No
C32322,25,704,No
C32323,21,727,No
C32324,22,708,No
C32325,23,659,Yes
C32326,29,690,No
C32327,30,631,Yes
C32328,21,715,Yes
C32329,20,707,No
C32330,25,623,No
C32331,19,648,No
C32332,24,702,No
C32333,19,560,No
C32334,29,702,No
C32335,21,643,No
C32336,27,672,No
C32337,28,642,Yes
C32338,20,711,No
C32339,28,679,Yes
C32340,24,735,No
C32341,22,645,No
C32342,21,715,No
C32343,24,743,No
C32344,25,631,No
C32345,21,715,No
C32346,21,750,No
C32347,18,668,No
C32348,27,715,No
C32349,28,639,Yes
C32350,18,632,No
C32351,27,650,No
C32352,27,638,Yes
C32353,20,712,No
C32354,30,722,No
C32355,20,719,Yes
C32356,25,754,No
C32357,25,658,No
C32358,30,755,No
C32359,27,667,Yes
C32360,21,672,No
C32361,19,712,No
C32362,19,743,No
C32363,22,684,No
C32364,25,685,No
C32365,27,770,Yes
C32366,24,701,No
C32367,30,650,Yes
C32368,27,663,No
C32369,22,697,Yes
C32370,19,704,No
C32371,23,732,Yes
C32372,24,618,Yes
C32373,29,690,Yes
C32374,25,718,Yes
C32375,18,700,Yes
C32376,28,631,No
C32377,27,671,No
C32378,24,759,No
C32379,22,784,No
C32380,20,744,Yes
C32381,20,668,Yes
C32382,28,706,No
C32383,18,712,No
C32384,28,728,Yes
C32385,27,596,No
C32386,24,651,Yes
C32387,22,566,Yes
C32388,18,681,No
C32389,24,727,No
C32390,20,730,No
C32391,25,722,Yes
C32392,25,664,No
C32393,25,677,No
C32394,28,660,No
C32395,22,662,No
C32396,30,727,No
C32397,22,679,No
C32398,22,712,No
C32399,20,674,No
C32400,24,725,No
C32401,20,720,Yes
C32402,20,730,No
C32403,22,639,Yes
C32404,30,619,No
C32405,23,661,No
C32406,18,646,No
C32407,23,687,Yes
C32408,23,683,No
C32409,19,678,No
C32410,18,721,No
C32411,21,712,No
C32412,28,707,No
C32413,19,736,Yes
C32414,26,742,Yes
C32415,28,642,Yes
C32416,26,615,Yes
C32417,27,773,No
C32418,29,669,Yes
C32419,21,692,Yes
C32420,23,765,Yes
C32421,29,694,No
C32422,30,666,No
C32423,25,673,No
C32424,24,728,No
C32425,26,609,Yes
C32426,29,693,No
C32427,29,686,No
C32428,21,675,No
C32429,24,581,No
C32430,22,549,No
C32431,24,659,No
C32432,18,601,No
C32433,24,696,Yes
C32434,26,617,Yes
C32435,25,613,Yes
C32436,19,667,No
C32437,24,657,No
C32438,24,606,Yes
C32439,27,676,Yes
C32440,26,587,Yes
C32441,26,741,No
C32442,23,579,Yes
C32443,19,685,Yes
C32444,27,670,No
C32445,22,678,No
C32446,20,670,No
C32447,30,698,Yes
C32448,19,673,Yes
C32449,30,634,No
C32450,28,751,No
C32451,24,729,Yes
C32452,18,658,No
C32453,24,577,Yes
C32454,18,694,Yes
C32455,20,650,Yes
C32456,24,712,No
C32457,26,644,Yes
C32458,19,711,No
C32459,27,669,Yes
C32460,29,695,No
C32461,30,698,Yes
C32462,22,645,Yes
C32463,23,726,Yes
C32464,30,693,Yes
C32465,20,626,Yes
C32466,29,659,No
C32467,25,633,No
C32468,22,628,Yes
C32469,24,637,Yes
C32470,28,691,Yes
C32471,20,681,Yes
C32472,27,646,No
C32473,18,713,No
C32474,18,690,No
C32475,18,626,Yes
C32476,20,687,No
C32477,19,641,Yes
C32478,20,702,Yes
C32479,20,690,Yes
C32480,29,638,No
C32481,28,666,No
C32482,21,617,No
C32483,24,734,No
C32484,30,592,No
C32485,20,711,No
C32486,21,708,No
C32487,18,565,Yes
C32488,29,649,No
C32489,28,697,No
C32490,22,699,Yes
C32491,28,625,No
C32492,23,720,Yes
C32493,23,674,Yes
C32494,27,681,Yes
C32495,18,709,Yes
C32496,30,744,Yes
C32497,23,614,Yes
C32498,30,724,No
C32499,27,673,No
C32500,21,683,Yes
C32501,28,686,No
C32502,22,682,No
C32503,24,704,No
C32504,27,689,Yes
C32505,26,681,No
C32506,30,646,Yes
C32507,24,784,Yes
C32508,26,647,Yes
C32509,30,609,Yes
C32510,20,637,Yes
C32511,30,567,Yes
C32512,20,629,No
C32513,19,699,No
C32514,25,695,No
C32515,23,682,No
C32516,23,626,Yes
C32517,20,641,No
C32518,22,594,No
C32519,20,614,No
C32520,29,676,Yes
C32521,23,689,No
C32522,21,684,No
C32523,24,751,No
C32524,22,698,No
C32525,22,640,Yes
C32526,20,643,Yes
C32527,25,644,Yes
C32528,27,673,Yes
C32529,21,719,No
C32530,26,658,No
C32531,24,688,No
C32532,18,697,No
C32533,24,640,Yes
C32534,18,707,No
C32535,25,737,No
C32536,25,675,No
C32537,18,696,No
C32538,28,682,Yes
C32539,26,732,Yes
C32540,20,720,No
C32541,20,650,No
C32542,30,630,No
C32543,26,708,No
C32544,30,702,Yes
C32545,20,772,No
C32546,28,713,No
C32547,21,682,Yes
C32548,28,632,No
C32549,28,626,Yes
C32550,23,641,No
C32551,24,693,Yes
C32552,19,658,No
C32553,19,738,No
C32554,28,661,Yes
C32555,29,637,No
C32556,20,634,Yes
C32557,28,705,No
C32558,23,724,No
C32559,24,592,No
C32560,24,731,No
C32561,27,670,Yes
C32562,24,548,No
C32563,21,645,Yes
C32564,24,732,No
C32565,28,605,Yes
C32566,21,741,No
C32567,18,656,Yes
C32568,26,686,Yes
C32569,21,764,No
C32570,23,720,Yes
C32571,23,725,No
C32572,26,634,No
C32573,22,673,Yes
C32574,19,720,Yes
C32575,19,684,No
C32576,20,660,No
C32577,30,746,Yes
C32578,19,698,Yes
C32579,28,686,No
C32580,26,587,Yes
C32581,30,600,Yes
C32582,17,544,No
C32583,3,555,Yes
C32584,3,656,Yes
C32585,7,549,No
C32586,10,673,Yes
C32587,5,596,No
C32588,9,717,Yes
C32589,4,559,Yes
C32590,4,601,Yes
C32591,5,690,No
C32592,4,670,No
C32593,6,634,Yes
C32594,9,644,Yes
C32595,27,684,Yes
C32596,3,650,Yes
C32597,5,607,Yes
C32598,4,638,Yes
C32599,3,686,Yes
C32600,3,633,No
C32601,4,587,Yes
C32602,4,646,Yes
C32603,5,597,Yes
C32604,3,636,No
C32605,4,629,Yes
C32606,16,712,No
C32607,4,667,No
C32608,4,518,Yes
C32609,8,663,Yes
C32610,5,657,Yes
C32611,5,609,Yes
C32612,3,666,No
C32613,8,700,Yes
C32614,3,652,Yes
C32615,8,563,Yes
C32616,6,674,Yes
C32617,10,645,Yes
C32618,3,657,Yes
C32619,9,720,No
C32620,14,622,No
C32621,3,530,Yes
C32622,4,705,Yes
C32623,11,619,Yes
C32624,5,625,Yes
C32625,3,524,Yes
C32626,8,700,No
C32627,4,661,Yes
C32628,13,646,Yes
C32629,3,664,Yes
C32630,3,598,Yes
C32631,7,654,No
C32632,6,640,Yes
C32633,9,643,Yes
C32634,8,666,Yes
C32635,10,623,Yes
C32636,10,601,Yes
C32637,3,672,Yes
C32638,10,720,No
C32639,17,680,No
C32640,6,698,Yes
C32641,8,587,Yes
C32642,3,589,No
C32643,5,610,No
C32644,4,595,Yes
C32645,6,541,Yes
C32646,8,650,No
C32647,7,631,No
C32648,8,578,Yes
C32649,4,593,Yes
C32650,5,672,No
C32651,13,692,Yes
C32652,12,736,No
C32653,10,673,No
C32654,15,595,Yes
C32655,6,687,No
C32656,16,610,No
C32657,2,640,No
C32658,6,651,No
C32659,5,675,Yes
C32660,7,653,Yes
C32661,7,656,Yes
C32662,6,547,Yes
C32663,9,685,Yes
C32664,9,555,No
C32665,11,584,Yes
C32666,9,642,Yes
C32667,10,683,Yes
C32668,5,576,Yes
C32669,3,476,Yes
C32670,9,692,Yes
C32671,5,634,No
C32672,7,641,No
C32673,3,702,Yes
C32674,4,606,Yes
C32675,5,637,No
C32676,3,676,Yes
C32677,9,616,Yes
C32678,3,577,No
C32679,4,690,No
C32680,4,639,Yes
C32681,3,705,No
C32682,8,597,Yes
C32683,4,639,Yes
C32684,4,582,Yes
C32685,7,610,No
C32686,3,617,Yes
C32687,12,700,Yes
C32688,5,584,Yes
C32689,4,687,Yes
C32690,7,705,Yes
C32691,4,700,No
C32692,5,579,Yes
C32693,3,648,No
C32694,4,648,Yes
C32695,6,605,Yes
C32696,9,627,Yes
C32697,7,632,Yes
C32698,4,635,No
C32699,4,614,No
C32700,2,617,Yes
C32701,7,631,No
C32702,2,580,Yes
C32703,4,592,Yes
C32704,9,611,Yes
C32705,11,690,No
C32706,4,586,Yes
C32707,11,666,No
C32708,3,691,No
C32709,14,612,Yes
C32710,3,646,Yes
C32711,2,606,Yes
C32712,5,645,No
C32713,14,580,No
C32714,4,620,Yes
C32715,7,587,No
C32716,4,638,No
C32717,15,666,No
C32718,3,626,Yes
C32719,5,679,Yes
C32720,6,613,Yes
C32721,4,674,Yes
C32722,4,606,Yes
C32723,4,554,Yes
C32724,4,703,Yes
C32725,9,649,Yes
C32726,4,662,No
C32727,4,589,Yes
C32728,4,629,No
C32729,3,622,No
C32730,9,606,Yes
C32731,5,651,No
C32732,3,644,No
C32733,3,668,Yes
C32734,4,679,Yes
C32735,5,666,No
C32736,8,625,No
C32737,5,495,Yes
C32738,7,609,Yes
C32739,4,658,No
C32740,7,586,Yes
C32741,7,629,No
C32742,8,717,No
C32743,11,664,Yes
C32744,5,618,Yes
C32745,3,710,No
C32746,4,498,Yes
C32747,3,607,Yes
C32748,8,609,Yes
C32749,5,689,Yes
C32750,6,607,Yes
C32751,7,709,No
C32752,4,688,Yes
C32753,4,551,Yes
C32754,3,673,Yes
C32755,4,590,Yes
C32756,10,682,Yes
C32757,13,641,Yes
C32758,7,609,Yes
C32759,5,639,No
C32760,9,562,Yes
C32761,7,598,Yes
C32762,7,599,Yes
C32763,15,691,Yes
C32764,6,530,Yes
C32765,6,641,Yes
C32766,12,712,No
C32767,10,641,No
C32768,4,608,Yes
C32769,7,663,No
C32770,11,609,Yes
C32771,6,627,No
C32772,4,636,No
C32773,12,656,No
C32774,9,636,No
C32775,6,612,Yes
C32776,4,666,Yes
C32777,10,642,Yes
C32778,5,689,Yes
C32779,5,609,Yes
C32780,9,653,Yes
C32781,7,551,Yes
C32782,9,636,Yes
C32783,3,663,No
C32784,3,598,Yes
C32785,14,651,Yes
C32786,13,613,No
C32787,3,631,Yes
C32788,4,603,Yes
C32789,9,601,No
C32790,5,733,Yes
C32791,11,644,Yes
C32792,7,661,No
C32793,9,639,Yes
C32794,4,695,No
C32795,4,698,Yes
C32796,9,603,Yes
C32797,3,638,Yes
C32798,6,660,No
C32799,4,673,No
C32800,8,659,No
C32801,3,647,Yes
C32802,5,531,Yes
C32803,10,572,Yes
C32804,7,533,Yes
C32805,7,674,Yes
C32806,4,659,Yes
C32807,3,594,Yes
C32808,3,721,Yes
C32809,3,661,No
C32810,3,632,Yes
C32811,3,617,Yes
C32812,8,615,Yes
C32813,4,562,Yes
C32814,4,637,Yes
C32815,4,654,No
C32816,17,656,Yes
C32817,5,651,No
C32818,2,494,Yes
C32819,4,631,No
C32820,4,646,Yes
C32821,2,560,Yes
C32822,8,638,Yes
C32823,5,677,No
C32824,10,535,Yes
C32825,6,602,Yes
C32826,3,653,No
C32827,4,678,No
C32828,3,667,No
C32829,8,617,Yes
C32830,12,526,No
C32831,2,669,Yes
C32832,6,583,No
C32833,10,582,No
C32834,4,663,Yes
C32835,5,529,Yes
C32836,6,628,Yes
C32837,7,644,Yes
C32838,8,644,Yes
C32839,4,522,Yes
C32840,6,727,No
C32841,8,698,No
C32842,4,557,Yes
C32843,12,648,No
C32844,7,634,No
C32845,3,674,No
C32846,4,653,Yes
C32847,2,574,Yes
C32848,4,570,Yes
C32849,6,665,Yes
C32850,2,571,Yes
C32851,3,668,No
C32852,7,687,Yes
C32853,13,661,Yes
C32854,3,592,Yes
C32855,4,614,Yes
C32856,7,712,No
C32857,14,632,Yes
C32858,4,689,Yes
C32859,10,643,No
C32860,4,688,No
C32861,9,671,No
C32862,9,683,Yes
C32863,7,584,Yes
C32864,7,676,No
C32865,4,492,Yes
C32866,11,636,Yes
C32867,4,675,No
C32868,11,551,Yes
C32869,3,665,Yes
C32870,25,635,Yes
C32871,6,683,No
C32872,13,718,Yes
C32873,6,658,Yes
C32874,5,559,Yes
C32875,7,635,Yes
C32876,6,633,Yes
C32877,7,652,Yes
C32878,7,626,Yes
C32879,4,628,Yes
C32880,5,524,Yes
C32881,4,697,No
C32882,10,547,Yes
C32883,10,687,Yes
C32884,12,696,No
C32885,4,591,Yes
C32886,3,517,Yes
C32887,4,574,Yes
C32888,3,649,No
C32889,5,688,Yes
C32890,4,670,Yes
C32891,8,543,No
C32892,5,624,Yes
C32893,7,700,Yes
C32894,5,618,Yes
C32895,5,657,Yes
C32896,6,657,No
C32897,9,597,Yes
C32898,4,588,No
C32899,8,664,Yes
C32900,3,692,Yes
C32901,5,535,Yes
C32902,8,706,Yes
C32903,5,514,Yes
C32904,2,594,Yes
C32905,7,623,Yes
C32906,4,616,Yes
C32907,3,463,Yes
C32908,4,660,No
C32909,5,584,No
C32910,11,622,Yes
C32911,7,615,Yes
C32912,4,601,Yes
C32913,13,681,No
C32914,4,614,Yes
C32915,3,660,No
C32916,3,622,No
C32917,2,548,Yes
C32918,7,717,Yes
C32919,4,631,Yes
C32920,8,619,Yes
C32921,9,667,No
C32922,5,629,Yes
C32923,8,642,Yes
C32924,3,588,No
C32925,3,505,Yes
C32926,3,578,Yes
C32927,4,642,Yes
C32928,9,606,Yes
C32929,9,658,No
C32930,4,647,Yes
C32931,4,638,Yes
C32932,3,666,Yes
C32933,6,606,Yes
C32934,8,631,No
C32935,5,694,Yes
C32936,3,632,No
C32937,4,669,Yes
C32938,4,551,Yes
C32939,16,684,Yes
C32940,4,544,No
C32941,5,658,Yes
C32942,6,613,Yes
C32943,2,651,No
C32944,5,632,Yes
C32945,10,705,Yes
C32946,3,659,No
C32947,4,684,Yes
C32948,6,581,Yes
C32949,10,610,Yes
C32950,22,597,Yes
C32951,4,650,Yes
C32952,7,561,Yes
C32953,5,622,Yes
C32954,3,554,Yes
C32955,7,649,Yes
C32956,7,521,Yes
C32957,3,596,Yes
C32958,17,627,Yes
C32959,4,545,Yes
C32960,9,572,Yes
C32961,5,626,No
C32962,3,696,Yes
C32963,7,419,Yes
C32964,2,644,No
C32965,15,674,Yes
C32966,14,614,No
C32967,8,665,Yes
C32968,3,596,Yes
C32969,4,680,No
C32970,4,614,Yes
C32971,13,635,Yes
C32972,3,582,Yes
C32973,2,673,No
C32974,9,703,Yes
C32975,4,544,Yes
C32976,7,649,Yes
C32977,11,655,No
C32978,10,644,Yes
C32979,8,709,Yes
C32980,3,630,Yes
C32981,4,609,Yes
C32982,9,671,No
C32983,4,664,Yes
C32984,10,582,Yes
C32985,3,689,Yes
C32986,4,661,Yes
C32987,4,571,No
C32988,11,675,No
C32989,8,717,No
C32990,4,686,Yes
C32991,12,615,Yes
C32992,4,659,Yes
C32993,4,546,Yes
C32994,6,697,Yes
C32995,7,664,Yes
C32996,5,590,Yes
C32997,2,632,No
C32998,3,661,No
C32999,14,703,No
C33000,6,574,Yes
C33001,6,658,Yes
C33002,4,636,Yes
C33003,4,602,Yes
C33004,2,694,No
C33005,6,681,Yes
C33006,6,570,Yes
C33007,8,630,Yes
C33008,7,695,No
C33009,4,631,Yes
C33010,16,583,Yes
C33011,8,668,Yes
C33012,9,567,No
C33013,4,482,Yes
C33014,3,702,No
C33015,3,588,Yes
C33016,4,603,Yes
C33017,3,588,No
C33018,16,661,Yes
C33019,6,663,Yes
C33020,5,710,Yes
C33021,3,537,Yes
C33022,8,653,Yes
C33023,7,701,Yes
C33024,2,597,Yes
C33025,3,627,Yes
C33026,4,649,No
C33027,4,629,No
C33028,4,664,Yes
C33029,3,632,Yes
C33030,5,635,No
C33031,3,584,Yes
C33032,10,631,No
C33033,4,615,No
C33034,10,534,Yes
C33035,8,612,No
C33036,4,599,Yes
C33037,6,652,No
C33038,4,665,No
C33039,5,738,No
C33040,7,545,Yes
C33041,3,560,Yes
C33042,8,669,Yes
C33043,4,702,Yes
C33044,2,684,Yes
C33045,17,558,Yes
C33046,4,469,Yes
C33047,2,587,Yes
C33048,5,645,Yes
C33049,5,605,Yes
C33050,3,607,Yes
C33051,3,515,Yes
C33052,4,696,Yes
C33053,3,586,Yes
C33054,3,654,No
C33055,4,666,Yes
C33056,3,681,No
C33057,8,670,Yes
C33058,2,643,Yes
C33059,3,620,Yes
C33060,16,611,Yes
C33061,17,697,No
C33062,2,649,No
C33063,3,629,Yes
C33064,11,681,No
C33065,4,611,Yes
C33066,3,664,No
C33067,5,615,Yes
C33068,8,664,No
C33069,4,536,Yes
C33070,4,610,Yes
C33071,15,651,No
C33072,5,653,Yes
C33073,12,679,No
C33074,2,634,Yes
C33075,4,441,Yes
C33076,3,634,No
C33077,11,656,Yes
C33078,4,580,Yes
C33079,3,645,No
C33080,8,637,No
C33081,5,652,Yes
C33082,7,665,No
C33083,7,669,No
C33084,8,617,Yes
C33085,8,540,Yes
C33086,7,678,No
C33087,4,626,Yes
C33088,2,630,Yes
C33089,3,674,Yes
C33090,3,566,Yes
C33091,6,570,Yes
C33092,3,628,Yes
C33093,6,558,Yes
C33094,3,678,No
C33095,2,652,Yes
C33096,4,644,No
C33097,8,640,Yes
C33098,9,716,No
C33099,9,641,Yes
C33100,5,638,Yes
C33101,8,650,Yes
C33102,4,638,Yes
C33103,5,631,No
C33104,4,609,Yes
C33105,3,624,Yes
C33106,6,658,No
C33107,7,657,Yes
C33108,3,614,No
C33109,3,659,No
C33110,4,663,No
C33111,12,686,No
C33112,5,666,Yes
C33113,12,631,Yes
C33114,6,691,Yes
C33115,6,684,No
C33116,6,566,Yes
C33117,22,605,No
C33118,3,657,No
C33119,7,622,Yes
C33120,4,558,No
C33121,10,652,Yes
C33122,7,565,Yes
C33123,11,688,No
C33124,9,693,Yes
C33125,7,667,Yes
C33126,11,575,Yes
C33127,11,661,Yes
C33128,2,541,Yes
C33129,4,608,Yes
C33130,3,675,Yes
C33131,9,668,Yes
C33132,4,560,Yes
C33133,17,555,Yes
C33134,11,590,Yes
C33135,14,724,No
C33136,9,658,Yes
C33137,3,702,No
C33138,5,641,No
C33139,9,553,Yes
C33140,4,575,Yes
C33141,4,651,Yes
C33142,3,559,Yes
C33143,5,679,Yes
C33144,3,602,No
C33145,4,633,Yes
C33146,10,653,Yes
C33147,5,523,Yes
C33148,4,621,Yes
C33149,7,661,No
C33150,4,590,No
C33151,4,572,Yes
C33152,6,665,Yes
C33153,5,591,Yes
C33154,6,634,No
C33155,4,568,Yes
C33156,6,562,Yes
C33157,3,676,Yes
C33158,2,673,Yes
C33159,13,704,No
C33160,9,662,Yes
C33161,6,603,Yes
C33162,3,611,No
C33163,3,572,Yes
C33164,2,605,Yes
C33165,3,626,Yes
C33166,2,573,Yes
C33167,7,613,Yes
C33168,8,664,Yes
C33169,9,660,Yes
C33170,9,667,No
C33171,6,624,Yes
C33172,11,579,Yes
C33173,8,633,No
C33174,6,585,Yes
C33175,4,624,Yes
C33176,9,669,No
C33177,5,689,No
C33178,10,723,Yes
C33179,8,702,Yes
C33180,6,554,Yes
C33181,7,606,No
C33182,10,650,Yes
C33183,6,492,Yes
C33184,10,648,No
C33185,8,645,No
C33186,3,680,No
C33187,5,474,Yes
C33188,4,545,Yes
C33189,4,647,Yes
C33190,4,654,No
C33191,6,654,No
C33192,4,568,Yes
C33193,8,711,Yes
C33194,10,688,Yes
C33195,10,506,Yes
C33196,12,551,Yes
C33197,4,658,Yes
C33198,9,616,Yes
C33199,3,527,Yes
C33200,14,710,No
C33201,2,516,Yes
C33202,2,598,Yes
C33203,2,528,Yes
C33204,12,703,No
C33205,4,575,Yes
C33206,2,693,No
C33207,4,535,Yes
C33208,12,706,Yes
C33209,8,543,Yes
C33210,4,627,Yes
C33211,6,676,No
C33212,9,644,Yes
C33213,4,672,Yes
C33214,3,527,Yes
C33215,4,588,Yes
C33216,10,645,Yes
C33217,11,680,No
C33218,5,691,No
C33219,9,670,No
C33220,7,500,Yes
C33221,9,632,No
C33222,3,575,Yes
C33223,10,638,No
C33224,3,601,Yes
C33225,7,689,Yes
C33226,7,578,Yes
C33227,5,581,Yes
C33228,3,658,No
C33229,3,619,Yes
C33230,4,576,No
C33231,4,662,Yes
C33232,7,670,No
C33233,4,634,Yes
C33234,7,659,Yes
C33235,6,677,No
C33236,4,687,No
C33237,3,557,Yes
C33238,5,662,Yes
C33239,2,627,Yes
C33240,4,599,No
C33241,5,679,Yes
C33242,4,685,Yes
C33243,12,684,Yes
C33244,8,625,Yes
C33245,4,658,No
C33246,3,644,No
C33247,3,639,Yes
C33248,2,672,Yes
C33249,8,655,No
C33250,4,681,No
C33251,4,562,Yes
C33252,2,577,Yes
C33253,9,610,No
C33254,6,641,Yes
C33255,10,669,No
C33256,2,543,Yes
C33257,8,670,Yes
C33258,4,704,No
C33259,3,585,No
C33260,5,680,No
C33261,11,609,No
C33262,10,599,Yes
C33263,9,620,No
C33264,11,602,Yes
C33265,4,681,Yes
C33266,4,657,No
C33267,3,597,Yes
C33268,3,642,Yes
C33269,3,615,No
C33270,4,698,Yes
C33271,4,608,No
C33272,8,620,Yes
C33273,3,584,Yes
C33274,8,612,Yes
C33275,6,613,Yes
C33276,3,662,No
C33277,5,533,Yes
C33278,2,594,Yes
C33279,3,669,No
C33280,3,628,Yes
C33281,4,668,Yes
C33282,5,639,No
C33283,4,580,Yes
C33284,4,596,No
C33285,4,672,No
C33286,4,680,No
C33287,6,610,Yes
C33288,10,681,Yes
C33289,6,595,Yes
C33290,14,706,No
C33291,5,702,Yes
C33292,8,665,Yes
C33293,10,602,No
C33294,5,656,No
C33295,3,663,Yes
C33296,9,636,Yes
C33297,3,622,Yes
C33298,7,701,No
C33299,4,576,Yes
C33300,8,689,No
C33301,8,586,Yes
C33302,3,653,Yes
C33303,4,609,Yes
C33304,4,641,Yes
C33305,9,621,No
C33306,7,586,Yes
C33307,7,654,Yes
C33308,6,651,Yes
C33309,4,653,No
C33310,5,623,Yes
C33311,10,642,No
C33312,4,606,Yes
C33313,6,564,Yes
C33314,7,577,Yes
C33315,3,687,Yes
C33316,7,603,Yes
C33317,9,651,Yes
C33318,6,561,Yes
C33319,3,671,No
C33320,7,651,No
C33321,4,644,No
C33322,3,555,Yes
C33323,7,677,No
C33324,5,695,Yes
C33325,7,689,No
C33326,3,638,Yes
C33327,4,633,No
C33328,5,563,Yes
C33329,3,639,No
C33330,14,678,No
C33331,3,648,No
C33332,6,621,No
C33333,9,699,Yes
C33334,9,595,No
C33335,16,683,Yes
C33336,4,572,No
C33337,3,582,Yes
C33338,4,594,Yes
C33339,4,681,Yes
C33340,8,511,Yes
C33341,6,494,Yes
C33342,14,649,No
C33343,5,653,No
C33344,7,678,Yes
C33345,2,608,Yes
C33346,3,567,Yes
C33347,9,644,No
C33348,3,620,Yes
C33349,4,634,Yes
C33350,4,678,Yes
C33351,8,640,Yes
C33352,6,695,Yes
C33353,4,623,Yes
C33354,5,620,No
C33355,5,496,Yes
C33356,4,647,Yes
C33357,13,641,Yes
C33358,5,686,Yes
C33359,4,672,No
C33360,7,652,No
C33361,3,653,No
C33362,3,638,Yes
C33363,3,705,Yes
C33364,7,682,No
C33365,5,609,Yes
C33366,4,582,Yes
C33367,3,575,Yes
C33368,3,658,Yes
C33369,4,638,No
C33370,3,643,Yes
C33371,17,686,No
C33372,3,577,No
C33373,4,698,No
C33374,4,691,No
C33375,10,659,No
C33376,3,474,Yes
C33377,7,711,No
C33378,8,548,Yes
C33379,4,663,Yes
C33380,4,523,Yes
C33381,9,646,Yes
C33382,4,551,Yes
C33383,3,647,No
C33384,13,620,Yes
C33385,8,486,Yes
C33386,4,631,No
C33387,3,693,Yes
C33388,3,628,No
C33389,4,603,Yes
C33390,3,666,No
C33391,2,554,Yes
C33392,9,536,Yes
C33393,16,580,Yes
C33394,5,637,No
C33395,8,666,Yes
C33396,9,590,Yes
C33397,9,605,Yes
C33398,4,557,Yes
C33399,11,569,Yes
C33400,13,584,Yes
C33401,6,725,Yes
C33402,4,681,Yes
C33403,4,658,No
C33404,3,530,Yes
C33405,3,627,Yes
C33406,6,621,Yes
C33407,6,623,Yes
C33408,4,630,Yes
C33409,4,558,Yes
C33410,3,656,Yes
C33411,9,623,Yes
C33412,9,698,Yes
C33413,10,573,Yes
C33414,10,682,No
C33415,7,666,Yes
C33416,6,615,Yes
C33417,10,677,No
C33418,9,630,Yes
C33419,9,663,No
C33420,2,518,No
C33421,8,659,No
C33422,9,691,Yes
C33423,6,517,Yes
C33424,3,531,Yes
C33425,10,613,No
C33426,7,666,No
C33427,8,532,Yes
C33428,9,624,Yes
C33429,8,615,Yes
C33430,4,648,Yes
C33431,6,682,No
C33432,4,605,Yes
C33433,5,687,No
C33434,3,653,Yes
C33435,4,550,Yes
C33436,8,611,Yes
C33437,9,619,Yes
C33438,3,621,Yes
C33439,14,630,No
C33440,6,608,Yes
C33441,7,628,Yes
C33442,13,623,Yes
C33443,3,544,Yes
C33444,4,592,No
C33445,5,685,No
C33446,4,621,Yes
C33447,3,533,Yes
C33448,3,568,Yes
C33449,10,625,Yes
C33450,9,563,No
C33451,6,589,Yes
C33452,3,626,Yes
C33453,3,687,No
C33454,2,674,No
C33455,4,584,Yes
C33456,6,723,No
C33457,10,608,No
C33458,3,649,Yes
C33459,9,633,No
C33460,5,699,No
C33461,3,691,No
C33462,4,671,No
C33463,12,709,No
C33464,10,638,Yes
C33465,2,629,No
C33466,15,605,No
C33467,28,687,No
C33468,6,528,Yes
C33469,4,597,Yes
C33470,6,608,Yes
C33471,3,690,Yes
C33472,3,601,No
C33473,6,649,Yes
C33474,3,635,Yes
C33475,6,599,No
C33476,3,472,Yes
C33477,13,652,Yes
C33478,14,688,No
C33479,4,594,Yes
C33480,4,554,Yes
C33481,4,624,Yes
C33482,3,579,Yes
C33483,3,681,Yes
C33484,3,698,No
C33485,8,565,Yes
C33486,3,677,Yes
C33487,4,583,Yes
C33488,9,659,Yes
C33489,6,684,No
C33490,6,567,Yes
C33491,3,631,Yes
C33492,8,715,No
C33493,5,559,Yes
C33494,3,562,Yes
C33495,4,608,Yes
C33496,3,682,No
C33497,9,672,Yes
C33498,4,594,No
C33499,10,648,Yes
C33500,15,658,Yes
C33501,3,589,Yes
C33502,3,663,No
C33503,5,669,No
C33504,4,695,Yes
C33505,3,622,Yes
C33506,6,637,No
C33507,4,640,Yes
C33508,10,654,No
C33509,8,614,Yes
C33510,3,673,No
C33511,9,666,No
C33512,3,597,No
C33513,6,574,Yes
C33514,8,612,No
C33515,3,536,No
C33516,5,663,Yes
C33517,7,639,No
C33518,7,596,No
C33519,3,689,No
C33520,8,625,Yes
C33521,6,590,Yes
C33522,3,634,No
C33523,3,643,No
C33524,4,682,No
C33525,5,688,Yes
C33526,4,607,No
C33527,4,597,Yes
C33528,3,654,No
C33529,4,565,Yes
C33530,3,658,Yes
C33531,3,698,No
C33532,10,638,No
C33533,8,732,Yes
C33534,4,574,Yes
C33535,3,671,Yes
C33536,4,628,Yes
C33537,8,657,Yes
C33538,7,659,Yes
C33539,4,696,Yes
C33540,4,660,No
C33541,9,626,Yes
C33542,7,671,Yes
C33543,3,607,Yes
C33544,4,584,Yes
C33545,16,596,Yes
C33546,7,562,Yes
C33547,5,535,Yes
C33548,10,701,No
C33549,9,663,No
C33550,4,603,Yes
C33551,4,642,Yes
C33552,6,646,No
C33553,10,635,Yes
C33554,11,694,Yes
C33555,3,681,No
C33556,3,604,Yes
C33557,7,587,Yes
C33558,3,652,No
C33559,15,700,No
C33560,7,655,No
C33561,3,717,No
C33562,13,586,Yes
C33563,7,560,Yes
C33564,4,674,Yes
C33565,14,695,Yes
C33566,7,626,No
C33567,10,727,Yes
C33568,6,635,Yes
C33569,5,563,Yes
C33570,3,666,Yes
C33571,9,670,No
C33572,14,692,Yes
C33573,4,669,No
C33574,4,620,Yes
C33575,3,663,No
C33576,6,662,Yes
C33577,9,711,Yes
C33578,3,620,Yes
C33579,9,599,Yes
C33580,3,675,Yes
C33581,10,588,No
C33582,4,553,Yes
C33583,3,615,Yes
C33584,2,658,No
C33585,9,634,Yes
C33586,5,696,Yes
C33587,4,616,Yes
C33588,8,632,Yes
C33589,4,586,Yes
C33590,16,664,No
C33591,7,705,Yes
C33592,3,672,No
C33593,4,494,Yes
C33594,7,575,Yes
C33595,5,730,No
C33596,3,616,No
C33597,4,552,Yes
C33598,3,556,Yes
C33599,3,583,No
C33600,7,673,Yes
C33601,10,635,Yes
C33602,8,573,Yes
C33603,3,578,Yes
C33604,2,645,Yes
C33605,9,548,Yes
C33606,6,711,No
C33607,14,661,No
C33608,8,701,No
C33609,3,661,No
C33610,5,575,Yes
C33611,4,520,Yes
C33612,3,687,No
C33613,5,645,No
C33614,4,492,Yes
C33615,4,691,Yes
C33616,2,578,Yes
C33617,10,636,No
C33618,3,656,No
C33619,6,636,Yes
C33620,9,478,Yes
C33621,7,648,Yes
C33622,3,441,Yes
C33623,3,554,Yes
C33624,10,675,Yes
C33625,2,630,Yes
C33626,4,618,Yes
C33627,2,626,Yes
C33628,4,601,Yes
C33629,4,600,Yes
C33630,11,645,Yes
C33631,3,649,Yes
C33632,15,661,No
C33633,4,678,No
C33634,4,575,Yes
C33635,4,606,Yes
C33636,16,687,Yes
C33637,4,673,No
C33638,4,672,Yes
C33639,4,690,Yes
C33640,6,613,No
C33641,12,667,No
C33642,2,661,No
C33643,7,682,No
C33644,13,606,No
C33645,4,626,Yes
C33646,7,613,Yes
C33647,3,548,Yes
C33648,16,674,Yes
C33649,4,656,No
C33650,11,596,Yes
C33651,5,609,Yes
C33652,4,671,No
C33653,3,623,No
C33654,3,630,No
C33655,8,639,No
C33656,6,650,Yes
C33657,3,484,Yes
C33658,4,651,No
C33659,14,623,Yes
C33660,5,606,No
C33661,3,613,No
C33662,11,677,Yes
C33663,3,661,Yes
C33664,2,707,No
C33665,7,625,No
C33666,8,662,Yes
C33667,5,706,Yes
C33668,4,528,Yes
C33669,3,670,Yes
C33670,3,678,Yes
C33671,6,590,No
C33672,4,676,No
C33673,3,614,No
C33674,4,689,Yes
C33675,3,680,Yes
C33676,8,624,Yes
C33677,2,613,Yes
C33678,4,620,Yes
C33679,5,661,No
C33680,4,704,No
C33681,9,668,Yes
C33682,9,680,No
C33683,9,589,Yes
C33684,8,627,Yes
C33685,3,625,Yes
C33686,5,571,Yes
C33687,3,609,Yes
C33688,3,641,Yes
C33689,4,593,Yes
C33690,17,632,No
C33691,4,614,No
C33692,7,608,Yes
C33693,8,617,Yes
C33694,5,593,Yes
C33695,8,699,Yes
C33696,6,598,Yes
C33697,8,715,No
C33698,3,620,No
C33699,10,689,No
C33700,11,680,Yes
C33701,7,689,No
C33702,3,597,Yes
C33703,9,692,No
C33704,7,665,No
C33705,11,692,Yes
C33706,4,601,Yes
C33707,4,636,Yes
C33708,14,624,Yes
C33709,3,569,No
C33710,6,671,Yes
C33711,6,529,Yes
C33712,15,690,No
C33713,4,606,Yes
C33714,3,463,Yes
C33715,8,708,No
C33716,6,561,Yes
C33717,6,665,No
C33718,6,676,Yes
C33719,4,651,No
C33720,2,638,No
C33721,8,673,Yes
C33722,6,668,No
C33723,6,669,No
C33724,21,756,Yes
C33725,4,610,Yes
C33726,3,535,Yes
C33727,10,662,Yes
C33728,5,609,No
C33729,2,625,Yes
C33730,3,675,No
C33731,7,645,No
C33732,5,628,Yes
C33733,9,593,Yes
C33734,3,521,Yes
C33735,4,676,Yes
C33736,3,718,Yes
C33737,4,601,No
C33738,2,577,No
C33739,7,652,Yes
C33740,14,661,Yes
C33741,6,601,No
C33742,3,623,Yes
C33743,9,659,Yes
C33744,6,620,No
C33745,10,641,Yes
C33746,4,607,Yes
C33747,8,707,No
C33748,7,703,No
C33749,6,668,No
C33750,4,637,Yes
C33751,12,672,No
C33752,10,679,Yes
C33753,3,620,Yes
C33754,2,604,No
C33755,7,699,Yes
C33756,7,640,Yes
C33757,6,661,Yes
C33758,7,663,Yes
C33759,5,599,Yes
C33760,2,687,No
C33761,5,568,Yes
C33762,3,629,Yes
C33763,8,577,No
C33764,6,605,No
C33765,3,635,Yes
C33766,6,675,Yes
C33767,4,582,Yes
C33768,8,664,No
C33769,7,657,Yes
C33770,9,646,Yes
C33771,5,573,Yes
C33772,7,644,Yes
C33773,7,624,Yes
C33774,4,642,Yes
C33775,4,549,Yes
C33776,3,627,No
C33777,2,618,No
C33778,3,604,Yes
C33779,2,525,Yes
C33780,6,540,Yes
C33781,2,635,Yes
C33782,8,679,Yes
C33783,16,618,No
C33784,6,591,Yes
C33785,7,653,Yes
C33786,4,694,No
C33787,5,643,Yes
C33788,3,619,Yes
C33789,4,645,No
C33790,3,664,No
C33791,8,684,No
C33792,12,674,Yes
C33793,2,641,Yes
C33794,10,647,Yes
C33795,6,674,Yes
C33796,8,560,No
C33797,4,581,Yes
C33798,3,636,Yes
C33799,6,667,Yes
C33800,3,669,Yes
C33801,2,612,Yes
C33802,12,565,Yes
C33803,4,635,Yes
C33804,8,698,No
C33805,3,675,No
C33806,5,591,Yes
C33807,15,533,Yes
C33808,3,682,Yes
C33809,4,703,No
C33810,2,525,Yes
C33811,6,646,Yes
C33812,5,623,Yes
C33813,3,692,Yes
C33814,6,641,No
C33815,3,630,Yes
C33816,9,659,Yes
C33817,8,699,Yes
C33818,6,618,No
C33819,7,672,No
C33820,8,598,Yes
C33821,4,604,Yes
C33822,2,613,No
C33823,3,586,Yes
C33824,6,657,No
C33825,9,709,No
C33826,5,610,Yes
C33827,3,656,Yes
C33828,4,675,No
C33829,3,592,Yes
C33830,3,437,Yes
C33831,2,637,Yes
C33832,8,689,No
C33833,3,638,Yes
C33834,4,646,No
C33835,11,651,Yes
C33836,4,658,Yes
C33837,3,644,Yes
C33838,10,596,Yes
C33839,3,684,Yes
C33840,6,644,Yes
C33841,8,676,No
C33842,9,604,No
C33843,2,622,Yes
C33844,9,630,Yes
C33845,3,635,No
C33846,3,660,Yes
C33847,8,606,Yes
C33848,3,651,No
C33849,4,648,No
C33850,13,694,No
C33851,10,581,No
C33852,7,677,Yes
C33853,4,587,Yes
C33854,9,682,No
C33855,7,514,Yes
C33856,5,593,Yes
C33857,4,682,No
C33858,8,615,No
C33859,8,641,Yes
C33860,9,652,Yes
C33861,7,700,Yes
C33862,3,605,Yes
C33863,12,607,No
C33864,3,579,Yes
C33865,4,687,No
C33866,3,682,Yes
C33867,21,574,No
C33868,4,562,Yes
C33869,6,628,No
C33870,8,672,No
C33871,8,661,Yes
C33872,6,656,Yes
C33873,6,617,Yes
C33874,3,672,Yes
C33875,13,688,No
C33876,3,630,Yes
C33877,9,670,No
C33878,13,694,Yes
C33879,3,510,Yes
C33880,9,635,Yes
C33881,5,597,Yes
C33882,4,644,No
C33883,8,691,Yes
C33884,4,592,No
C33885,17,651,Yes
C33886,8,674,Yes
C33887,8,625,No
C33888,6,681,No
C33889,4,643,Yes
C33890,4,662,Yes
C33891,4,505,Yes
C33892,6,621,Yes
C33893,5,644,Yes
C33894,13,596,Yes
C33895,3,629,No
C33896,7,642,No
C33897,3,703,Yes
C33898,4,652,No
C33899,2,658,Yes
C33900,8,568,Yes
C33901,6,665,No
C33902,6,645,No
C33903,4,635,No
C33904,14,675,No
C33905,10,644,No
C33906,13,670,Yes
C33907,3,549,Yes
C33908,8,682,Yes
C33909,10,712,Yes
C33910,9,635,Yes
C33911,11,723,No
C33912,6,625,Yes
C33913,9,690,No
C33914,5,577,Yes
C33915,5,654,Yes
C33916,4,679,No
C33917,9,618,Yes
C33918,5,657,No
C33919,4,498,Yes
C33920,9,648,No
C33921,7,545,Yes
C33922,3,609,Yes
C33923,4,583,Yes
C33924,2,592,Yes
C33925,4,574,No
C33926,5,674,Yes
C33927,7,597,Yes
C33928,4,684,No
C33929,3,543,No
C33930,2,596,Yes
C33931,10,612,Yes
C33932,3,527,Yes
C33933,7,666,Yes
C33934,9,701,No
C33935,8,694,No
C33936,4,577,Yes
C33937,4,638,No
C33938,4,670,Yes
C33939,3,706,Yes
C33940,3,518,Yes
C33941,8,544,Yes
C33942,14,641,Yes
C33943,3,647,Yes
C33944,4,680,Yes
C33945,6,633,No
C33946,4,664,No
C33947,10,627,No
C33948,3,667,Yes
C33949,7,622,No
C33950,5,614,No
C33951,3,677,No
C33952,4,590,Yes
C33953,3,657,Yes
C33954,12,650,Yes
C33955,5,572,Yes
C33956,18,715,No
C33957,3,702,No
C33958,4,631,Yes
C33959,3,619,Yes
C33960,8,642,Yes
C33961,8,622,Yes
C33962,4,633,No
C33963,5,642,No
C33964,6,645,Yes
C33965,8,628,No
C33966,6,636,Yes
C33967,16,581,Yes
C33968,4,562,Yes
C33969,15,598,Yes
C33970,4,538,Yes
C33971,5,430,Yes
C33972,6,613,Yes
C33973,6,693,Yes
C33974,10,594,Yes
C33975,4,663,Yes
C33976,6,628,Yes
C33977,4,679,Yes
C33978,16,668,No
C33979,4,605,Yes
C33980,4,626,Yes
C33981,6,669,Yes
C33982,4,625,Yes
C33983,3,679,No
C33984,9,646,No
C33985,6,685,No
C33986,15,636,No
C33987,13,602,Yes
C33988,3,626,Yes
C33989,4,685,No
C33990,2,638,Yes
C33991,12,624,Yes
C33992,4,583,Yes
C33993,12,689,Yes
C33994,3,464,Yes
C33995,25,719,No
C33996,3,614,No
C33997,6,689,Yes
C33998,7,598,Yes
C33999,16,701,No
C34000,5,714,No
C34001,10,623,No
C34002,7,734,No
C34003,4,625,Yes
C34004,3,644,Yes
C34005,3,670,No
C34006,5,597,Yes
C34007,10,629,Yes
C34008,10,662,No
C34009,3,584,Yes
C34010,4,575,Yes
C34011,3,624,Yes
C34012,10,693,Yes
C34013,8,617,Yes
C34014,9,579,Yes
C34015,5,639,Yes
C34016,4,589,Yes
C34017,7,656,No
C34018,3,708,No
C34019,5,599,Yes
C34020,4,591,No
C34021,3,677,Yes
C34022,9,712,Yes
C34023,7,577,Yes
C34024,5,616,Yes
C34025,5,637,Yes
C34026,7,675,Yes
C34027,6,679,Yes
C34028,4,550,Yes
C34029,4,682,Yes
C34030,8,645,Yes
C34031,3,721,No
C34032,2,622,Yes
C34033,4,620,Yes
C34034,9,697,Yes
C34035,3,655,Yes
C34036,5,629,Yes
C34037,9,684,Yes
C34038,6,598,No
C34039,4,635,Yes
C34040,4,668,Yes
C34041,4,609,Yes
C34042,2,674,No
C34043,6,618,Yes
C34044,10,683,Yes
C34045,9,625,Yes
C34046,25,696,Yes
C34047,9,619,Yes
C34048,6,612,Yes
C34049,5,589,Yes
C34050,5,679,No
C34051,13,681,Yes
C34052,4,532,No
C34053,4,635,No
C34054,4,679,No
C34055,5,690,No
C34056,4,682,Yes
C34057,4,640,Yes
C34058,4,561,Yes
C34059,3,601,Yes
C34060,4,619,Yes
C34061,6,521,Yes
C34062,5,672,No
C34063,7,719,Yes
C34064,4,624,No
C34065,9,565,Yes
C34066,6,620,Yes
C34067,5,631,Yes
C34068,9,703,No
C34069,4,681,No
C34070,2,522,Yes
C34071,3,684,Yes
C34072,3,633,No
C34073,10,660,No
C34074,6,691,Yes
C34075,11,695,Yes
C34076,4,678,No
C34077,2,657,Yes
C34078,9,702,No
C34079,5,581,Yes
C34080,3,608,Yes
C34081,4,526,Yes
C34082,11,695,Yes
C34083,8,684,No
C34084,4,596,No
C34085,3,688,Yes
C34086,8,654,Yes
C34087,3,655,No
C34088,4,668,No
C34089,9,647,No
C34090,8,670,No
C34091,4,694,No
C34092,10,592,Yes
C34093,4,539,Yes
C34094,4,575,Yes
C34095,13,628,Yes
C34096,2,632,No
C34097,5,633,Yes
C34098,4,620,Yes
C34099,9,610,Yes
C34100,8,664,No
C34101,11,632,Yes
C34102,10,604,Yes
C34103,8,637,No
C34104,5,632,No
C34105,12,633,No
C34106,4,510,Yes
C34107,8,661,Yes
C34108,9,708,Yes
C34109,4,598,Yes
C34110,4,626,No
C34111,6,676,Yes
C34112,8,665,No
C34113,15,634,No
C34114,8,552,Yes
C34115,8,615,No
C34116,8,559,Yes
C34117,5,626,No
C34118,9,684,Yes
C34119,9,610,Yes
C34120,16,662,Yes
C34121,4,614,Yes
C34122,3,640,Yes
C34123,6,675,Yes
C34124,7,670,Yes
C34125,9,532,Yes
C34126,3,681,Yes
C34127,2,631,Yes
C34128,6,550,No
C34129,3,529,Yes
C34130,4,642,Yes
C34131,4,659,Yes
C34132,8,646,Yes
C34133,4,623,No
C34134,3,674,Yes
C34135,3,702,No
C34136,8,681,Yes
C34137,4,566,Yes
C34138,3,531,Yes
C34139,4,592,Yes
C34140,8,635,Yes
C34141,3,600,Yes
C34142,10,639,Yes
C34143,7,565,Yes
C34144,14,666,No
C34145,7,582,Yes
C34146,5,663,Yes
C34147,11,700,No
C34148,4,584,Yes
C34149,6,644,Yes
C34150,8,709,Yes
C34151,10,624,No
C34152,3,518,Yes
C34153,8,634,No
C34154,8,636,Yes
C34155,3,630,Yes
C34156,4,606,Yes
C34157,6,589,Yes
C34158,3,586,No
C34159,4,610,No
C34160,16,701,Yes
C34161,11,541,Yes
C34162,3,569,Yes
C34163,9,734,Yes
C34164,4,653,No
C34165,5,674,Yes
C34166,3,540,Yes
C34167,23,760,Yes
C34168,9,589,Yes
C34169,3,681,No
C34170,12,580,Yes
C34171,7,614,No
C34172,16,494,Yes
C34173,8,634,No
C34174,7,651,No
C34175,3,617,No
C34176,15,586,Yes
C34177,4,624,No
C34178,8,631,No
C34179,7,645,Yes
C34180,3,648,Yes
C34181,3,657,Yes
C34182,5,582,Yes
C34183,6,661,No
C34184,3,602,Yes
C34185,7,680,No
C34186,9,689,No
C34187,6,672,Yes
C34188,4,672,No
C34189,7,631,Yes
C34190,6,551,Yes
C34191,7,726,No
C34192,3,683,No
C34193,8,651,Yes
C34194,8,702,Yes
C34195,4,638,No
C34196,9,686,No
C34197,4,641,No
C34198,9,629,Yes
C34199,7,651,Yes
C34200,11,545,Yes
C34201,9,646,No
C34202,8,535,No
C34203,4,631,No
C34204,5,708,Yes
C34205,4,628,Yes
C34206,3,609,Yes
C34207,8,723,No
C34208,5,583,No
C34209,14,679,Yes
C34210,4,576,Yes
C34211,5,718,No
C34212,4,649,Yes
C34213,4,579,Yes
C34214,3,668,No
C34215,4,639,Yes
C34216,8,639,Yes
C34217,2,686,No
C34218,4,571,Yes
C34219,8,652,Yes
C34220,5,667,Yes
C34221,3,679,Yes
C34222,4,642,No
C34223,7,660,Yes
C34224,4,623,No
C34225,3,645,No
C34226,7,624,No
C34227,5,635,No
C34228,6,616,No
C34229,2,563,Yes
C34230,17,627,Yes
C34231,4,615,No
C34232,7,660,No
C34233,4,641,No
C34234,10,574,Yes
C34235,4,647,No
C34236,8,630,Yes
C34237,3,693,No
C34238,4,653,Yes
C34239,3,682,Yes
C34240,3,548,Yes
C34241,11,725,No
C34242,7,632,Yes
C34243,4,683,Yes
C34244,4,647,No
C34245,7,591,Yes
C34246,6,586,Yes
C34247,3,581,Yes
C34248,5,493,Yes
C34249,5,680,Yes
C34250,7,703,No
C34251,10,681,Yes
C34252,9,563,Yes
C34253,3,616,Yes
C34254,3,572,Yes
C34255,4,609,Yes
C34256,6,659,Yes
C34257,11,635,Yes
C34258,4,498,Yes
C34259,6,533,Yes
C34260,16,714,No
C34261,4,649,Yes
C34262,3,524,Yes
C34263,8,622,No
C34264,2,633,Yes
C34265,4,643,Yes
C34266,11,575,Yes
C34267,4,675,No
C34268,6,526,Yes
C34269,4,495,Yes
C34270,3,631,No
C34271,4,649,No
C34272,4,620,Yes
C34273,7,562,Yes
C34274,7,723,Yes
C34275,9,678,Yes
C34276,7,675,Yes
C34277,14,723,Yes
C34278,3,644,Yes
C34279,17,691,No
C34280,10,671,Yes
C34281,5,674,Yes
C34282,6,572,Yes
C34283,3,650,No
C34284,5,626,No
C34285,8,680,No
C34286,10,648,Yes
C34287,10,535,Yes
C34288,5,593,Yes
C34289,5,564,Yes
C34290,8,579,Yes
C34291,8,610,No
C34292,3,624,Yes
C34293,6,662,Yes
C34294,3,686,Yes
C34295,15,665,Yes
C34296,9,577,Yes
C34297,3,610,Yes
C34298,4,683,Yes
C34299,9,561,No
C34300,4,601,Yes
C34301,5,568,Yes
C34302,4,680,No
C34303,3,500,Yes
C34304,13,633,Yes
C34305,5,604,Yes
C34306,8,550,Yes
C34307,4,605,Yes
C34308,8,586,No
C34309,4,659,No
C34310,5,655,Yes
C34311,3,583,Yes
C34312,10,710,Yes
C34313,4,584,Yes
C34314,6,612,Yes
C34315,5,572,Yes
C34316,3,669,No
C34317,12,530,Yes
C34318,6,646,Yes
C34319,8,577,Yes
C34320,13,706,Yes
C34321,10,613,Yes
C34322,8,660,Yes
C34323,9,613,No
C34324,8,612,Yes
C34325,4,630,Yes
C34326,2,602,Yes
C34327,3,659,Yes
C34328,4,606,No
C34329,14,683,No
C34330,4,620,Yes
C34331,4,564,Yes
C34332,3,563,Yes
C34333,4,619,Yes
C34334,6,683,Yes
C34335,4,685,Yes
C34336,4,543,Yes
C34337,4,678,Yes
C34338,2,558,Yes
C34339,4,610,No
C34340,14,700,No
C34341,3,649,Yes
C34342,2,539,Yes
C34343,3,607,No
C34344,6,656,Yes
C34345,10,637,Yes
C34346,8,613,Yes
C34347,4,682,Yes
C34348,6,591,No
C34349,7,683,No
C34350,8,615,Yes
C34351,5,540,Yes
C34352,6,737,No
C34353,11,623,No
C34354,2,617,Yes
C34355,4,560,Yes
C34356,9,635,Yes
C34357,3,673,No
C34358,6,654,No
C34359,8,707,No
C34360,4,680,Yes
C34361,4,575,No
C34362,11,609,Yes
C34363,9,642,Yes
C34364,12,697,Yes
C34365,4,695,Yes
C34366,3,686,Yes
C34367,3,628,Yes
C34368,4,584,Yes
C34369,11,577,Yes
C34370,4,531,Yes
C34371,4,571,Yes
C34372,4,649,Yes
C34373,7,639,No
C34374,12,600,Yes
C34375,9,574,Yes
C34376,4,590,No
C34377,7,600,Yes
C34378,4,649,No
C34379,6,614,No
C34380,4,654,No
C34381,4,622,No
C34382,8,605,Yes
C34383,3,664,Yes
C34384,4,508,Yes
C34385,5,531,Yes
C34386,9,536,Yes
C34387,3,655,Yes
C34388,4,704,Yes
C34389,3,629,No
C34390,4,652,No
C34391,4,577,Yes
C34392,13,649,Yes
C34393,3,692,Yes
C34394,10,626,Yes
C34395,14,572,Yes
C34396,6,564,Yes
C34397,12,639,No
C34398,15,641,No
C34399,6,586,Yes
C34400,9,692,Yes
C34401,3,647,Yes
C34402,7,647,Yes
C34403,13,654,No
C34404,5,583,No
C34405,5,547,Yes
C34406,4,592,No
C34407,6,621,Yes
C34408,5,637,Yes
C34409,2,576,Yes
C34410,4,579,Yes
C34411,5,593,Yes
C34412,8,514,Yes
C34413,13,596,Yes
C34414,5,562,Yes
C34415,4,662,No
C34416,6,620,Yes
C34417,2,597,Yes
C34418,10,683,Yes
C34419,2,687,No
C34420,3,659,No
C34421,8,551,Yes
C34422,9,671,Yes
C34423,10,625,Yes
C34424,3,617,Yes
C34425,3,681,No
C34426,13,596,Yes
C34427,4,592,Yes
C34428,3,670,Yes
C34429,7,685,No
C34430,3,668,No
C34431,4,648,Yes
C34432,10,639,Yes
C34433,3,591,No
C34434,7,658,Yes
C34435,4,638,Yes
C34436,7,690,No
C34437,4,646,No
C34438,2,531,Yes
C34439,14,712,No
C34440,6,597,No
C34441,6,645,No
C34442,9,544,Yes
C34443,14,678,Yes
C34444,13,691,Yes
C34445,3,657,No
C34446,4,576,Yes
C34447,4,590,Yes
C34448,3,657,Yes
C34449,7,644,No
C34450,7,671,Yes
C34451,4,632,Yes
C34452,4,548,No
C34453,3,540,Yes
C34454,11,707,Yes
C34455,10,700,No
C34456,6,649,No
C34457,9,570,Yes
C34458,6,697,Yes
C34459,2,691,No
C34460,8,696,Yes
C34461,6,638,Yes
C34462,17,641,Yes
C34463,14,622,Yes
C34464,6,626,Yes
C34465,3,651,Yes
C34466,3,658,Yes
C34467,3,584,Yes
C34468,4,616,Yes
C34469,9,679,No
C34470,13,590,Yes
C34471,8,641,Yes
C34472,4,664,Yes
C34473,5,698,No
C34474,10,626,No
C34475,8,642,No
C34476,5,628,Yes
C34477,14,726,No
C34478,3,638,Yes
C34479,5,536,Yes
C34480,3,531,Yes
C34481,5,664,No
C34482,11,547,Yes
C34483,6,517,Yes
C34484,4,558,No
C34485,3,551,Yes
C34486,3,698,Yes
C34487,3,643,Yes
C34488,3,418,Yes
C34489,10,575,Yes
C34490,10,673,No
C34491,8,650,No
C34492,4,527,Yes
C34493,8,645,No
C34494,3,637,Yes
C34495,7,583,Yes
C34496,4,715,No
C34497,7,644,No
C34498,5,710,Yes
C34499,10,606,Yes
C34500,4,621,No
C34501,5,701,No
C34502,4,600,Yes
C34503,3,673,No
C34504,5,623,Yes
C34505,4,565,Yes
C34506,4,696,No
C34507,5,643,Yes
C34508,3,662,Yes
C34509,8,695,Yes
C34510,3,638,Yes
C34511,3,600,Yes
C34512,8,633,Yes
C34513,2,693,Yes
C34514,3,615,Yes
C34515,4,595,No
C34516,12,689,Yes
C34517,7,562,Yes
C34518,9,535,Yes
C34519,2,714,Yes
C34520,4,707,No
C34521,4,657,No
C34522,3,629,Yes
C34523,4,612,Yes
C34524,5,643,Yes
C34525,4,583,Yes
C34526,3,623,No
C34527,5,675,Yes
C34528,3,596,Yes
C34529,8,597,Yes
C34530,4,564,Yes
C34531,5,642,Yes
C34532,8,636,Yes
C34533,4,709,Yes
C34534,3,676,Yes
C34535,3,727,No
C34536,3,567,No
C34537,3,658,No
C34538,5,657,No
C34539,3,671,Yes
C34540,7,673,Yes
C34541,3,584,Yes
C34542,4,560,Yes
C34543,4,682,No
C34544,8,619,No
C34545,10,698,Yes
C34546,11,557,No
C34547,12,708,No
C34548,9,657,Yes
C34549,15,674,Yes
C34550,5,701,No
C34551,10,599,Yes
C34552,5,624,Yes
C34553,3,636,Yes
C34554,5,662,Yes
C34555,5,670,Yes
C34556,8,581,Yes
C34557,3,660,No
C34558,5,712,No
C34559,10,608,No
C34560,3,524,Yes
C34561,5,696,Yes
C34562,8,670,No
C34563,4,675,Yes
C34564,4,613,Yes
C34565,5,531,Yes
C34566,4,622,No
C34567,15,695,Yes
C34568,3,683,No
C34569,10,593,Yes
C34570,9,668,Yes
C34571,7,679,Yes
C34572,3,581,Yes
C34573,7,590,Yes
C34574,9,601,No
C34575,3,675,Yes
C34576,4,626,Yes
C34577,2,613,Yes
C34578,5,590,Yes
C34579,3,556,Yes
C34580,4,632,Yes
C34581,2,655,Yes
C34582,4,644,Yes
C34583,10,621,Yes
C34584,4,646,Yes
C34585,9,679,Yes
C34586,9,571,Yes
C34587,9,618,Yes
C34588,2,589,Yes
C34589,14,576,Yes
C34590,3,667,No
C34591,8,574,No
C34592,6,655,No
C34593,10,697,Yes
C34594,6,552,No
C34595,9,618,Yes
C34596,6,670,Yes
C34597,8,575,No
C34598,4,514,Yes
C34599,2,681,No
C34600,7,565,Yes
C34601,4,543,Yes
C34602,3,650,No
C34603,7,582,Yes
C34604,4,662,No
C34605,4,654,No
C34606,4,612,Yes
C34607,3,629,Yes
C34608,7,682,Yes
C34609,2,597,Yes
C34610,4,692,No
C34611,13,727,No
C34612,9,539,No
C34613,9,652,Yes
C34614,5,583,Yes
C34615,11,642,Yes
C34616,9,641,Yes
C34617,8,676,Yes
C34618,10,699,No
C34619,8,649,Yes
C34620,2,685,No
C34621,5,621,Yes
C34622,13,725,No
C34623,10,666,Yes
C34624,4,575,Yes
C34625,11,620,Yes
C34626,4,605,Yes
C34627,7,618,Yes
C34628,4,519,Yes
C34629,11,666,Yes
C34630,6,620,Yes
C34631,6,540,Yes
C34632,3,708,Yes
C34633,8,556,Yes
C34634,2,606,Yes
C34635,4,623,Yes
C34636,2,652,Yes
C34637,4,643,Yes
C34638,2,594,Yes
C34639,22,728,Yes
C34640,3,648,Yes
C34641,5,617,Yes
C34642,6,672,No
C34643,4,649,Yes
C34644,8,593,Yes
C34645,7,696,Yes
C34646,4,605,No
C34647,4,638,Yes
C34648,8,693,Yes
C34649,5,661,No
C34650,2,614,Yes
C34651,4,616,No
C34652,4,694,No
C34653,8,560,Yes
C34654,8,571,Yes
C34655,25,628,No
C34656,3,659,Yes
C34657,7,649,Yes
C34658,2,627,Yes
C34659,5,667,Yes
C34660,5,527,Yes
C34661,4,655,No
C34662,6,703,No
C34663,3,660,No
C34664,2,526,Yes
C34665,3,632,Yes
C34666,8,689,No
C34667,16,697,Yes
C34668,2,546,Yes
C34669,4,673,No
C34670,5,621,Yes
C34671,7,642,Yes
C34672,9,711,Yes
C34673,4,644,No
C34674,3,556,Yes
C34675,7,531,No
C34676,10,611,Yes
C34677,8,593,Yes
C34678,9,645,Yes
C34679,14,606,No
C34680,9,675,Yes
C34681,7,680,Yes
C34682,3,586,Yes
C34683,7,590,Yes
C34684,3,687,No
C34685,8,682,Yes
C34686,6,588,Yes
C34687,4,661,Yes
C34688,4,668,No
C34689,11,676,Yes
C34690,5,477,Yes
C34691,14,700,No
C34692,4,646,No
C34693,4,635,Yes
C34694,3,589,Yes
C34695,10,708,Yes
C34696,2,559,No
C34697,5,629,Yes
C34698,9,646,Yes
C34699,3,665,No
C34700,4,586,Yes
C34701,3,607,No
C34702,10,587,Yes
C34703,7,549,No
C34704,3,542,Yes
C34705,4,614,Yes
C34706,4,663,Yes
C34707,14,665,Yes
C34708,2,563,Yes
C34709,7,633,No
C34710,2,672,No
C34711,3,631,Yes
C34712,12,611,Yes
C34713,12,688,No
C34714,5,600,Yes
C34715,3,625,Yes
C34716,4,662,No
C34717,4,653,Yes
C34718,3,681,Yes
C34719,5,678,Yes
C34720,8,663,Yes
C34721,4,617,Yes
C34722,11,616,Yes
C34723,6,603,No
C34724,4,713,No
C34725,8,716,No
C34726,4,695,Yes
C34727,7,684,No
C34728,4,614,No
C34729,3,613,Yes
C34730,8,581,Yes
C34731,5,622,Yes
C34732,2,610,Yes
C34733,4,671,Yes
C34734,6,609,Yes
C34735,15,646,Yes
C34736,4,606,No
C34737,4,514,Yes
C34738,13,608,Yes
C34739,7,647,No
C34740,5,628,Yes
C34741,5,608,Yes
C34742,4,589,Yes
C34743,5,621,Yes
C34744,6,722,No
C34745,4,644,Yes
C34746,4,682,No
C34747,5,644,No
C34748,5,484,Yes
C34749,2,561,Yes
C34750,6,646,No
C34751,4,630,Yes
C34752,8,634,Yes
C34753,9,666,Yes
C34754,4,504,Yes
C34755,8,586,Yes
C34756,9,569,Yes
C34757,3,645,No
C34758,4,596,Yes
C34759,11,697,No
C34760,9,580,Yes
C34761,4,637,Yes
C34762,3,645,Yes
C34763,9,569,Yes
C34764,8,596,Yes
C34765,9,638,No
C34766,4,610,Yes
C34767,4,628,Yes
C34768,3,583,Yes
C34769,22,629,Yes
C34770,4,652,No
C34771,4,527,Yes
C34772,4,597,Yes
C34773,5,585,Yes
C34774,8,695,Yes
C34775,3,567,Yes
C34776,7,558,Yes
C34777,4,662,No
C34778,7,596,Yes
C34779,6,662,No
C34780,3,619,Yes
C34781,7,684,Yes
C34782,5,602,Yes
C34783,9,479,Yes
C34784,8,657,No
C34785,13,706,Yes
C34786,5,540,Yes
C34787,16,648,No
C34788,9,697,Yes
C34789,5,587,Yes
C34790,4,628,Yes
C34791,9,682,Yes
C34792,8,641,No
C34793,4,642,No
C34794,5,565,No
C34795,9,501,Yes
C34796,4,649,Yes
C34797,4,664,Yes
C34798,11,592,Yes
C34799,4,697,No
C34800,9,558,Yes
C34801,3,636,Yes
C34802,4,639,No
C34803,3,506,Yes
C34804,6,639,No
C34805,7,528,Yes
C34806,12,709,No
C34807,16,676,No
C34808,6,671,No
C34809,9,627,No
C34810,7,660,Yes
C34811,6,696,No
C34812,11,676,Yes
C34813,4,681,Yes
C34814,4,658,Yes
C34815,5,625,Yes
C34816,5,618,Yes
C34817,3,642,No
C34818,12,634,No
C34819,3,577,Yes
C34820,3,539,Yes
C34821,10,705,No
C34822,9,677,Yes
C34823,5,645,Yes
C34824,10,578,Yes
C34825,20,641,No
C34826,4,642,No
C34827,6,672,Yes
C34828,9,461,Yes
C34829,12,500,Yes
C34830,5,629,Yes
C34831,3,642,Yes
C34832,4,660,No
C34833,4,672,Yes
C34834,5,620,Yes
C34835,9,642,Yes
C34836,4,486,Yes
C34837,3,605,No
C34838,2,644,No
C34839,4,655,No
C34840,10,680,Yes
C34841,4,638,No
C34842,2,690,No
C34843,9,662,Yes
C34844,3,563,Yes
C34845,4,633,No
C34846,4,621,Yes
C34847,10,611,No
C34848,3,714,Yes
C34849,12,649,No
C34850,8,715,No
C34851,2,578,Yes
C34852,5,592,Yes
C34853,5,625,Yes
C34854,4,680,No
C34855,10,700,Yes
C34856,5,674,No
C34857,6,606,Yes
C34858,4,652,Yes
C34859,4,563,Yes
C34860,4,602,Yes
C34861,3,652,Yes
C34862,20,736,No
C34863,4,483,Yes
C34864,10,621,No
C34865,4,588,Yes
C34866,3,669,Yes
C34867,4,637,No
C34868,4,543,Yes
C34869,4,679,No
C34870,9,709,Yes
C34871,9,575,No
C34872,6,609,Yes
C34873,9,681,No
C34874,4,719,No
C34875,9,651,No
C34876,4,558,No
C34877,4,560,Yes
C34878,16,612,Yes
C34879,4,669,Yes
C34880,9,638,No
C34881,6,642,Yes
C34882,3,649,Yes
C34883,4,627,No
C34884,4,620,No
C34885,6,666,Yes
C34886,3,658,Yes
C34887,6,668,Yes
C34888,5,659,No
C34889,4,572,Yes
C34890,4,618,Yes
C34891,4,668,No
C34892,6,608,Yes
C34893,4,639,Yes
C34894,7,581,No
C34895,17,727,Yes
C34896,4,707,Yes
C34897,5,693,Yes
C34898,2,635,No
C34899,8,653,Yes
C34900,14,639,Yes
C34901,5,650,Yes
C34902,9,603,Yes
C34903,8,616,Yes
C34904,16,516,Yes
C34905,4,681,Yes
C34906,4,590,No
C34907,4,677,Yes
C34908,13,696,Yes
C34909,4,556,No
C34910,4,595,Yes
C34911,7,657,Yes
C34912,3,577,Yes
C34913,7,632,Yes
C34914,3,705,Yes
C34915,5,654,No
C34916,3,700,No
C34917,8,639,Yes
C34918,4,587,Yes
C34919,15,582,Yes
C34920,4,622,Yes
C34921,3,623,No
C34922,3,439,Yes
C34923,6,660,No
C34924,24,726,Yes
C34925,10,676,Yes
C34926,3,684,Yes
C34927,6,569,Yes
C34928,3,582,Yes
C34929,2,648,Yes
C34930,2,697,Yes
C34931,3,693,Yes
C34932,3,668,Yes
C34933,5,558,No
C34934,15,687,No
C34935,3,658,No
C34936,6,632,Yes
C34937,5,566,Yes
C34938,6,561,Yes
C34939,10,687,No
C34940,3,665,Yes
C34941,3,682,Yes
C34942,5,634,No
C34943,11,643,No
C34944,3,644,Yes
C34945,4,644,Yes
C34946,4,586,Yes
C34947,4,574,Yes
C34948,7,617,Yes
C34949,5,714,Yes
C34950,7,592,No
C34951,3,647,No
C34952,6,632,Yes
C34953,4,613,No
C34954,4,575,Yes
C34955,17,722,Yes
C34956,4,612,Yes
C34957,7,579,Yes
C34958,9,686,Yes
C34959,9,694,No
C34960,4,674,Yes
C34961,3,584,Yes
C34962,3,611,No
C34963,6,639,Yes
C34964,8,603,Yes
C34965,5,684,Yes
C34966,9,692,Yes
C34967,9,517,Yes
C34968,3,609,Yes
C34969,4,657,No
C34970,4,575,Yes
C34971,2,547,Yes
C34972,6,576,Yes
C34973,8,554,Yes
C34974,5,556,Yes
C34975,10,665,Yes
C34976,9,610,No
C34977,3,581,Yes
C34978,4,565,Yes
C34979,3,617,Yes
C34980,6,675,No
C34981,7,606,No
C34982,9,661,Yes
C34983,12,703,Yes
C34984,8,538,Yes
C34985,9,666,Yes
C34986,5,664,Yes
C34987,3,601,No
C34988,5,669,No
C34989,5,626,No
C34990,4,603,No
C34991,4,643,Yes
C34992,9,560,Yes
C34993,3,659,Yes
C34994,4,582,No
C34995,7,712,No
C34996,4,597,Yes
C34997,6,657,Yes
C34998,9,648,No
C34999,10,660,No
C35000,4,649,Yes
C35001,4,643,Yes
C35002,4,628,Yes
C35003,4,662,Yes
C35004,10,663,No
C35005,3,617,No
C35006,8,637,No
C35007,7,658,Yes
C35008,3,550,Yes
C35009,5,622,Yes
C35010,6,629,Yes
C35011,4,665,Yes
C35012,16,700,No
C35013,3,634,No
C35014,3,661,Yes
C35015,3,645,No
C35016,11,647,No
C35017,2,697,Yes
C35018,2,571,Yes
C35019,10,675,Yes
C35020,5,633,Yes
C35021,4,604,No
C35022,4,654,Yes
C35023,10,580,Yes
C35024,4,688,Yes
C35025,14,620,No
C35026,14,683,Yes
C35027,4,635,Yes
C35028,15,646,Yes
C35029,3,586,Yes
C35030,5,647,Yes
C35031,4,645,Yes
C35032,7,654,Yes
C35033,15,635,Yes
C35034,3,586,No
C35035,8,669,No
C35036,4,671,No
C35037,5,581,Yes
C35038,16,682,Yes
C35039,9,627,Yes
C35040,2,604,Yes
C35041,5,632,No
C35042,2,680,No
C35043,9,701,Yes
C35044,11,703,No
C35045,4,643,Yes
C35046,7,648,Yes
C35047,3,649,Yes
C35048,4,655,Yes
C35049,3,590,Yes
C35050,7,652,Yes
C35051,4,635,No
C35052,3,614,Yes
C35053,3,625,No
C35054,6,634,No
C35055,4,603,Yes
C35056,7,655,No
C35057,2,616,Yes
C35058,6,596,Yes
C35059,4,534,Yes
C35060,7,662,Yes
C35061,4,678,No
C35062,4,626,Yes
C35063,13,713,No
C35064,6,684,No
C35065,6,618,Yes
C35066,14,673,Yes
C35067,5,663,No
C35068,9,678,No
C35069,4,664,Yes
C35070,10,637,Yes
C35071,4,609,No
C35072,3,644,Yes
C35073,7,607,Yes
C35074,7,678,Yes
C35075,4,660,Yes
C35076,3,623,Yes
C35077,3,605,Yes
C35078,8,679,Yes
C35079,4,673,No
C35080,3,671,No
C35081,4,631,Yes
C35082,8,706,Yes
C35083,3,663,No
C35084,3,701,Yes
C35085,6,642,Yes
C35086,8,609,Yes
C35087,3,679,Yes
C35088,3,634,No
C35089,3,717,Yes
C35090,10,702,No
C35091,7,631,Yes
C35092,6,629,No
C35093,5,707,No
C35094,3,662,No
C35095,7,675,Yes
C35096,9,703,No
C35097,22,741,Yes
C35098,3,631,Yes
C35099,4,634,Yes
C35100,4,570,No
C35101,2,541,Yes
C35102,4,583,Yes
C35103,4,703,No
C35104,10,619,No
C35105,2,626,Yes
C35106,9,635,Yes
C35107,3,591,Yes
C35108,3,652,Yes
C35109,5,655,Yes
C35110,6,545,Yes
C35111,8,618,No
C35112,15,689,Yes
C35113,4,574,Yes
C35114,4,586,Yes
C35115,6,671,Yes
C35116,5,669,No
C35117,5,646,Yes
C35118,5,485,Yes
C35119,3,670,No
C35120,3,603,Yes
C35121,7,613,Yes
C35122,4,631,Yes
C35123,5,654,Yes
C35124,4,632,Yes
C35125,3,669,No
C35126,3,630,Yes
C35127,10,641,Yes
C35128,6,697,Yes
C35129,5,624,Yes
C35130,3,601,Yes
C35131,3,564,No
C35132,6,633,Yes
C35133,7,694,No
C35134,7,662,Yes
C35135,4,644,No
C35136,10,631,Yes
C35137,3,632,Yes
C35138,4,652,Yes
C35139,4,577,Yes
C35140,11,539,Yes
C35141,3,646,No
C35142,10,646,No
C35143,4,640,No
C35144,7,596,Yes
C35145,3,660,Yes
C35146,3,651,Yes
C35147,6,625,Yes
C35148,12,569,Yes
C35149,4,673,No
C35150,6,621,No
C35151,8,649,No
C35152,3,581,Yes
C35153,8,625,Yes
C35154,3,632,Yes
C35155,6,658,No
C35156,3,672,Yes
C35157,5,501,Yes
C35158,10,733,No
C35159,3,637,No
C35160,8,672,Yes
C35161,3,460,Yes
C35162,7,691,No
C35163,4,624,Yes
C35164,5,671,No
C35165,7,682,Yes
C35166,4,634,Yes
C35167,7,684,Yes
C35168,10,630,Yes
C35169,3,613,Yes
C35170,5,672,Yes
C35171,3,660,No
C35172,8,680,No
C35173,15,690,No
C35174,3,646,Yes
C35175,6,564,Yes
C35176,8,567,Yes
C35177,3,583,Yes
C35178,9,620,No
C35179,3,628,Yes
C35180,5,699,No
C35181,4,672,Yes
C35182,6,692,No
C35183,3,643,No
C35184,2,686,No
C35185,6,687,Yes
C35186,8,676,No
C35187,4,626,No
C35188,3,658,No
C35189,15,720,Yes
C35190,8,677,No
C35191,6,618,No
C35192,6,682,Yes
C35193,4,533,Yes
C35194,3,631,No
C35195,7,621,No
C35196,5,581,No
C35197,3,584,Yes
C35198,9,679,Yes
C35199,17,605,Yes
C35200,3,608,No
C35201,3,627,Yes
C35202,3,613,Yes
C35203,7,669,No
C35204,6,596,Yes
C35205,16,672,Yes
C35206,10,571,Yes
C35207,5,539,Yes
C35208,4,636,No
C35209,7,661,No
C35210,5,631,Yes
C35211,9,669,No
C35212,4,671,No
C35213,4,651,Yes
C35214,4,576,Yes
C35215,9,604,Yes
C35216,4,569,Yes
C35217,4,652,Yes
C35218,4,545,Yes
C35219,7,600,Yes
C35220,10,555,Yes
C35221,3,592,Yes
C35222,4,526,Yes
C35223,3,680,Yes
C35224,3,632,Yes
C35225,3,667,No
C35226,8,601,Yes
C35227,10,521,Yes
C35228,12,695,Yes
C35229,2,662,No
C35230,9,565,Yes
C35231,18,727,No
C35232,8,583,Yes
C35233,4,618,Yes
C35234,3,551,Yes
C35235,4,495,Yes
C35236,4,691,Yes
C35237,4,692,Yes
C35238,9,663,Yes
C35239,6,655,Yes
C35240,3,649,Yes
C35241,10,703,No
C35242,10,728,No
C35243,8,592,Yes
C35244,4,591,Yes
C35245,4,631,Yes
C35246,5,684,Yes
C35247,4,607,Yes
C35248,4,641,Yes
C35249,17,678,No
C35250,2,588,No
C35251,4,695,Yes
C35252,3,563,Yes
C35253,6,515,Yes
C35254,7,663,Yes
C35255,8,548,No
C35256,9,684,No
C35257,6,615,Yes
C35258,3,619,No
C35259,3,620,Yes
C35260,9,715,No
C35261,8,704,No
C35262,6,653,Yes
C35263,2,516,Yes
C35264,6,641,No
C35265,8,578,No
C35266,4,626,No
C35267,4,684,Yes
C35268,9,637,No
C35269,2,639,No
C35270,10,560,No
C35271,7,670,Yes
C35272,6,585,Yes
C35273,7,692,No
C35274,7,523,Yes
C35275,4,657,Yes
C35276,7,690,No
C35277,10,562,Yes
C35278,6,694,Yes
C35279,2,575,Yes
C35280,16,635,Yes
C35281,3,654,Yes
C35282,6,596,No
C35283,12,617,No
C35284,4,577,Yes
C35285,4,592,Yes
C35286,5,622,Yes
C35287,5,657,No
C35288,7,623,Yes
C35289,12,620,Yes
C35290,9,617,Yes
C35291,11,664,Yes
C35292,4,644,Yes
C35293,3,656,No
C35294,3,609,No
C35295,8,617,No
C35296,3,564,Yes
C35297,9,554,Yes
C35298,7,556,No
C35299,11,541,Yes
C35300,3,624,Yes
C35301,8,668,Yes
C35302,5,639,Yes
C35303,7,650,Yes
C35304,8,671,No
C35305,9,671,Yes
C35306,6,653,Yes
C35307,4,547,Yes
C35308,4,568,Yes
C35309,2,626,Yes
C35310,3,572,Yes
C35311,5,587,Yes
C35312,4,645,Yes
C35313,10,589,No
C35314,9,644,Yes
C35315,7,711,Yes
C35316,4,628,Yes
C35317,4,649,Yes
C35318,4,652,Yes
C35319,12,671,Yes
C35320,9,681,Yes
C35321,3,646,Yes
C35322,6,688,No
C35323,4,668,Yes
C35324,4,664,Yes
C35325,4,675,Yes
C35326,2,619,Yes
C35327,4,665,No
C35328,9,651,No
C35329,4,573,No
C35330,4,615,Yes
C35331,3,591,Yes
C35332,7,592,No
C35333,9,572,Yes
C35334,3,672,No
C35335,4,690,No
C35336,10,670,Yes
C35337,3,598,Yes
C35338,7,545,No
C35339,10,663,Yes
C35340,10,498,Yes
C35341,3,579,Yes
C35342,6,658,No
C35343,5,583,Yes
C35344,5,611,Yes
C35345,4,686,Yes
C35346,4,655,Yes
C35347,2,640,Yes
C35348,2,563,Yes
C35349,10,651,Yes
C35350,4,543,Yes
C35351,12,697,Yes
C35352,3,640,No
C35353,3,580,No
C35354,9,600,Yes
C35355,6,608,Yes
C35356,12,610,Yes
C35357,20,642,Yes
C35358,4,630,No
C35359,7,668,Yes
C35360,4,645,Yes
C35361,14,745,No
C35362,15,633,Yes
C35363,8,667,No
C35364,9,569,No
C35365,4,693,No
C35366,4,704,Yes
C35367,4,685,Yes
C35368,3,697,Yes
C35369,6,613,No
C35370,6,687,No
C35371,6,662,No
C35372,7,650,Yes
C35373,5,655,Yes
C35374,9,705,Yes
C35375,3,600,No
C35376,7,603,No
C35377,3,673,No
C35378,4,592,No
C35379,8,716,No
C35380,3,617,Yes
C35381,10,580,No
C35382,3,614,Yes
C35383,9,690,No
C35384,12,680,No
C35385,7,603,Yes
C35386,6,669,No
C35387,4,585,Yes
C35388,8,646,No
C35389,4,620,No
C35390,5,639,Yes
C35391,8,624,No
C35392,8,537,Yes
C35393,9,676,No
C35394,20,641,No
C35395,4,650,No
C35396,3,592,Yes
C35397,8,610,Yes
C35398,3,641,No
C35399,11,651,No
C35400,8,675,Yes
C35401,25,587,Yes
C35402,4,609,Yes
C35403,3,630,Yes
C35404,8,695,Yes
C35405,4,584,Yes
C35406,3,670,Yes
C35407,10,657,No
C35408,6,668,No
C35409,5,672,No
C35410,5,644,Yes
C35411,3,631,Yes
C35412,3,627,Yes
C35413,7,671,Yes
C35414,5,642,Yes
C35415,5,628,Yes
C35416,8,645,Yes
C35417,7,643,Yes
C35418,5,654,No
C35419,5,659,No
C35420,5,589,Yes
C35421,4,650,No
C35422,4,618,Yes
C35423,4,662,Yes
C35424,3,590,Yes
C35425,6,635,Yes
C35426,4,655,Yes
C35427,11,717,No
C35428,10,675,No
C35429,5,670,Yes
C35430,3,642,No
C35431,4,629,Yes
C35432,8,582,Yes
C35433,3,666,Yes
C35434,4,604,Yes
C35435,6,541,Yes
C35436,9,670,Yes
C35437,7,524,Yes
C35438,9,566,Yes
C35439,2,555,No
C35440,8,602,No
C35441,3,624,No
C35442,3,632,Yes
C35443,3,540,Yes
C35444,3,683,Yes
C35445,19,699,No
C35446,7,553,Yes
C35447,6,653,Yes
C35448,4,530,Yes
C35449,3,550,Yes
C35450,8,732,Yes
C35451,6,670,Yes
C35452,3,665,Yes
C35453,3,644,Yes
C35454,6,672,Yes
C35455,9,731,Yes
C35456,3,623,No
C35457,10,627,Yes
C35458,4,670,Yes
C35459,3,688,Yes
C35460,10,666,Yes
C35461,4,702,No
C35462,2,621,Yes
C35463,5,655,No
C35464,6,695,Yes
C35465,9,718,No
C35466,5,613,Yes
C35467,4,587,Yes
C35468,3,681,Yes
C35469,8,639,No
C35470,3,595,Yes
C35471,10,664,No
C35472,5,524,Yes
C35473,7,637,Yes
C35474,3,637,No
C35475,5,536,Yes
C35476,7,662,Yes
C35477,3,560,Yes
C35478,6,665,No
C35479,7,649,No
C35480,3,629,Yes
C35481,7,694,Yes
C35482,8,622,No
C35483,7,610,Yes
C35484,4,682,No
C35485,8,616,No
C35486,3,624,No
C35487,8,583,Yes
C35488,10,639,Yes
C35489,4,632,No
C35490,14,702,No
C35491,7,611,No
C35492,4,667,Yes
C35493,7,573,Yes
C35494,5,606,Yes
C35495,8,632,No
C35496,9,716,Yes
C35497,4,618,Yes
C35498,4,712,Yes
C35499,3,623,Yes
C35500,6,593,No
C35501,8,712,No
C35502,3,623,Yes
C35503,3,600,Yes
C35504,3,664,Yes
C35505,6,616,No
C35506,3,650,No
C35507,4,637,Yes
C35508,5,685,No
C35509,6,655,Yes
C35510,9,628,Yes
C35511,10,651,Yes
C35512,7,632,Yes
C35513,3,720,Yes
C35514,16,531,Yes
C35515,7,627,Yes
C35516,5,673,No
C35517,6,659,Yes
C35518,12,571,Yes
C35519,6,604,Yes
C35520,3,628,No
C35521,4,555,Yes
C35522,6,668,Yes
C35523,5,672,No
C35524,3,521,Yes
C35525,2,595,Yes
C35526,3,691,No
C35527,10,562,Yes
C35528,6,667,No
C35529,5,663,No
C35530,7,519,Yes
C35531,8,585,Yes
C35532,6,675,No
C35533,2,592,Yes
C35534,4,599,Yes
C35535,3,665,Yes
C35536,4,620,Yes
C35537,8,593,No
C35538,4,652,No
C35539,9,599,No
C35540,13,519,Yes
C35541,4,679,Yes
C35542,4,558,Yes
C35543,4,663,Yes
C35544,4,668,No
C35545,4,567,No
C35546,4,683,Yes
C35547,4,600,Yes
C35548,8,671,Yes
C35549,7,704,Yes
C35550,3,573,Yes
C35551,8,717,Yes
C35552,10,650,Yes
C35553,4,542,Yes
C35554,3,657,Yes
C35555,10,527,Yes
C35556,3,663,Yes
C35557,3,721,No
C35558,4,712,No
C35559,15,676,Yes
C35560,8,636,No
C35561,3,542,No
C35562,3,635,Yes
C35563,9,598,No
C35564,9,692,Yes
C35565,9,653,Yes
C35566,7,678,Yes
C35567,12,607,No
C35568,8,603,Yes
C35569,8,669,Yes
C35570,2,637,No
C35571,3,577,Yes
C35572,5,534,Yes
C35573,9,563,Yes
C35574,3,601,Yes
C35575,6,582,Yes
C35576,5,698,Yes
C35577,7,695,Yes
C35578,3,630,Yes
C35579,6,617,Yes
C35580,6,535,Yes
C35581,4,660,Yes
C35582,11,617,Yes
C35583,3,577,Yes
C35584,6,524,Yes
C35585,4,576,No
C35586,3,574,Yes
C35587,8,624,Yes
C35588,4,673,Yes
C35589,8,617,Yes
C35590,3,678,No
C35591,9,593,Yes
C35592,7,652,No
C35593,4,699,No
C35594,9,637,Yes
C35595,5,652,Yes
C35596,9,573,No
C35597,4,636,No
C35598,3,668,Yes
C35599,3,679,Yes
C35600,6,682,No
C35601,3,572,Yes
C35602,10,678,No
C35603,4,599,No
C35604,3,650,Yes
C35605,9,701,Yes
C35606,9,525,No
C35607,5,655,Yes
C35608,8,667,No
C35609,3,632,No
C35610,3,607,Yes
C35611,8,660,No
C35612,9,672,Yes
C35613,15,738,Yes
C35614,6,637,No
C35615,3,535,Yes
C35616,18,668,Yes
C35617,10,679,Yes
C35618,9,656,No
C35619,5,617,Yes
C35620,4,644,Yes
C35621,13,718,No
C35622,3,518,Yes
C35623,6,637,No
C35624,10,628,Yes
C35625,3,702,Yes
C35626,3,648,Yes
C35627,6,637,Yes
C35628,2,683,No
C35629,2,613,Yes
C35630,10,634,Yes
C35631,3,577,Yes
C35632,5,583,Yes
C35633,13,641,Yes
C35634,4,638,Yes
C35635,3,629,No
C35636,3,657,No
C35637,4,553,Yes
C35638,7,560,No
C35639,4,679,No
C35640,4,513,Yes
C35641,4,667,Yes
C35642,4,698,No
C35643,5,533,No
C35644,5,647,Yes
C35645,3,522,Yes
C35646,2,504,Yes
C35647,4,671,No
C35648,9,621,Yes
C35649,3,549,No
C35650,9,655,Yes
C35651,6,711,Yes
C35652,5,592,Yes
C35653,9,552,Yes
C35654,4,611,Yes
C35655,3,630,Yes
C35656,6,688,Yes
C35657,5,632,Yes
C35658,3,654,No
C35659,9,651,No
C35660,5,697,Yes
C35661,3,565,No
C35662,28,628,Yes
C35663,9,690,Yes
C35664,10,684,Yes
C35665,2,619,Yes
C35666,9,705,Yes
C35667,3,656,Yes
C35668,15,646,Yes
C35669,10,647,Yes
C35670,12,669,No
C35671,4,632,No
C35672,7,571,Yes
C35673,3,706,No
C35674,5,699,No
C35675,2,685,No
C35676,2,618,No
C35677,4,491,Yes
C35678,4,669,Yes
C35679,5,697,Yes
C35680,4,559,Yes
C35681,5,650,Yes
C35682,4,682,Yes
C35683,4,657,No
C35684,3,625,Yes
C35685,9,632,No
C35686,9,624,Yes
C35687,3,706,Yes
C35688,8,575,Yes
C35689,4,656,No
C35690,2,657,Yes
C35691,8,682,Yes
C35692,4,662,Yes
C35693,7,554,No
C35694,10,583,Yes
C35695,4,717,No
C35696,12,586,Yes
C35697,7,584,Yes
C35698,14,675,Yes
C35699,6,583,Yes
C35700,4,529,No
C35701,9,580,Yes
C35702,9,626,Yes
C35703,4,640,Yes
C35704,7,638,No
C35705,3,647,Yes
C35706,3,610,Yes
C35707,3,635,No
C35708,14,635,Yes
C35709,4,638,No
C35710,4,595,Yes
C35711,9,666,Yes
C35712,7,620,Yes
C35713,16,670,Yes
C35714,5,644,No
C35715,7,711,Yes
C35716,4,594,Yes
C35717,5,593,No
C35718,7,582,Yes
C35719,8,654,Yes
C35720,6,614,No
C35721,8,676,No
C35722,4,639,No
C35723,10,683,No
C35724,12,650,No
C35725,3,669,No
C35726,10,624,Yes
C35727,11,621,Yes
C35728,4,606,No
C35729,7,733,No
C35730,9,610,Yes
C35731,5,570,No
C35732,3,685,Yes
C35733,2,697,Yes
C35734,9,689,No
C35735,2,657,Yes
C35736,9,701,No
C35737,3,646,Yes
C35738,3,623,No
C35739,3,649,Yes
C35740,11,669,Yes
C35741,2,628,Yes
C35742,4,650,Yes
C35743,6,657,No
C35744,4,681,No
C35745,14,724,Yes
C35746,6,725,Yes
C35747,9,697,Yes
C35748,5,618,Yes
C35749,12,698,Yes
C35750,4,638,Yes
C35751,2,643,Yes
C35752,2,611,Yes
C35753,6,566,Yes
C35754,3,590,Yes
C35755,4,588,Yes
C35756,4,632,Yes
C35757,5,678,Yes
C35758,9,587,Yes
C35759,5,745,No
C35760,4,583,Yes
C35761,9,523,Yes
C35762,6,622,No
C35763,4,701,Yes
C35764,3,660,No
C35765,7,585,Yes
C35766,16,541,Yes
C35767,6,695,Yes
C35768,5,680,Yes
C35769,4,555,Yes
C35770,4,646,No
C35771,4,694,Yes
C35772,9,708,No
C35773,6,677,Yes
C35774,3,617,Yes
C35775,7,628,Yes
C35776,4,682,No
C35777,3,606,Yes
C35778,8,685,Yes
C35779,4,690,Yes
C35780,11,640,No
C35781,11,631,Yes
C35782,7,597,Yes
C35783,7,594,Yes
C35784,4,638,Yes
C35785,3,570,Yes
C35786,2,588,Yes
C35787,11,657,Yes
C35788,12,686,Yes
C35789,3,659,No
C35790,10,619,Yes
C35791,3,661,Yes
C35792,4,560,Yes
C35793,10,654,Yes
C35794,10,705,No
C35795,12,609,No
C35796,4,587,Yes
C35797,4,643,Yes
C35798,9,668,Yes
C35799,5,646,Yes
C35800,4,627,Yes
C35801,5,577,No
C35802,6,559,Yes
C35803,14,668,No
C35804,2,630,No
C35805,5,540,Yes
C35806,5,683,Yes
C35807,5,608,No
C35808,4,660,Yes
C35809,4,579,Yes
C35810,10,639,No
C35811,3,649,Yes
C35812,4,602,Yes
C35813,4,487,Yes
C35814,6,682,No
C35815,5,603,Yes
C35816,5,654,Yes
C35817,3,638,Yes
C35818,6,715,Yes
C35819,9,723,No
C35820,5,670,No
C35821,3,623,No
C35822,15,599,Yes
C35823,4,582,Yes
C35824,9,631,No
C35825,4,504,Yes
C35826,8,650,Yes
C35827,2,671,No
C35828,7,599,Yes
C35829,3,555,Yes
C35830,9,666,Yes
C35831,5,671,Yes
C35832,3,626,Yes
C35833,7,530,Yes
C35834,3,636,Yes
C35835,9,611,No
C35836,3,653,No
C35837,8,653,No
C35838,6,640,No
C35839,7,638,Yes
C35840,4,518,Yes
C35841,6,670,No
C35842,2,587,Yes
C35843,4,642,Yes
C35844,3,604,No
C35845,5,480,Yes
C35846,10,622,Yes
C35847,3,548,Yes
C35848,4,612,No
C35849,6,573,Yes
C35850,4,696,Yes
C35851,17,622,Yes
C35852,8,692,No
C35853,4,645,Yes
C35854,4,668,No
C35855,7,702,Yes
C35856,11,658,No
C35857,5,571,Yes
C35858,8,649,Yes
C35859,5,678,No
C35860,6,627,Yes
C35861,3,636,No
C35862,3,621,Yes
C35863,5,659,No
C35864,3,698,Yes
C35865,17,721,Yes
C35866,4,628,No
C35867,2,558,Yes
C35868,10,557,Yes
C35869,4,585,Yes
C35870,4,620,Yes
C35871,9,699,No
C35872,4,637,Yes
C35873,14,520,Yes
C35874,9,663,No
C35875,7,552,Yes
C35876,6,675,Yes
C35877,2,666,No
C35878,2,616,No
C35879,4,614,Yes
C35880,3,607,Yes
C35881,3,697,Yes
C35882,7,666,No
C35883,5,655,No
C35884,5,611,Yes
C35885,5,581,Yes
C35886,5,644,No
C35887,6,689,No
C35888,11,645,No
C35889,2,569,Yes
C35890,6,638,Yes
C35891,12,617,Yes
C35892,7,646,Yes
C35893,7,676,No
C35894,2,656,No
C35895,5,662,Yes
C35896,13,695,Yes
C35897,3,655,No
C35898,5,578,Yes
C35899,4,644,Yes
C35900,4,584,Yes
C35901,4,624,No
C35902,10,633,Yes
C35903,8,613,Yes
C35904,7,684,No
C35905,3,656,Yes
C35906,4,618,Yes
C35907,4,634,Yes
C35908,5,678,No
C35909,7,525,Yes
C35910,15,600,Yes
C35911,3,667,Yes
C35912,6,588,Yes
C35913,4,630,Yes
C35914,3,615,Yes
C35915,4,656,No
C35916,11,587,No
C35917,11,646,Yes
C35918,4,585,Yes
C35919,5,596,No
C35920,5,570,No
C35921,3,644,Yes
C35922,4,683,Yes
C35923,7,645,Yes
C35924,8,610,Yes
C35925,3,660,No
C35926,6,649,Yes
C35927,3,615,No
C35928,2,628,Yes
C35929,3,604,Yes
C35930,6,592,Yes
C35931,14,579,Yes
C35932,2,664,No
C35933,4,623,Yes
C35934,6,614,Yes
C35935,4,646,Yes
C35936,7,623,Yes
C35937,3,648,No
C35938,4,685,Yes
C35939,3,667,Yes
C35940,4,621,Yes
C35941,3,578,Yes
C35942,4,613,No
C35943,3,561,Yes
C35944,6,591,Yes
C35945,8,710,Yes
C35946,3,604,No
C35947,6,516,Yes
C35948,11,661,Yes
C35949,5,654,Yes
C35950,6,718,No
C35951,3,634,No
C35952,4,647,No
C35953,5,638,Yes
C35954,4,582,No
C35955,5,616,Yes
C35956,2,639,Yes
C35957,5,637,Yes
C35958,9,650,No
C35959,6,633,No
C35960,7,647,No
C35961,4,640,Yes
C35962,3,589,Yes
C35963,3,532,Yes
C35964,2,595,Yes
C35965,10,591,Yes
C35966,9,612,Yes
C35967,4,598,Yes
C35968,2,596,Yes
C35969,3,712,Yes
C35970,8,661,Yes
C35971,4,646,No
C35972,6,584,Yes
C35973,2,720,Yes
C35974,12,665,Yes
C35975,9,662,Yes
C35976,4,630,Yes
C35977,9,678,Yes
C35978,3,644,No
C35979,4,665,No
C35980,4,688,Yes
C35981,14,608,No
C35982,14,591,No
C35983,19,682,Yes
C35984,9,690,No
C35985,6,694,No
C35986,4,539,No
C35987,4,488,Yes
C35988,8,671,No
C35989,7,609,Yes
C35990,4,651,Yes
C35991,5,649,Yes
C35992,5,628,No
C35993,4,667,Yes
C35994,3,622,No
C35995,5,696,Yes
C35996,7,687,No
C35997,10,595,Yes
C35998,6,701,Yes
C35999,9,597,Yes
C36000,10,587,Yes
C36001,3,626,Yes
C36002,3,593,Yes
C36003,4,629,No
C36004,12,590,Yes
C36005,13,673,Yes
C36006,20,672,No
C36007,4,656,Yes
C36008,6,704,Yes
C36009,5,676,Yes
C36010,8,491,Yes
C36011,3,676,Yes
C36012,4,635,Yes
C36013,10,565,No
C36014,3,693,Yes
C36015,5,617,No
C36016,6,659,No
C36017,5,677,No
C36018,3,638,Yes
C36019,3,498,Yes
C36020,5,504,Yes
C36021,5,559,Yes
C36022,11,638,No
C36023,4,591,Yes
C36024,4,503,Yes
C36025,8,695,No
C36026,15,632,Yes
C36027,5,575,Yes
C36028,3,624,No
C36029,3,586,Yes
C36030,3,580,Yes
C36031,4,704,No
C36032,6,667,Yes
C36033,10,714,Yes
C36034,4,672,No
C36035,4,652,Yes
C36036,7,675,No
C36037,5,616,Yes
C36038,3,694,No
C36039,6,641,Yes
C36040,9,653,No
C36041,3,593,Yes
C36042,3,675,No
C36043,6,594,Yes
C36044,4,668,No
C36045,5,611,Yes
C36046,11,648,Yes
C36047,6,508,Yes
C36048,5,650,No
C36049,9,693,No
C36050,5,519,Yes
C36051,6,597,Yes
C36052,6,578,Yes
C36053,4,649,No
C36054,4,619,No
C36055,3,687,No
C36056,11,597,No
C36057,18,655,No
C36058,3,696,Yes
C36059,3,629,Yes
C36060,6,711,No
C36061,4,614,No
C36062,2,553,No
C36063,5,695,Yes
C36064,4,635,Yes
C36065,4,626,Yes
C36066,6,651,No
C36067,5,531,Yes
C36068,8,503,Yes
C36069,14,611,Yes
C36070,4,597,Yes
C36071,8,621,Yes
C36072,3,697,No
C36073,6,581,No
C36074,4,622,Yes
C36075,2,648,Yes
C36076,11,658,No
C36077,7,648,Yes
C36078,7,605,Yes
C36079,4,669,No
C36080,3,680,Yes
C36081,2,545,Yes
C36082,6,653,Yes
C36083,9,576,Yes
C36084,4,569,No
C36085,4,661,No
C36086,10,679,Yes
C36087,3,583,Yes
C36088,3,642,Yes
C36089,8,650,Yes
C36090,6,549,Yes
C36091,8,700,Yes
C36092,7,671,No
C36093,16,698,No
C36094,3,595,No
C36095,3,566,Yes
C36096,5,679,Yes
C36097,10,678,Yes
C36098,4,635,Yes
C36099,10,612,Yes
C36100,6,628,Yes
C36101,7,615,Yes
C36102,10,709,Yes
C36103,4,546,No
C36104,3,568,Yes
C36105,8,630,No
C36106,4,658,Yes
C36107,4,583,Yes
C36108,5,625,No
C36109,4,602,Yes
C36110,5,631,Yes
C36111,3,686,Yes
C36112,4,521,No
C36113,11,586,Yes
C36114,11,650,Yes
C36115,10,605,No
C36116,3,643,Yes
C36117,4,650,Yes
C36118,8,699,Yes
C36119,9,664,No
C36120,7,688,Yes
C36121,6,689,No
C36122,3,701,Yes
C36123,7,628,No
C36124,4,683,No
C36125,4,668,Yes
C36126,3,616,Yes
C36127,3,621,No
C36128,7,547,Yes
C36129,13,662,Yes
C36130,4,584,Yes
C36131,8,630,Yes
C36132,4,687,Yes
C36133,4,660,No
C36134,2,667,Yes
C36135,3,568,Yes
C36136,6,586,Yes
C36137,4,611,No
C36138,5,639,Yes
C36139,3,598,Yes
C36140,4,572,Yes
C36141,7,626,Yes
C36142,4,670,Yes
C36143,7,630,Yes
C36144,8,673,No
C36145,6,660,Yes
C36146,3,594,No
C36147,4,654,Yes
C36148,4,638,No
C36149,3,666,Yes
C36150,12,696,Yes
C36151,3,627,No
C36152,8,495,Yes
C36153,6,641,Yes
C36154,12,640,Yes
C36155,2,617,Yes
C36156,9,734,No
C36157,6,625,Yes
C36158,4,647,Yes
C36159,3,533,Yes
C36160,10,700,Yes
C36161,3,653,Yes
C36162,3,586,Yes
C36163,3,648,No
C36164,5,709,Yes
C36165,6,638,Yes
C36166,9,653,Yes
C36167,5,644,Yes
C36168,6,665,No
C36169,5,568,Yes
C36170,5,631,Yes
C36171,3,672,Yes
C36172,7,652,No
C36173,6,684,Yes
C36174,4,690,No
C36175,5,620,No
C36176,9,649,No
C36177,11,641,Yes
C36178,5,672,Yes
C36179,7,652,Yes
C36180,5,693,Yes
C36181,3,671,No
C36182,4,648,Yes
C36183,4,678,Yes
C36184,13,673,Yes
C36185,7,593,Yes
C36186,2,650,Yes
C36187,4,639,No
C36188,4,619,Yes
C36189,4,604,Yes
C36190,9,580,Yes
C36191,4,569,Yes
C36192,5,684,No
C36193,9,595,Yes
C36194,3,720,Yes
C36195,6,570,Yes
C36196,5,540,Yes
C36197,4,571,Yes
C36198,2,582,Yes
C36199,10,607,No
C36200,7,585,No
C36201,3,700,No
C36202,8,584,Yes
C36203,9,548,Yes
C36204,2,589,Yes
C36205,3,532,No
C36206,9,668,Yes
C36207,2,587,No
C36208,3,670,No
C36209,3,641,Yes
C36210,5,653,No
C36211,4,620,Yes
C36212,9,635,No
C36213,4,668,Yes
C36214,3,643,Yes
C36215,6,643,No
C36216,12,681,Yes
C36217,5,710,Yes
C36218,2,654,Yes
C36219,3,616,Yes
C36220,4,665,Yes
C36221,4,708,No
C36222,6,659,Yes
C36223,4,600,Yes
C36224,2,658,Yes
C36225,2,612,Yes
C36226,9,664,No
C36227,10,585,No
C36228,12,706,No
C36229,9,609,No
C36230,4,613,Yes
C36231,2,618,Yes
C36232,11,653,Yes
C36233,3,639,Yes
C36234,3,659,Yes
C36235,2,622,No
C36236,9,646,No
C36237,6,654,No
C36238,8,652,Yes
C36239,3,702,No
C36240,4,605,Yes
C36241,8,657,Yes
C36242,3,656,Yes
C36243,3,621,Yes
C36244,7,659,No
C36245,3,644,Yes
C36246,6,624,No
C36247,4,674,Yes
C36248,8,690,Yes
C36249,10,649,No
C36250,4,566,Yes
C36251,4,650,No
C36252,4,675,Yes
C36253,8,689,No
C36254,4,610,No
C36255,5,716,No
C36256,5,637,Yes
C36257,13,630,No
C36258,4,584,No
C36259,4,648,Yes
C36260,10,593,Yes
C36261,9,621,Yes
C36262,11,684,No
C36263,9,647,Yes
C36264,4,652,Yes
C36265,4,641,Yes
C36266,4,673,Yes
C36267,4,646,Yes
C36268,5,649,Yes
C36269,8,625,No
C36270,6,536,Yes
C36271,4,689,Yes
C36272,10,701,Yes
C36273,4,622,Yes
C36274,3,589,Yes
C36275,11,706,No
C36276,17,663,Yes
C36277,8,565,Yes
C36278,3,624,Yes
C36279,8,707,Yes
C36280,4,585,No
C36281,13,675,Yes
C36282,4,675,Yes
C36283,3,699,No
C36284,4,653,Yes
C36285,3,655,Yes
C36286,17,648,No
C36287,8,567,Yes
C36288,3,558,Yes
C36289,4,639,No
C36290,6,622,Yes
C36291,3,663,Yes
C36292,4,651,Yes
C36293,3,617,Yes
C36294,6,680,Yes
C36295,9,623,No
C36296,8,580,No
C36297,3,641,Yes
C36298,3,638,Yes
C36299,4,597,Yes
C36300,10,571,No
C36301,6,573,Yes
C36302,5,618,Yes
C36303,3,584,No
C36304,3,614,Yes
C36305,8,681,Yes
C36306,7,655,Yes
C36307,9,569,Yes
C36308,3,532,Yes
C36309,9,551,No
C36310,4,618,No
C36311,3,647,Yes
C36312,7,653,No
C36313,5,670,Yes
C36314,6,581,Yes
C36315,6,581,Yes
C36316,14,667,No
C36317,3,584,Yes
C36318,6,639,Yes
C36319,6,508,Yes
C36320,3,565,Yes
C36321,7,540,Yes
C36322,9,714,No
C36323,2,500,Yes
C36324,4,625,No
C36325,3,637,No
C36326,6,716,No
C36327,4,650,Yes
C36328,9,607,Yes
C36329,5,625,Yes
C36330,3,654,No
C36331,8,702,Yes
C36332,10,661,Yes
C36333,6,658,Yes
C36334,5,679,Yes
C36335,10,710,No
C36336,2,638,Yes
C36337,5,669,No
C36338,13,571,Yes
C36339,13,664,Yes
C36340,6,621,No
C36341,3,650,No
C36342,6,515,Yes
C36343,4,564,Yes
C36344,2,600,No
C36345,4,674,Yes
C36346,4,653,No
C36347,3,655,No
C36348,4,636,Yes
C36349,3,687,No
C36350,8,688,Yes
C36351,9,667,Yes
C36352,7,565,Yes
C36353,7,673,Yes
C36354,3,648,No
C36355,9,719,Yes
C36356,2,597,Yes
C36357,3,533,Yes
C36358,3,632,Yes
C36359,4,666,Yes
C36360,4,658,No
C36361,5,562,No
C36362,4,600,Yes
C36363,4,527,Yes
C36364,14,562,No
C36365,10,690,No
C36366,4,648,Yes
C36367,4,672,No
C36368,9,622,Yes
C36369,7,620,Yes
C36370,3,625,No
C36371,3,641,No
C36372,3,659,Yes
C36373,14,626,Yes
C36374,6,628,Yes
C36375,3,648,No
C36376,5,613,Yes
C36377,7,637,Yes
C36378,3,629,No
C36379,9,670,Yes
C36380,6,650,Yes
C36381,2,677,Yes
C36382,5,594,No
C36383,6,681,No
C36384,4,605,Yes
C36385,3,626,No
C36386,13,662,Yes
C36387,5,608,Yes
C36388,6,667,No
C36389,2,609,Yes
C36390,2,611,Yes
C36391,3,573,Yes
C36392,3,662,Yes
C36393,7,693,No
C36394,6,689,No
C36395,10,643,No
C36396,9,595,Yes
C36397,5,662,Yes
C36398,8,609,Yes
C36399,11,594,Yes
C36400,4,637,Yes
C36401,7,508,Yes
C36402,8,698,Yes
C36403,5,603,Yes
C36404,3,638,Yes
C36405,8,665,No
C36406,13,689,No
C36407,6,674,Yes
C36408,5,599,Yes
C36409,4,651,Yes
C36410,4,627,No
C36411,4,625,Yes
C36412,4,685,No
C36413,14,676,No
C36414,7,675,Yes
C36415,6,668,No
C36416,3,522,Yes
C36417,7,723,No
C36418,2,697,No
C36419,4,718,No
C36420,9,668,No
C36421,9,642,Yes
C36422,9,663,No
C36423,4,685,No
C36424,4,619,Yes
C36425,10,693,No
C36426,2,609,No
C36427,6,636,Yes
C36428,8,714,Yes
C36429,9,667,Yes
C36430,4,635,No
C36431,4,562,Yes
C36432,3,578,No
C36433,3,607,Yes
C36434,3,610,Yes
C36435,8,491,Yes
C36436,8,652,No
C36437,9,726,No
C36438,8,642,Yes
C36439,14,719,Yes
C36440,3,701,Yes
C36441,3,650,Yes
C36442,3,547,Yes
C36443,6,648,No
C36444,3,560,Yes
C36445,4,589,Yes
C36446,7,640,No
C36447,8,481,Yes
C36448,3,608,Yes
C36449,9,692,No
C36450,4,661,No
C36451,2,668,No
C36452,12,590,Yes
C36453,3,580,Yes
C36454,3,565,Yes
C36455,5,673,Yes
C36456,4,611,Yes
C36457,4,542,Yes
C36458,4,624,Yes
C36459,4,561,Yes
C36460,3,550,Yes
C36461,4,617,Yes
C36462,4,668,Yes
C36463,2,679,Yes
C36464,3,547,Yes
C36465,6,682,Yes
C36466,4,703,No
C36467,13,691,No
C36468,4,668,Yes
C36469,6,599,No
C36470,3,638,No
C36471,5,637,Yes
C36472,7,579,Yes
C36473,3,637,No
C36474,3,699,Yes
C36475,4,639,Yes
C36476,7,670,Yes
C36477,4,596,Yes
C36478,4,669,Yes
C36479,3,629,Yes
C36480,7,610,Yes
C36481,10,599,Yes
C36482,4,735,Yes
C36483,3,687,Yes
C36484,3,636,Yes
C36485,4,575,Yes
C36486,4,667,Yes
C36487,16,651,No
C36488,5,649,No
C36489,6,609,No
C36490,4,668,Yes
C36491,3,665,Yes
C36492,7,718,Yes
C36493,8,647,Yes
C36494,4,520,Yes
C36495,2,639,Yes
C36496,4,653,No
C36497,9,624,No
C36498,5,688,Yes
C36499,7,681,Yes
C36500,3,644,Yes
C36501,7,586,Yes
C36502,4,598,No
C36503,10,641,Yes
C36504,16,698,No
C36505,10,699,Yes
C36506,15,658,No
C36507,4,692,Yes
C36508,10,689,Yes
C36509,3,669,No
C36510,3,592,Yes
C36511,8,724,Yes
C36512,8,593,Yes
C36513,8,692,Yes
C36514,7,676,No
C36515,7,614,Yes
C36516,3,651,Yes
C36517,4,638,Yes
C36518,9,600,Yes
C36519,4,658,No
C36520,8,635,Yes
C36521,7,592,Yes
C36522,4,618,No
C36523,4,647,No
C36524,5,531,Yes
C36525,3,602,Yes
C36526,6,664,Yes
C36527,12,677,Yes
C36528,13,700,Yes
C36529,3,609,No
C36530,12,652,No
C36531,8,700,Yes
C36532,4,638,Yes
C36533,4,562,Yes
C36534,4,545,Yes
C36535,8,525,No
C36536,7,697,No
C36537,4,614,Yes
C36538,4,636,Yes
C36539,9,599,Yes
C36540,4,679,No
C36541,7,649,No
C36542,3,636,Yes
C36543,5,621,Yes
C36544,4,515,Yes
C36545,4,616,Yes
C36546,5,655,Yes
C36547,5,640,Yes
C36548,3,563,Yes
C36549,4,682,No
C36550,18,686,No
C36551,5,625,Yes
C36552,4,619,Yes
C36553,4,660,No
C36554,12,639,Yes
C36555,9,629,Yes
C36556,4,648,No
C36557,8,652,Yes
C36558,5,657,Yes
C36559,4,642,Yes
C36560,2,630,No
C36561,4,604,Yes
C36562,3,662,No
C36563,4,568,Yes
C36564,5,626,Yes
C36565,3,684,No
C36566,8,603,Yes
C36567,6,695,No
C36568,5,641,Yes
C36569,6,608,Yes
C36570,5,601,Yes
C36571,2,610,No
C36572,19,626,Yes
C36573,10,663,No
C36574,4,693,Yes
C36575,9,647,No
C36576,4,605,Yes
C36577,12,658,Yes
C36578,4,671,No
C36579,6,639,Yes
C36580,9,613,Yes
C36581,4,533,Yes
C36582,4,532,Yes
C36583,6,614,Yes
C36584,9,700,Yes
C36585,8,641,No
C36586,3,596,Yes
C36587,5,641,Yes
C36588,11,649,Yes
C36589,4,627,Yes
C36590,8,628,No
C36591,3,684,No
C36592,3,676,No
C36593,3,534,Yes
C36594,5,641,Yes
C36595,4,563,Yes
C36596,4,639,No
C36597,3,662,Yes
C36598,9,644,No
C36599,3,689,No
C36600,5,618,Yes
C36601,3,596,Yes
C36602,5,670,Yes
C36603,4,657,No
C36604,3,647,No
C36605,4,659,Yes
C36606,10,726,Yes
C36607,7,690,Yes
C36608,3,626,Yes
C36609,9,696,Yes
C36610,6,670,Yes
C36611,8,660,Yes
C36612,6,553,Yes
C36613,4,606,Yes
C36614,11,654,Yes
C36615,4,669,Yes
C36616,3,675,No
C36617,9,616,Yes
C36618,3,670,No
C36619,4,571,No
C36620,4,584,No
C36621,2,616,Yes
C36622,11,655,Yes
C36623,2,550,Yes
C36624,13,694,No
C36625,3,694,Yes
C36626,9,548,Yes
C36627,5,666,No
C36628,4,584,Yes
C36629,4,574,No
C36630,2,561,No
C36631,3,655,No
C36632,17,636,Yes
C36633,2,645,Yes
C36634,4,581,Yes
C36635,3,671,Yes
C36636,4,673,No
C36637,4,633,No
C36638,7,647,Yes
C36639,2,703,No
C36640,4,611,Yes
C36641,8,711,Yes
C36642,4,671,Yes
C36643,10,677,Yes
C36644,8,726,No
C36645,4,640,Yes
C36646,6,650,Yes
C36647,18,602,Yes
C36648,7,621,Yes
C36649,3,664,No
C36650,9,696,Yes
C36651,8,630,Yes
C36652,3,613,Yes
C36653,6,696,Yes
C36654,8,618,Yes
C36655,4,601,Yes
C36656,3,659,No
C36657,7,522,Yes
C36658,3,594,Yes
C36659,3,672,No
C36660,4,585,Yes
C36661,4,584,Yes
C36662,4,676,Yes
C36663,4,589,Yes
C36664,14,724,Yes
C36665,3,627,Yes
C36666,3,614,No
C36667,5,713,No
C36668,7,697,Yes
C36669,3,702,Yes
C36670,8,664,No
C36671,5,680,Yes
C36672,4,651,Yes
C36673,9,599,Yes
C36674,9,616,Yes
C36675,4,686,Yes
C36676,4,650,No
C36677,4,576,Yes
C36678,3,625,Yes
C36679,8,656,No
C36680,7,617,Yes
C36681,4,565,No
C36682,4,684,Yes
C36683,4,509,Yes
C36684,4,544,Yes
C36685,5,644,Yes
C36686,6,700,No
C36687,8,546,Yes
C36688,6,634,Yes
C36689,3,549,Yes
C36690,4,687,Yes
C36691,5,555,Yes
C36692,3,647,Yes
C36693,6,667,Yes
C36694,6,628,Yes
C36695,6,649,No
C36696,3,546,Yes
C36697,3,652,No
C36698,12,675,No
C36699,11,645,Yes
C36700,5,674,No
C36701,4,637,Yes
C36702,15,642,No
C36703,2,590,No
C36704,3,647,No
C36705,7,688,No
C36706,5,635,Yes
C36707,6,599,Yes
C36708,6,673,Yes
C36709,5,653,Yes
C36710,4,601,Yes
C36711,5,598,Yes
C36712,14,612,Yes
C36713,4,608,Yes
C36714,11,667,No
C36715,10,646,No
C36716,4,598,Yes
C36717,4,603,Yes
C36718,4,624,No
C36719,6,658,No
C36720,4,681,Yes
C36721,6,588,Yes
C36722,4,542,Yes
C36723,4,556,Yes
C36724,3,667,No
C36725,6,684,No
C36726,3,511,Yes
C36727,5,624,Yes
C36728,7,693,Yes
C36729,2,656,Yes
C36730,8,659,Yes
C36731,6,573,Yes
C36732,5,571,Yes
C36733,12,564,Yes
C36734,4,513,Yes
C36735,6,553,Yes
C36736,10,719,No
C36737,10,529,No
C36738,6,623,Yes
C36739,4,697,No
C36740,2,675,Yes
C36741,4,554,Yes
C36742,4,661,Yes
C36743,6,644,Yes
C36744,5,676,No
C36745,4,576,Yes
C36746,16,611,Yes
C36747,4,580,No
C36748,5,658,No
C36749,9,609,Yes
C36750,5,659,Yes
C36751,4,495,Yes
C36752,4,637,Yes
C36753,4,607,Yes
C36754,3,649,No
C36755,4,697,No
C36756,6,662,Yes
C36757,3,592,Yes
C36758,9,606,Yes
C36759,4,566,No
C36760,3,647,Yes
C36761,7,622,Yes
C36762,4,599,Yes
C36763,9,667,No
C36764,10,696,No
C36765,8,652,Yes
C36766,8,686,Yes
C36767,7,651,Yes
C36768,10,568,Yes
C36769,6,589,Yes
C36770,3,651,Yes
C36771,4,613,No
C36772,4,629,No
C36773,14,658,Yes
C36774,13,543,Yes
C36775,7,613,Yes
C36776,2,555,No
C36777,5,576,Yes
C36778,4,613,Yes
C36779,10,647,Yes
C36780,6,698,No
C36781,9,637,Yes
C36782,3,642,Yes
C36783,6,660,Yes
C36784,3,623,Yes
C36785,8,625,No
C36786,12,702,Yes
C36787,3,624,No
C36788,9,669,No
C36789,4,562,Yes
C36790,2,534,Yes
C36791,9,550,Yes
C36792,8,688,No
C36793,6,580,Yes
C36794,2,636,No
C36795,4,527,Yes
C36796,4,625,No
C36797,7,582,Yes
C36798,7,606,Yes
C36799,3,652,Yes
C36800,3,559,Yes
C36801,14,704,No
C36802,4,715,Yes
C36803,7,556,Yes
C36804,10,681,No
C36805,6,685,No
C36806,4,628,Yes
C36807,2,679,Yes
C36808,4,632,No
C36809,4,614,Yes
C36810,3,634,No
C36811,9,645,No
C36812,14,562,Yes
C36813,5,622,No
C36814,5,681,No
C36815,5,597,Yes
C36816,8,654,Yes
C36817,3,693,Yes
C36818,4,664,Yes
C36819,16,708,No
C36820,8,645,Yes
C36821,10,704,No
C36822,8,644,Yes
C36823,4,651,No
C36824,6,642,Yes
C36825,6,607,No
C36826,3,645,No
C36827,3,644,No
C36828,4,628,Yes
C36829,3,653,Yes
C36830,8,680,No
C36831,3,600,Yes
C36832,5,613,No
C36833,7,578,No
C36834,8,611,Yes
C36835,4,678,No
C36836,4,688,Yes
C36837,4,689,Yes
C36838,3,651,Yes
C36839,4,584,Yes
C36840,13,557,Yes
C36841,3,702,No
C36842,5,620,No
C36843,4,665,Yes
C36844,2,671,Yes
C36845,4,581,Yes
C36846,13,714,Yes
C36847,6,565,Yes
C36848,5,634,No
C36849,10,658,Yes
C36850,10,598,Yes
C36851,3,596,Yes
C36852,3,520,Yes
C36853,8,633,Yes
C36854,9,711,No
C36855,4,632,Yes
C36856,17,588,Yes
C36857,3,564,Yes
C36858,7,643,Yes
C36859,9,729,No
C36860,5,655,No
C36861,4,650,No
C36862,4,601,Yes
C36863,6,615,Yes
C36864,4,697,Yes
C36865,8,562,Yes
C36866,6,592,Yes
C36867,4,689,No
C36868,10,613,Yes
C36869,7,658,Yes
C36870,3,690,Yes
C36871,4,669,No
C36872,12,655,Yes
C36873,7,713,No
C36874,4,694,Yes
C36875,12,595,Yes
C36876,2,667,Yes
C36877,8,541,Yes
C36878,4,620,No
C36879,4,635,No
C36880,6,604,Yes
C36881,7,661,Yes
C36882,2,545,Yes
C36883,8,676,Yes
C36884,3,647,Yes
C36885,2,588,Yes
C36886,9,700,Yes
C36887,3,703,Yes
C36888,4,635,Yes
C36889,2,615,Yes
C36890,9,609,No
C36891,8,618,No
C36892,10,639,Yes
C36893,6,662,Yes
C36894,5,566,Yes
C36895,3,663,No
C36896,2,578,Yes
C36897,10,572,Yes
C36898,4,694,Yes
C36899,4,596,No
C36900,8,619,No
C36901,4,674,No
C36902,3,628,No
C36903,4,663,No
C36904,6,420,Yes
C36905,4,538,Yes
C36906,4,664,Yes
C36907,4,506,Yes
C36908,12,632,No
C36909,6,650,Yes
C36910,9,651,No
C36911,4,518,Yes
C36912,4,620,No
C36913,14,694,No
C36914,4,594,Yes
C36915,9,599,Yes
C36916,7,690,Yes
C36917,13,649,Yes
C36918,6,666,No
C36919,6,654,No
C36920,4,660,Yes
C36921,5,604,No
C36922,3,639,Yes
C36923,4,666,Yes
C36924,10,574,Yes
C36925,6,684,No
C36926,8,652,No
C36927,3,679,No
C36928,23,709,No
C36929,4,598,No
C36930,16,691,Yes
C36931,5,702,No
C36932,9,612,Yes
C36933,2,699,No
C36934,4,577,Yes
C36935,7,607,No
C36936,6,585,Yes
C36937,6,534,Yes
C36938,3,652,Yes
C36939,5,649,Yes
C36940,3,678,Yes
C36941,4,680,No
C36942,3,517,Yes
C36943,4,677,Yes
C36944,3,682,No
C36945,2,679,Yes
C36946,5,591,Yes
C36947,4,600,Yes
C36948,5,625,No
C36949,8,662,No
C36950,4,652,No
C36951,4,658,No
C36952,3,660,Yes
C36953,3,596,No
C36954,4,599,No
C36955,5,601,No
C36956,3,644,No
C36957,3,659,Yes
C36958,11,704,Yes
C36959,7,665,No
C36960,2,662,No
C36961,5,573,Yes
C36962,4,664,Yes
C36963,9,671,Yes
C36964,4,695,Yes
C36965,4,672,No
C36966,11,660,No
C36967,5,704,Yes
C36968,9,638,Yes
C36969,8,590,Yes
C36970,2,526,Yes
C36971,12,679,No
C36972,4,653,No
C36973,3,686,Yes
C36974,7,631,Yes
C36975,11,627,No
C36976,4,579,Yes
C36977,4,534,Yes
C36978,8,651,Yes
C36979,9,714,Yes
C36980,4,681,Yes
C36981,6,583,No
C36982,8,665,No
C36983,4,657,Yes
C36984,9,670,Yes
C36985,6,706,No
C36986,12,636,No
C36987,6,683,Yes
C36988,3,614,No
C36989,9,638,No
C36990,9,685,No
C36991,4,654,Yes
C36992,4,551,No
C36993,3,607,Yes
C36994,4,572,Yes
C36995,3,639,Yes
C36996,6,605,Yes
C36997,9,658,No
C36998,4,590,Yes
C36999,12,580,No
C37000,3,475,Yes
C37001,4,608,Yes
C37002,14,607,No
C37003,6,569,No
C37004,5,647,Yes
C37005,4,506,Yes
C37006,12,664,Yes
C37007,4,635,No
C37008,2,673,Yes
C37009,3,577,Yes
C37010,2,622,Yes
C37011,3,642,Yes
C37012,10,589,No
C37013,3,714,Yes
C37014,7,676,Yes
C37015,7,630,Yes
C37016,8,683,Yes
C37017,7,634,No
C37018,3,623,Yes
C37019,9,718,No
C37020,3,682,Yes
C37021,13,695,No
C37022,3,574,Yes
C37023,2,635,No
C37024,6,696,No
C37025,7,628,Yes
C37026,7,650,No
C37027,3,652,No
C37028,7,698,Yes
C37029,4,619,Yes
C37030,12,583,No
C37031,3,594,Yes
C37032,5,656,No
C37033,8,632,Yes
C37034,4,587,No
C37035,4,662,Yes
C37036,9,687,No
C37037,3,597,Yes
C37038,2,647,Yes
C37039,9,569,No
C37040,10,616,No
C37041,6,612,Yes
C37042,7,624,No
C37043,2,650,Yes
C37044,3,681,No
C37045,4,532,Yes
C37046,13,689,Yes
C37047,7,542,Yes
C37048,4,635,Yes
C37049,4,700,Yes
C37050,7,651,No
C37051,5,632,No
C37052,8,679,Yes
C37053,7,581,Yes
C37054,7,584,Yes
C37055,10,626,No
C37056,4,664,No
C37057,9,551,Yes
C37058,3,633,No
C37059,6,622,No
C37060,3,628,Yes
C37061,3,616,No
C37062,3,630,No
C37063,7,605,No
C37064,6,528,Yes
C37065,5,674,No
C37066,8,664,Yes
C37067,10,661,Yes
C37068,7,573,Yes
C37069,2,629,Yes
C37070,4,634,No
C37071,3,586,Yes
C37072,2,616,Yes
C37073,3,637,No
C37074,7,558,No
C37075,4,651,Yes
C37076,3,601,No
C37077,3,544,Yes
C37078,6,657,Yes
C37079,8,649,Yes
C37080,8,698,Yes
C37081,9,715,Yes
C37082,6,635,Yes
C37083,3,715,No
C37084,8,664,Yes
C37085,7,644,Yes
C37086,3,654,Yes
C37087,5,600,No
C37088,4,688,No
C37089,4,614,Yes
C37090,7,677,Yes
C37091,2,663,Yes
C37092,4,591,Yes
C37093,9,562,Yes
C37094,7,656,Yes
C37095,3,668,Yes
C37096,3,563,Yes
C37097,17,560,Yes
C37098,7,665,No
C37099,4,672,No
C37100,4,674,No
C37101,4,586,Yes
C37102,12,557,Yes
C37103,3,662,No
C37104,3,672,Yes
C37105,10,662,No
C37106,2,667,Yes
C37107,9,696,Yes
C37108,4,657,No
C37109,16,593,Yes
C37110,5,543,Yes
C37111,13,625,Yes
C37112,9,636,No
C37113,4,650,No
C37114,4,521,No
C37115,11,724,No
C37116,4,626,Yes
C37117,5,655,Yes
C37118,4,635,No
C37119,4,615,Yes
C37120,4,587,Yes
C37121,2,564,Yes
C37122,10,659,Yes
C37123,5,651,No
C37124,7,622,No
C37125,3,565,Yes
C37126,13,668,No
C37127,4,530,No
C37128,9,667,Yes
C37129,9,687,No
C37130,10,689,Yes
C37131,4,611,Yes
C37132,6,664,Yes
C37133,9,683,No
C37134,13,665,Yes
C37135,10,693,Yes
C37136,4,649,No
C37137,4,648,Yes
C37138,3,652,Yes
C37139,3,565,Yes
C37140,4,604,Yes
C37141,2,567,Yes
C37142,8,540,Yes
C37143,8,600,No
C37144,8,590,Yes
C37145,6,631,Yes
C37146,9,670,No
C37147,2,515,Yes
C37148,2,610,Yes
C37149,5,682,Yes
C37150,10,683,No
C37151,6,651,Yes
C37152,10,680,Yes
C37153,9,639,Yes
C37154,9,662,No
C37155,3,634,Yes
C37156,9,700,Yes
C37157,5,649,No
C37158,4,597,Yes
C37159,4,698,Yes
C37160,2,650,Yes
C37161,14,656,No
C37162,4,726,No
C37163,5,656,No
C37164,7,552,Yes
C37165,5,617,No
C37166,5,630,Yes
C37167,8,650,No
C37168,8,619,No
C37169,10,687,No
C37170,8,722,No
C37171,4,644,Yes
C37172,7,682,No
C37173,11,705,No
C37174,5,622,Yes
C37175,7,662,No
C37176,16,664,No
C37177,5,586,No
C37178,7,646,No
C37179,3,581,No
C37180,5,620,Yes
C37181,3,576,Yes
C37182,4,627,Yes
C37183,3,616,Yes
C37184,7,582,Yes
C37185,3,583,Yes
C37186,7,674,No
C37187,6,599,Yes
C37188,12,657,Yes
C37189,8,686,No
C37190,4,633,Yes
C37191,3,639,No
C37192,5,700,Yes
C37193,6,689,No
C37194,7,683,No
C37195,4,641,No
C37196,8,646,No
C37197,7,538,Yes
C37198,11,695,Yes
C37199,3,651,Yes
C37200,5,651,Yes
C37201,8,569,Yes
C37202,4,550,Yes
C37203,6,616,No
C37204,9,610,Yes
C37205,4,662,Yes
C37206,4,570,No
C37207,4,656,No
C37208,7,669,Yes
C37209,3,693,No
C37210,3,551,Yes
C37211,4,685,Yes
C37212,7,670,Yes
C37213,5,627,Yes
C37214,4,630,Yes
C37215,3,523,Yes
C37216,4,619,Yes
C37217,4,684,Yes
C37218,13,690,No
C37219,4,536,Yes
C37220,3,641,Yes
C37221,2,618,Yes
C37222,3,597,Yes
C37223,7,709,Yes
C37224,9,640,Yes
C37225,2,680,Yes
C37226,8,608,Yes
C37227,5,638,Yes
C37228,6,644,No
C37229,4,651,Yes
C37230,6,677,Yes
C37231,8,673,Yes
C37232,3,699,No
C37233,7,551,Yes
C37234,9,618,Yes
C37235,3,621,Yes
C37236,3,685,No
C37237,8,673,Yes
C37238,4,609,Yes
C37239,3,584,Yes
C37240,8,646,Yes
C37241,3,649,No
C37242,9,669,Yes
C37243,14,706,No
C37244,16,665,No
C37245,3,597,Yes
C37246,3,679,Yes
C37247,4,621,Yes
C37248,5,637,Yes
C37249,11,648,No
C37250,3,693,Yes
C37251,7,595,No
C37252,3,546,Yes
C37253,7,654,Yes
C37254,4,646,Yes
C37255,3,699,No
C37256,9,649,No
C37257,7,610,Yes
C37258,6,649,Yes
C37259,8,676,Yes
C37260,4,701,No
C37261,5,544,Yes
C37262,14,491,Yes
C37263,7,687,Yes
C37264,13,563,Yes
C37265,13,586,Yes
C37266,9,669,No
C37267,3,685,No
C37268,2,576,Yes
C37269,3,683,No
C37270,9,618,Yes
C37271,4,678,Yes
C37272,9,554,Yes
C37273,2,636,Yes
C37274,4,603,Yes
C37275,10,641,Yes
C37276,7,543,Yes
C37277,5,606,Yes
C37278,9,606,Yes
C37279,7,690,Yes
C37280,7,667,Yes
C37281,10,628,No
C37282,10,621,No
C37283,3,623,Yes
C37284,7,694,Yes
C37285,3,646,Yes
C37286,8,671,Yes
C37287,11,577,Yes
C37288,5,667,No
C37289,8,641,Yes
C37290,3,608,Yes
C37291,3,640,No
C37292,8,684,Yes
C37293,11,603,Yes
C37294,17,669,No
C37295,15,664,Yes
C37296,4,683,Yes
C37297,15,667,Yes
C37298,2,672,Yes
C37299,6,668,Yes
C37300,5,627,Yes
C37301,6,661,No
C37302,17,626,Yes
C37303,4,579,No
C37304,4,631,Yes
C37305,6,657,No
C37306,3,546,Yes
C37307,3,627,Yes
C37308,6,601,Yes
C37309,6,651,No
C37310,4,681,Yes
C37311,4,546,Yes
C37312,6,660,Yes
C37313,2,693,No
C37314,4,545,Yes
C37315,3,594,No
C37316,3,623,Yes
C37317,3,625,No
C37318,5,682,No
C37319,3,542,Yes
C37320,3,619,No
C37321,6,645,Yes
C37322,4,526,Yes
C37323,8,601,No
C37324,4,630,Yes
C37325,4,645,Yes
C37326,5,591,Yes
C37327,3,664,No
C37328,3,555,Yes
C37329,10,650,No
C37330,6,673,Yes
C37331,8,543,Yes
C37332,4,605,Yes
C37333,7,681,Yes
C37334,3,529,Yes
C37335,4,673,No
C37336,5,660,Yes
C37337,5,650,Yes
C37338,12,679,Yes
C37339,11,541,Yes
C37340,10,669,Yes
C37341,7,623,Yes
C37342,7,706,Yes
C37343,3,653,No
C37344,7,638,Yes
C37345,10,594,No
C37346,13,639,Yes
C37347,3,598,Yes
C37348,2,669,Yes
C37349,5,677,Yes
C37350,5,570,Yes
C37351,9,727,No
C37352,4,641,Yes
C37353,6,563,Yes
C37354,4,657,No
C37355,6,622,Yes
C37356,5,648,Yes
C37357,3,556,No
C37358,4,618,No
C37359,4,608,Yes
C37360,4,618,Yes
C37361,4,577,Yes
C37362,4,709,Yes
C37363,3,690,Yes
C37364,4,618,Yes
C37365,4,648,Yes
C37366,8,633,No
C37367,3,594,Yes
C37368,4,651,Yes
C37369,6,540,Yes
C37370,5,672,Yes
C37371,3,649,No
C37372,3,662,No
C37373,4,638,Yes
C37374,7,623,No
C37375,7,645,Yes
C37376,4,576,Yes
C37377,16,597,Yes
C37378,4,511,Yes
C37379,3,630,Yes
C37380,10,648,Yes
C37381,7,630,No
C37382,3,628,No
C37383,9,679,No
C37384,4,543,Yes
C37385,11,679,No
C37386,6,687,Yes
C37387,3,701,No
C37388,13,720,No
C37389,5,608,No
C37390,3,655,No
C37391,4,677,No
C37392,4,662,Yes
C37393,4,631,No
C37394,4,573,Yes
C37395,5,623,No
C37396,7,616,Yes
C37397,3,659,Yes
C37398,5,611,No
C37399,3,719,Yes
C37400,3,662,No
C37401,2,643,Yes
C37402,6,636,No
C37403,3,663,No
C37404,4,627,No
C37405,3,515,Yes
C37406,4,635,Yes
C37407,3,646,Yes
C37408,3,635,No
C37409,3,614,Yes
C37410,7,727,No
C37411,3,648,Yes
C37412,15,593,No
C37413,10,597,No
C37414,4,635,No
C37415,6,526,Yes
C37416,3,629,No
C37417,5,544,Yes
C37418,8,639,Yes
C37419,6,559,No
C37420,5,605,Yes
C37421,5,678,No
C37422,7,627,No
C37423,6,614,Yes
C37424,3,625,No
C37425,4,584,Yes
C37426,15,745,No
C37427,7,674,No
C37428,4,556,Yes
C37429,4,704,No
C37430,4,607,Yes
C37431,9,699,Yes
C37432,4,653,No
C37433,8,697,Yes
C37434,9,583,Yes
C37435,3,610,Yes
C37436,8,629,No
C37437,3,524,Yes
C37438,3,665,No
C37439,8,616,Yes
C37440,7,694,Yes
C37441,5,566,Yes
C37442,3,610,Yes
C37443,4,651,No
C37444,4,611,Yes
C37445,5,691,No
C37446,3,620,Yes
C37447,6,679,Yes
C37448,3,579,No
C37449,5,625,Yes
C37450,3,608,Yes
C37451,2,720,Yes
C37452,13,629,No
C37453,3,617,No
C37454,10,660,No
C37455,8,532,Yes
C37456,4,625,Yes
C37457,4,647,Yes
C37458,3,673,No
C37459,4,674,Yes
C37460,4,609,No
C37461,7,679,Yes
C37462,11,631,Yes
C37463,5,620,Yes
C37464,4,677,Yes
C37465,4,661,Yes
C37466,4,609,Yes
C37467,4,678,Yes
C37468,13,622,No
C37469,7,647,Yes
C37470,3,663,Yes
C37471,4,579,Yes
C37472,3,636,Yes
C37473,8,644,Yes
C37474,4,706,Yes
C37475,8,578,Yes
C37476,10,676,No
C37477,3,643,Yes
C37478,17,737,Yes
C37479,9,643,Yes
C37480,3,655,Yes
C37481,6,670,Yes
C37482,4,650,No
C37483,11,705,Yes
C37484,4,599,Yes
C37485,4,564,No
C37486,4,660,Yes
C37487,6,641,Yes
C37488,4,676,No
C37489,6,562,Yes
C37490,4,665,Yes
C37491,5,553,Yes
C37492,4,647,Yes
C37493,4,494,Yes
C37494,9,662,Yes
C37495,3,671,Yes
C37496,4,636,Yes
C37497,5,615,Yes
C37498,12,675,No
C37499,4,706,No
C37500,4,610,Yes
C37501,9,623,Yes
C37502,16,684,Yes
C37503,4,640,No
C37504,9,638,Yes
C37505,2,609,Yes
C37506,18,647,Yes
C37507,3,526,Yes
C37508,10,583,Yes
C37509,3,557,Yes
C37510,7,654,Yes
C37511,4,616,Yes
C37512,8,622,Yes
C37513,3,590,Yes
C37514,4,638,No
C37515,12,673,Yes
C37516,11,685,No
C37517,11,621,Yes
C37518,8,540,Yes
C37519,2,618,Yes
C37520,9,599,Yes
C37521,6,710,No
C37522,4,700,No
C37523,3,655,Yes
C37524,3,577,No
C37525,3,621,No
C37526,7,625,No
C37527,4,658,Yes
C37528,7,675,No
C37529,8,612,Yes
C37530,5,731,Yes
C37531,3,661,Yes
C37532,6,663,Yes
C37533,3,667,Yes
C37534,4,670,Yes
C37535,3,691,Yes
C37536,6,614,Yes
C37537,16,669,Yes
C37538,3,660,Yes
C37539,3,660,No
C37540,4,688,No
C37541,3,584,Yes
C37542,4,648,No
C37543,13,601,Yes
C37544,4,682,Yes
C37545,4,686,No
C37546,4,589,Yes
C37547,4,672,Yes
C37548,8,602,No
C37549,3,610,No
C37550,5,582,Yes
C37551,4,696,Yes
C37552,3,580,Yes
C37553,9,661,Yes
C37554,7,717,No
C37555,7,683,No
C37556,4,697,Yes
C37557,8,618,No
C37558,7,655,Yes
C37559,10,660,Yes
C37560,7,570,Yes
C37561,3,611,Yes
C37562,6,560,Yes
C37563,5,668,Yes
C37564,8,651,Yes
C37565,8,679,Yes
C37566,12,585,Yes
C37567,10,525,Yes
C37568,10,635,Yes
C37569,16,638,Yes
C37570,4,655,Yes
C37571,3,678,Yes
C37572,3,697,Yes
C37573,6,600,Yes
C37574,5,666,No
C37575,14,657,Yes
C37576,14,613,Yes
C37577,4,652,Yes
C37578,2,626,Yes
C37579,11,707,No
C37580,5,613,Yes
C37581,4,683,No
C37582,8,690,Yes
C37583,6,671,Yes
C37584,8,608,Yes
C37585,4,636,Yes
C37586,3,648,Yes
C37587,6,659,Yes
C37588,4,661,Yes
C37589,6,686,No
C37590,4,559,Yes
C37591,3,642,Yes
C37592,4,538,Yes
C37593,3,589,Yes
C37594,4,631,Yes
C37595,6,666,Yes
C37596,7,623,Yes
C37597,3,643,Yes
C37598,6,625,Yes
C37599,14,715,No
C37600,10,666,No
C37601,3,547,Yes
C37602,8,670,Yes
C37603,4,663,Yes
C37604,4,497,Yes
C37605,5,661,Yes
C37606,3,606,Yes
C37607,4,684,No
C37608,6,603,Yes
C37609,5,648,Yes
C37610,15,608,Yes
C37611,6,586,No
C37612,15,659,Yes
C37613,4,603,Yes
C37614,4,632,Yes
C37615,5,696,No
C37616,4,627,No
C37617,6,588,Yes
C37618,5,655,Yes
C37619,2,615,Yes
C37620,17,655,No
C37621,3,687,Yes
C37622,9,640,Yes
C37623,10,652,Yes
C37624,2,699,Yes
C37625,9,697,Yes
C37626,12,665,No
C37627,4,695,No
C37628,5,631,Yes
C37629,4,676,Yes
C37630,7,649,No
C37631,11,714,Yes
C37632,10,565,Yes
C37633,9,592,Yes
C37634,6,680,No
C37635,8,636,No
C37636,4,604,Yes
C37637,3,686,No
C37638,11,659,Yes
C37639,4,624,No
C37640,4,674,No
C37641,3,702,No
C37642,4,666,No
C37643,3,631,Yes
C37644,10,693,No
C37645,4,636,Yes
C37646,5,706,Yes
C37647,3,580,Yes
C37648,2,641,No
C37649,3,614,No
C37650,8,651,No
C37651,10,591,Yes
C37652,3,582,Yes
C37653,4,633,Yes
C37654,4,666,Yes
C37655,3,623,Yes
C37656,4,606,No
C37657,5,628,No
C37658,4,625,No
C37659,4,640,No
C37660,4,639,No
C37661,5,599,No
C37662,3,652,Yes
C37663,4,601,Yes
C37664,13,616,Yes
C37665,8,688,Yes
C37666,11,512,Yes
C37667,6,671,No
C37668,6,659,Yes
C37669,3,650,Yes
C37670,5,680,No
C37671,7,699,Yes
C37672,8,652,No
C37673,9,589,No
C37674,3,676,No
C37675,3,620,No
C37676,3,593,Yes
C37677,9,667,No
C37678,3,571,Yes
C37679,9,706,Yes
C37680,3,653,No
C37681,8,577,Yes
C37682,10,720,Yes
C37683,14,625,Yes
C37684,7,567,Yes
C37685,2,630,Yes
C37686,8,679,No
C37687,11,662,Yes
C37688,8,629,Yes
C37689,26,620,Yes
C37690,6,559,Yes
C37691,14,564,Yes
C37692,4,694,Yes
C37693,9,611,Yes
C37694,3,640,Yes
C37695,10,665,Yes
C37696,6,677,Yes
C37697,7,608,Yes
C37698,9,564,Yes
C37699,5,614,Yes
C37700,4,670,Yes
C37701,8,581,Yes
C37702,7,612,No
C37703,7,627,Yes
C37704,4,617,Yes
C37705,5,712,No
C37706,3,666,Yes
C37707,3,622,No
C37708,8,649,Yes
C37709,7,683,No
C37710,10,613,Yes
C37711,5,602,No
C37712,13,696,Yes
C37713,6,609,No
C37714,9,691,Yes
C37715,3,594,Yes
C37716,10,653,Yes
C37717,7,713,Yes
C37718,6,641,Yes
C37719,5,666,Yes
C37720,3,628,Yes
C37721,4,718,No
C37722,3,587,No
C37723,4,538,Yes
C37724,12,647,No
C37725,4,697,No
C37726,6,650,No
C37727,11,625,Yes
C37728,4,626,Yes
C37729,9,708,No
C37730,5,615,Yes
C37731,4,537,Yes
C37732,4,649,Yes
C37733,6,663,No
C37734,12,541,Yes
C37735,3,517,Yes
C37736,8,547,No
C37737,4,681,Yes
C37738,5,599,Yes
C37739,9,635,No
C37740,7,662,No
C37741,3,566,Yes
C37742,5,661,Yes
C37743,5,584,Yes
C37744,7,502,Yes
C37745,8,605,No
C37746,4,660,Yes
C37747,4,643,Yes
C37748,5,625,No
C37749,8,715,No
C37750,4,619,No
C37751,6,526,Yes
C37752,5,646,Yes
C37753,3,676,Yes
C37754,3,672,Yes
C37755,3,652,No
C37756,8,734,No
C37757,10,553,Yes
C37758,4,674,No
C37759,3,674,Yes
C37760,3,580,Yes
C37761,7,679,No
C37762,9,713,No
C37763,8,628,No
C37764,9,588,Yes
C37765,3,552,Yes
C37766,6,622,No
C37767,6,608,Yes
C37768,5,571,Yes
C37769,16,646,No
C37770,7,675,No
C37771,4,585,Yes
C37772,4,669,No
C37773,5,628,No
C37774,5,599,No
C37775,7,718,Yes
C37776,3,606,Yes
C37777,6,587,Yes
C37778,4,608,Yes
C37779,5,605,Yes
C37780,4,546,Yes
C37781,15,700,Yes
C37782,5,568,Yes
C37783,10,632,Yes
C37784,3,583,No
C37785,8,729,No
C37786,3,681,Yes
C37787,10,683,No
C37788,11,662,No
C37789,10,684,No
C37790,4,641,Yes
C37791,2,596,Yes
C37792,3,663,Yes
C37793,5,594,Yes
C37794,4,546,No
C37795,3,658,Yes
C37796,9,652,Yes
C37797,4,619,Yes
C37798,8,600,Yes
C37799,4,666,Yes
C37800,4,686,No
C37801,5,641,No
C37802,11,680,Yes
C37803,4,645,No
C37804,4,641,Yes
C37805,3,613,No
C37806,4,658,No
C37807,15,682,No
C37808,8,665,Yes
C37809,4,700,Yes
C37810,3,548,Yes
C37811,4,576,Yes
C37812,6,680,Yes
C37813,4,643,No
C37814,4,529,Yes
C37815,8,679,Yes
C37816,24,733,No
C37817,2,595,No
C37818,3,562,No
C37819,4,631,Yes
C37820,4,551,Yes
C37821,5,614,Yes
C37822,6,603,Yes
C37823,9,619,Yes
C37824,3,640,Yes
C37825,16,638,Yes
C37826,3,650,No
C37827,10,670,No
C37828,4,655,Yes
C37829,5,624,Yes
C37830,6,671,Yes
C37831,4,581,Yes
C37832,4,630,Yes
C37833,3,564,Yes
C37834,3,507,Yes
C37835,6,576,No
C37836,10,658,Yes
C37837,4,696,Yes
C37838,7,629,Yes
C37839,3,674,Yes
C37840,4,576,Yes
C37841,3,601,Yes
C37842,9,682,Yes
C37843,9,657,Yes
C37844,13,607,Yes
C37845,12,736,Yes
C37846,12,656,Yes
C37847,4,629,Yes
C37848,7,678,Yes
C37849,9,626,Yes
C37850,3,622,No
C37851,3,593,Yes
C37852,4,591,Yes
C37853,3,625,Yes
C37854,4,655,Yes
C37855,2,629,No
C37856,8,602,Yes
C37857,9,596,Yes
C37858,4,557,Yes
C37859,5,673,Yes
C37860,4,579,Yes
C37861,3,643,Yes
C37862,4,649,No
C37863,4,645,No
C37864,5,576,Yes
C37865,7,595,Yes
C37866,4,641,No
C37867,5,621,Yes
C37868,5,586,Yes
C37869,4,660,No
C37870,4,631,Yes
C37871,4,615,Yes
C37872,12,694,Yes
C37873,12,703,No
C37874,3,609,Yes
C37875,7,693,Yes
C37876,5,651,Yes
C37877,3,686,Yes
C37878,5,643,Yes
C37879,4,641,Yes
C37880,7,541,Yes
C37881,3,646,Yes
C37882,9,662,Yes
C37883,2,682,No
C37884,15,638,Yes
C37885,4,708,No
C37886,5,565,Yes
C37887,8,629,Yes
C37888,5,612,Yes
C37889,4,576,Yes
C37890,6,676,Yes
C37891,6,627,No
C37892,3,611,Yes
C37893,4,697,No
C37894,3,548,Yes
C37895,8,654,Yes
C37896,4,698,Yes
C37897,3,644,No
C37898,3,564,Yes
C37899,5,505,Yes
C37900,7,663,No
C37901,3,653,Yes
C37902,10,658,Yes
C37903,4,530,No
C37904,3,669,No
C37905,9,661,Yes
C37906,8,701,Yes
C37907,8,663,Yes
C37908,8,599,Yes
C37909,14,629,Yes
C37910,3,582,Yes
C37911,2,629,Yes
C37912,3,623,Yes
C37913,4,599,Yes
C37914,10,656,Yes
C37915,3,536,Yes
C37916,4,670,No
C37917,4,655,Yes
C37918,4,650,Yes
C37919,7,583,Yes
C37920,12,629,Yes
C37921,5,671,No
C37922,6,634,No
C37923,3,644,Yes
C37924,10,647,Yes
C37925,9,666,No
C37926,9,612,Yes
C37927,10,644,Yes
C37928,8,634,No
C37929,12,716,No
C37930,4,628,Yes
C37931,24,708,No
C37932,5,565,Yes
C37933,7,639,No
C37934,2,624,No
C37935,16,586,Yes
C37936,15,652,Yes
C37937,4,619,Yes
C37938,3,696,No
C37939,3,609,No
C37940,4,635,No
C37941,3,547,Yes
C37942,7,577,Yes
C37943,3,602,Yes
C37944,2,579,No
C37945,4,680,No
C37946,7,685,Yes
C37947,2,660,No
C37948,5,636,Yes
C37949,7,543,Yes
C37950,9,637,Yes
C37951,3,728,Yes
C37952,4,699,No
C37953,11,654,No
C37954,4,632,Yes
C37955,6,677,No
C37956,14,644,Yes
C37957,4,602,Yes
C37958,6,675,Yes
C37959,3,648,No
C37960,4,603,No
C37961,6,672,No
C37962,8,688,No
C37963,9,630,Yes
C37964,4,632,Yes
C37965,15,711,No
C37966,4,622,Yes
C37967,4,649,No
C37968,5,616,Yes
C37969,9,501,Yes
C37970,9,665,No
C37971,4,684,Yes
C37972,3,676,Yes
C37973,7,703,Yes
C37974,4,646,No
C37975,2,615,Yes
C37976,5,645,Yes
C37977,8,662,Yes
C37978,3,582,No
C37979,3,593,Yes
C37980,10,601,No
C37981,11,606,Yes
C37982,5,652,Yes
C37983,3,638,No
C37984,4,643,Yes
C37985,4,652,Yes
C37986,2,637,Yes
C37987,2,574,No
C37988,3,680,Yes
C37989,3,681,No
C37990,8,745,Yes
C37991,6,592,No
C37992,6,636,Yes
C37993,7,691,No
C37994,6,615,No
C37995,3,642,Yes
C37996,8,635,Yes
C37997,6,632,Yes
C37998,6,683,Yes
C37999,4,449,Yes
C38000,13,728,No
C38001,3,625,No
C38002,4,626,No
C38003,3,642,No
C38004,8,606,Yes
C38005,3,657,Yes
C38006,5,577,No
C38007,6,679,Yes
C38008,6,609,Yes
C38009,4,663,No
C38010,5,676,No
C38011,12,688,Yes
C38012,6,680,Yes
C38013,9,678,Yes
C38014,3,620,No
C38015,8,685,Yes
C38016,9,613,Yes
C38017,3,585,No
C38018,6,624,No
C38019,6,613,No
C38020,2,617,Yes
C38021,3,676,Yes
C38022,6,676,No
C38023,6,662,Yes
C38024,7,675,Yes
C38025,5,597,Yes
C38026,13,686,Yes
C38027,12,681,No
C38028,3,594,Yes
C38029,3,659,Yes
C38030,2,674,Yes
C38031,8,555,No
C38032,7,704,No
C38033,3,645,Yes
C38034,4,611,No
C38035,3,556,Yes
C38036,6,553,Yes
C38037,9,698,Yes
C38038,3,644,Yes
C38039,4,651,No
C38040,3,625,No
C38041,3,641,No
C38042,9,652,No
C38043,4,593,No
C38044,9,685,Yes
C38045,4,640,No
C38046,2,615,No
C38047,8,503,Yes
C38048,6,692,No
C38049,11,645,Yes
C38050,6,659,No
C38051,3,656,Yes
C38052,5,707,Yes
C38053,4,634,No
C38054,6,630,Yes
C38055,6,564,Yes
C38056,3,661,No
C38057,9,608,No
C38058,5,591,No
C38059,8,555,No
C38060,6,620,Yes
C38061,4,658,Yes
C38062,8,632,Yes
C38063,4,654,No
C38064,6,650,Yes
C38065,9,671,Yes
C38066,5,592,Yes
C38067,7,732,Yes
C38068,3,671,Yes
C38069,9,626,No
C38070,5,678,Yes
C38071,7,586,No
C38072,5,582,No
C38073,2,670,Yes
C38074,6,522,Yes
C38075,3,715,No
C38076,4,668,No
C38077,9,675,No
C38078,6,496,Yes
C38079,5,519,Yes
C38080,3,577,Yes
C38081,5,637,No
C38082,3,580,Yes
C38083,3,644,Yes
C38084,3,612,No
C38085,6,655,No
C38086,6,629,Yes
C38087,8,563,Yes
C38088,11,586,No
C38089,4,652,Yes
C38090,8,652,Yes
C38091,5,680,Yes
C38092,3,632,Yes
C38093,3,594,No
C38094,7,692,Yes
C38095,4,652,Yes
C38096,16,722,No
C38097,2,674,Yes
C38098,3,527,Yes
C38099,4,532,Yes
C38100,3,653,No
C38101,4,488,Yes
C38102,9,633,Yes
C38103,7,516,Yes
C38104,6,628,No
C38105,3,612,Yes
C38106,7,571,Yes
C38107,3,632,Yes
C38108,3,629,Yes
C38109,6,571,Yes
C38110,11,666,Yes
C38111,5,594,No
C38112,7,618,No
C38113,2,596,Yes
C38114,22,792,No
C38115,6,686,Yes
C38116,6,660,No
C38117,4,639,Yes
C38118,6,548,Yes
C38119,16,654,Yes
C38120,5,677,Yes
C38121,4,691,Yes
C38122,6,643,No
C38123,14,573,Yes
C38124,13,621,Yes
C38125,4,667,No
C38126,4,652,Yes
C38127,4,628,No
C38128,4,646,No
C38129,4,680,No
C38130,3,702,Yes
C38131,4,529,Yes
C38132,6,566,Yes
C38133,4,626,No
C38134,13,574,Yes
C38135,7,580,Yes
C38136,3,643,Yes
C38137,3,555,Yes
C38138,13,614,Yes
C38139,9,592,Yes
C38140,8,686,Yes
C38141,7,656,Yes
C38142,3,695,Yes
C38143,10,633,No
C38144,5,681,Yes
C38145,4,603,Yes
C38146,4,637,Yes
C38147,5,681,No
C38148,4,582,Yes
C38149,7,530,No
C38150,7,666,Yes
C38151,4,612,No
C38152,13,650,Yes
C38153,4,716,Yes
C38154,6,582,Yes
C38155,3,705,No
C38156,4,575,No
C38157,3,568,No
C38158,6,613,No
C38159,9,652,Yes
C38160,12,598,Yes
C38161,5,698,Yes
C38162,3,569,Yes
C38163,10,719,Yes
C38164,3,650,Yes
C38165,9,629,No
C38166,3,682,Yes
C38167,5,672,No
C38168,7,584,Yes
C38169,10,697,No
C38170,3,654,No
C38171,4,664,Yes
C38172,8,598,No
C38173,3,648,No
C38174,2,637,No
C38175,7,569,Yes
C38176,3,593,Yes
C38177,7,654,Yes
C38178,2,596,Yes
C38179,11,591,Yes
C38180,10,650,No
C38181,4,653,Yes
C38182,13,658,Yes
C38183,5,619,Yes
C38184,2,559,Yes
C38185,10,673,Yes
C38186,8,676,Yes
C38187,4,598,Yes
C38188,2,706,Yes
C38189,3,616,Yes
C38190,6,627,Yes
C38191,6,631,No
C38192,4,574,Yes
C38193,4,526,Yes
C38194,6,601,No
C38195,7,532,Yes
C38196,3,580,Yes
C38197,7,589,No
C38198,6,641,No
C38199,5,690,No
C38200,5,590,No
C38201,7,521,Yes
C38202,5,512,Yes
C38203,4,660,Yes
C38204,5,632,Yes
C38205,4,604,Yes
C38206,4,639,Yes
C38207,4,651,Yes
C38208,3,678,Yes
C38209,3,671,Yes
C38210,3,629,Yes
C38211,10,599,Yes
C38212,10,635,No
C38213,4,633,No
C38214,4,601,Yes
C38215,11,565,Yes
C38216,4,698,Yes
C38217,3,517,Yes
C38218,9,583,Yes
C38219,8,684,Yes
C38220,5,635,Yes
C38221,12,546,Yes
C38222,4,643,Yes
C38223,4,594,Yes
C38224,4,678,No
C38225,12,690,Yes
C38226,4,693,No
C38227,4,690,No
C38228,3,572,No
C38229,3,564,Yes
C38230,2,681,No
C38231,4,583,Yes
C38232,8,653,Yes
C38233,8,657,Yes
C38234,7,636,No
C38235,4,675,Yes
C38236,5,672,Yes
C38237,7,626,No
C38238,12,653,No
C38239,7,593,Yes
C38240,9,690,Yes
C38241,8,626,Yes
C38242,6,702,No
C38243,4,633,Yes
C38244,4,612,Yes
C38245,4,665,Yes
C38246,4,584,Yes
C38247,6,657,Yes
C38248,5,619,No
C38249,7,622,No
C38250,10,685,Yes
C38251,6,606,Yes
C38252,5,635,No
C38253,3,637,Yes
C38254,12,634,Yes
C38255,2,594,Yes
C38256,3,595,Yes
C38257,10,689,Yes
C38258,4,513,Yes
C38259,7,625,Yes
C38260,7,715,Yes
C38261,4,629,No
C38262,4,543,Yes
C38263,4,658,Yes
C38264,3,654,No
C38265,4,688,No
C38266,8,641,Yes
C38267,4,617,No
C38268,4,663,No
C38269,4,651,Yes
C38270,4,572,Yes
C38271,6,599,Yes
C38272,5,647,No
C38273,6,667,Yes
C38274,5,677,Yes
C38275,9,566,Yes
C38276,8,663,Yes
C38277,4,641,No
C38278,20,606,Yes
C38279,3,556,Yes
C38280,3,646,Yes
C38281,3,660,Yes
C38282,7,655,Yes
C38283,3,624,No
C38284,3,547,Yes
C38285,4,649,Yes
C38286,3,641,Yes
C38287,5,676,Yes
C38288,4,653,No
C38289,3,608,Yes
C38290,3,557,Yes
C38291,4,601,Yes
C38292,4,667,Yes
C38293,3,580,No
C38294,3,565,Yes
C38295,5,705,No
C38296,7,575,Yes
C38297,4,657,No
C38298,6,673,Yes
C38299,10,575,Yes
C38300,7,567,No
C38301,4,618,Yes
C38302,8,645,No
C38303,4,690,No
C38304,12,728,Yes
C38305,6,615,Yes
C38306,16,527,Yes
C38307,3,548,Yes
C38308,8,589,Yes
C38309,4,651,Yes
C38310,14,716,No
C38311,6,680,No
C38312,4,566,Yes
C38313,4,673,Yes
C38314,3,594,Yes
C38315,9,649,Yes
C38316,3,481,Yes
C38317,3,673,No
C38318,4,615,No
C38319,4,502,Yes
C38320,3,622,No
C38321,7,661,Yes
C38322,6,588,Yes
C38323,7,700,Yes
C38324,3,700,No
C38325,7,525,No
C38326,20,662,No
C38327,9,660,No
C38328,2,669,Yes
C38329,10,715,No
C38330,4,567,Yes
C38331,6,653,Yes
C38332,3,615,No
C38333,3,554,Yes
C38334,3,709,Yes
C38335,4,591,Yes
C38336,11,642,Yes
C38337,3,566,Yes
C38338,5,638,Yes
C38339,4,564,Yes
C38340,4,516,Yes
C38341,6,601,Yes
C38342,9,646,Yes
C38343,4,516,Yes
C38344,4,623,Yes
C38345,2,671,No
C38346,2,582,No
C38347,3,590,Yes
C38348,4,610,Yes
C38349,5,677,Yes
C38350,3,655,Yes
C38351,10,539,Yes
C38352,4,582,Yes
C38353,3,665,Yes
C38354,3,695,Yes
C38355,3,624,Yes
C38356,7,513,Yes
C38357,3,698,No
C38358,5,586,Yes
C38359,5,646,Yes
C38360,8,640,No
C38361,8,696,No
C38362,9,697,No
C38363,3,539,No
C38364,12,648,Yes
C38365,3,611,Yes
C38366,4,605,No
C38367,8,641,Yes
C38368,6,602,Yes
C38369,5,659,Yes
C38370,8,693,Yes
C38371,3,569,No
C38372,4,655,No
C38373,6,619,Yes
C38374,3,594,Yes
C38375,4,689,Yes
C38376,9,686,No
C38377,4,642,Yes
C38378,3,651,No
C38379,6,662,No
C38380,3,592,Yes
C38381,3,639,Yes
C38382,3,572,No
C38383,7,646,No
C38384,4,627,Yes
C38385,7,654,No
C38386,6,554,Yes
C38387,7,631,No
C38388,3,597,Yes
C38389,7,648,Yes
C38390,10,697,Yes
C38391,7,627,Yes
C38392,3,561,Yes
C38393,2,705,No
C38394,11,695,No
C38395,5,607,Yes
C38396,4,670,Yes
C38397,4,587,Yes
C38398,5,652,No
C38399,5,545,Yes
C38400,6,565,No
C38401,2,633,Yes
C38402,4,688,Yes
C38403,4,640,No
C38404,4,670,Yes
C38405,9,700,No
C38406,3,617,Yes
C38407,5,656,Yes
C38408,4,699,No
C38409,3,546,Yes
C38410,4,635,Yes
C38411,6,656,Yes
C38412,15,536,Yes
C38413,3,635,Yes
C38414,17,593,Yes
C38415,3,639,No
C38416,5,632,Yes
C38417,7,725,No
C38418,3,679,No
C38419,3,616,Yes
C38420,5,627,Yes
C38421,13,696,No
C38422,4,694,No
C38423,13,565,Yes
C38424,13,672,No
C38425,4,654,Yes
C38426,3,697,No
C38427,3,579,Yes
C38428,3,647,No
C38429,9,560,Yes
C38430,2,663,Yes
C38431,4,613,Yes
C38432,3,672,No
C38433,3,602,Yes
C38434,4,601,Yes
C38435,4,517,Yes
C38436,5,608,No
C38437,4,667,No
C38438,6,691,Yes
C38439,6,643,Yes
C38440,11,629,No
C38441,3,661,Yes
C38442,5,676,Yes
C38443,5,618,Yes
C38444,4,650,Yes
C38445,3,656,Yes
C38446,16,673,No
C38447,5,557,No
C38448,14,714,No
C38449,4,615,Yes
C38450,9,581,Yes
C38451,7,640,Yes
C38452,5,642,No
C38453,9,456,Yes
C38454,4,660,Yes
C38455,4,612,No
C38456,4,657,No
C38457,7,683,No
C38458,3,662,Yes
C38459,8,660,No
C38460,14,538,Yes
C38461,7,672,No
C38462,3,704,No
C38463,13,600,Yes
C38464,6,644,No
C38465,2,635,Yes
C38466,10,636,Yes
C38467,8,661,No
C38468,5,677,No
C38469,7,685,No
C38470,10,617,Yes
C38471,4,641,Yes
C38472,5,583,Yes
C38473,4,625,Yes
C38474,7,584,Yes
C38475,8,548,Yes
C38476,12,631,No
C38477,16,450,Yes
C38478,5,642,Yes
C38479,18,644,Yes
C38480,8,685,No
C38481,6,651,Yes
C38482,10,627,No
C38483,6,680,Yes
C38484,3,677,Yes
C38485,8,712,Yes
C38486,16,675,Yes
C38487,7,476,Yes
C38488,6,588,Yes
C38489,2,606,Yes
C38490,15,652,Yes
C38491,3,610,Yes
C38492,7,652,Yes
C38493,11,610,No
C38494,5,581,Yes
C38495,7,680,No
C38496,8,634,Yes
C38497,3,505,Yes
C38498,9,680,No
C38499,4,616,Yes
C38500,7,725,No
C38501,10,679,Yes
C38502,2,557,Yes
C38503,17,627,Yes
C38504,4,557,No
C38505,3,645,Yes
C38506,15,633,No
C38507,5,652,No
C38508,3,660,Yes
C38509,11,603,Yes
C38510,8,650,Yes
C38511,14,659,Yes
C38512,3,708,No
C38513,5,682,Yes
C38514,2,646,Yes
C38515,5,567,Yes
C38516,3,694,Yes
C38517,3,543,Yes
C38518,7,634,Yes
C38519,6,673,Yes
C38520,10,505,Yes
C38521,8,668,Yes
C38522,4,549,Yes
C38523,6,683,Yes
C38524,9,569,Yes
C38525,4,651,No
C38526,5,553,Yes
C38527,4,594,No
C38528,3,661,Yes
C38529,7,639,No
C38530,10,578,No
C38531,5,671,No
C38532,3,630,No
C38533,3,501,Yes
C38534,7,657,Yes
C38535,8,691,No
C38536,7,571,Yes
C38537,13,630,Yes
C38538,3,644,Yes
C38539,6,638,No
C38540,4,698,No
C38541,5,644,Yes
C38542,6,699,No
C38543,5,633,Yes
C38544,4,655,No
C38545,9,683,Yes
C38546,8,646,No
C38547,9,680,Yes
C38548,3,625,No
C38549,5,629,No
C38550,4,617,No
C38551,2,633,Yes
C38552,6,575,Yes
C38553,10,660,Yes
C38554,10,692,No
C38555,4,630,No
C38556,4,683,Yes
C38557,4,628,Yes
C38558,6,657,Yes
C38559,4,642,Yes
C38560,6,726,No
C38561,2,595,Yes
C38562,5,625,Yes
C38563,5,536,Yes
C38564,2,605,Yes
C38565,5,551,Yes
C38566,3,605,Yes
C38567,4,639,No
C38568,4,536,No
C38569,4,630,No
C38570,7,616,Yes
C38571,4,557,Yes
C38572,13,597,Yes
C38573,7,645,No
C38574,8,542,Yes
C38575,5,639,No
C38576,3,578,No
C38577,5,671,Yes
C38578,14,655,No
C38579,8,646,No
C38580,15,704,Yes
C38581,4,643,Yes
C38582,4,637,No
C38583,4,625,Yes
C38584,6,698,Yes
C38585,6,673,Yes
C38586,4,653,Yes
C38587,7,720,No
C38588,10,726,Yes
C38589,8,654,Yes
C38590,9,559,No
C38591,3,671,Yes
C38592,2,671,Yes
C38593,6,608,Yes
C38594,6,562,Yes
C38595,4,639,No
C38596,5,608,Yes
C38597,6,697,Yes
C38598,2,682,Yes
C38599,15,571,No
C38600,3,656,No
C38601,4,640,No
C38602,6,516,Yes
C38603,7,641,Yes
C38604,8,528,Yes
C38605,8,550,Yes
C38606,7,626,Yes
C38607,16,628,No
C38608,6,668,No
C38609,10,582,Yes
C38610,3,585,Yes
C38611,4,622,Yes
C38612,4,648,No
C38613,2,684,Yes
C38614,12,649,Yes
C38615,9,682,Yes
C38616,4,641,No
C38617,5,560,Yes
C38618,5,686,Yes
C38619,3,646,No
C38620,9,549,Yes
C38621,5,644,No
C38622,4,656,Yes
C38623,6,620,Yes
C38624,3,568,Yes
C38625,3,628,No
C38626,4,702,Yes
C38627,7,524,Yes
C38628,10,582,Yes
C38629,9,674,Yes
C38630,5,646,No
C38631,4,679,No
C38632,4,662,Yes
C38633,7,611,Yes
C38634,3,583,Yes
C38635,7,602,Yes
C38636,3,646,No
C38637,11,685,No
C38638,4,620,Yes
C38639,3,686,No
C38640,10,574,Yes
C38641,5,609,Yes
C38642,7,618,Yes
C38643,8,684,No
C38644,7,581,No
C38645,10,617,Yes
C38646,5,566,Yes
C38647,3,633,Yes
C38648,7,667,Yes
C38649,4,561,Yes
C38650,4,609,No
C38651,9,659,Yes
C38652,5,603,Yes
C38653,7,653,Yes
C38654,16,713,No
C38655,4,692,Yes
C38656,3,675,No
C38657,3,631,Yes
C38658,6,578,Yes
C38659,6,620,Yes
C38660,7,672,Yes
C38661,3,590,Yes
C38662,3,631,Yes
C38663,4,558,Yes
C38664,13,671,No
C38665,6,668,No
C38666,2,659,No
C38667,3,583,Yes
C38668,3,630,Yes
C38669,11,626,Yes
C38670,2,649,Yes
C38671,6,552,Yes
C38672,4,647,No
C38673,4,661,Yes
C38674,8,548,Yes
C38675,10,635,Yes
C38676,6,585,Yes
C38677,9,646,No
C38678,5,609,Yes
C38679,5,707,Yes
C38680,3,610,Yes
C38681,4,637,No
C38682,10,636,No
C38683,5,687,Yes
C38684,6,591,Yes
C38685,3,635,Yes
C38686,9,653,Yes
C38687,5,631,No
C38688,3,546,Yes
C38689,9,664,No
C38690,3,601,Yes
C38691,4,531,Yes
C38692,4,699,Yes
C38693,4,658,Yes
C38694,8,602,No
C38695,6,686,No
C38696,5,569,Yes
C38697,5,692,Yes
C38698,3,690,No
C38699,6,579,No
C38700,5,678,Yes
C38701,6,711,Yes
C38702,3,576,Yes
C38703,4,502,Yes
C38704,5,609,Yes
C38705,9,662,Yes
C38706,9,620,Yes
C38707,4,592,Yes
C38708,5,576,Yes
C38709,3,684,No
C38710,6,574,No
C38711,8,657,No
C38712,6,655,Yes
C38713,4,644,No
C38714,3,544,No
C38715,6,670,Yes
C38716,3,666,No
C38717,5,664,Yes
C38718,9,669,No
C38719,3,654,Yes
C38720,7,622,Yes
C38721,2,650,No
C38722,5,677,Yes
C38723,10,660,Yes
C38724,4,653,No
C38725,4,607,No
C38726,13,625,No
C38727,3,657,No
C38728,5,584,No
C38729,3,713,No
C38730,7,658,Yes
C38731,3,683,Yes
C38732,3,597,Yes
C38733,8,659,No
C38734,7,550,Yes
C38735,3,630,No
C38736,6,598,Yes
C38737,9,701,Yes
C38738,9,608,Yes
C38739,2,589,No
C38740,5,670,Yes
C38741,3,605,No
C38742,5,599,Yes
C38743,4,642,Yes
C38744,6,681,No
C38745,6,636,No
C38746,8,682,Yes
C38747,5,630,Yes
C38748,5,600,Yes
C38749,3,626,Yes
C38750,4,641,Yes
C38751,6,624,Yes
C38752,3,612,No
C38753,7,705,No
C38754,6,663,Yes
C38755,3,585,Yes
C38756,6,649,No
C38757,4,655,Yes
C38758,4,668,Yes
C38759,3,629,Yes
C38760,4,635,Yes
C38761,6,532,Yes
C38762,3,641,Yes
C38763,2,545,Yes
C38764,4,590,No
C38765,7,675,No
C38766,9,666,Yes
C38767,3,661,Yes
C38768,9,686,No
C38769,3,709,Yes
C38770,12,677,No
C38771,2,585,Yes
C38772,5,517,Yes
C38773,4,640,No
C38774,3,609,Yes
C38775,4,667,Yes
C38776,3,679,Yes
C38777,12,541,Yes
C38778,3,704,Yes
C38779,2,540,Yes
C38780,6,663,Yes
C38781,9,675,No
C38782,8,689,Yes
C38783,6,658,Yes
C38784,4,676,No
C38785,4,600,Yes
C38786,12,668,Yes
C38787,10,640,Yes
C38788,4,698,Yes
C38789,8,594,Yes
C38790,3,545,Yes
C38791,5,653,No
C38792,4,678,Yes
C38793,10,588,Yes
C38794,4,667,Yes
C38795,9,681,No
C38796,3,548,Yes
C38797,3,639,No
C38798,4,607,No
C38799,12,657,Yes
C38800,3,615,No
C38801,2,645,No
C38802,3,606,Yes
C38803,10,604,No
C38804,3,679,Yes
C38805,5,673,No
C38806,10,663,No
C38807,5,615,No
C38808,10,696,No
C38809,6,552,Yes
C38810,10,696,No
C38811,6,662,Yes
C38812,8,666,No
C38813,6,703,No
C38814,9,583,Yes
C38815,2,659,No
C38816,6,627,No
C38817,5,678,Yes
C38818,3,672,Yes
C38819,4,634,Yes
C38820,10,625,Yes
C38821,8,640,No
C38822,5,693,Yes
C38823,2,661,No
C38824,6,574,Yes
C38825,8,677,Yes
C38826,6,566,Yes
C38827,3,663,No
C38828,3,597,Yes
C38829,3,620,Yes
C38830,12,606,No
C38831,15,656,Yes
C38832,3,675,Yes
C38833,4,634,Yes
C38834,8,700,Yes
C38835,4,686,Yes
C38836,16,604,Yes
C38837,9,635,Yes
C38838,9,693,Yes
C38839,3,612,No
C38840,5,658,Yes
C38841,3,641,Yes
C38842,5,517,Yes
C38843,12,626,Yes
C38844,7,661,No
C38845,6,604,Yes
C38846,4,682,No
C38847,10,702,No
C38848,6,624,Yes
C38849,4,722,Yes
C38850,10,496,Yes
C38851,9,624,Yes
C38852,4,553,Yes
C38853,7,605,Yes
C38854,4,549,Yes
C38855,6,525,Yes
C38856,6,658,Yes
C38857,12,734,No
C38858,8,617,Yes
C38859,8,681,Yes
C38860,4,724,No
C38861,10,714,No
C38862,3,655,No
C38863,6,664,Yes
C38864,10,696,No
C38865,8,667,Yes
C38866,8,645,No
C38867,9,614,No
C38868,3,682,No
C38869,9,696,No
C38870,3,549,Yes
C38871,6,651,Yes
C38872,3,587,Yes
C38873,4,602,No
C38874,10,701,Yes
C38875,4,675,Yes
C38876,6,705,No
C38877,5,594,Yes
C38878,7,664,No
C38879,2,667,No
C38880,4,673,Yes
C38881,10,477,Yes
C38882,9,649,Yes
C38883,5,672,Yes
C38884,4,647,Yes
C38885,7,674,Yes
C38886,10,603,Yes
C38887,10,719,Yes
C38888,4,651,Yes
C38889,7,606,No
C38890,10,562,Yes
C38891,6,666,Yes
C38892,4,683,Yes
C38893,3,640,No
C38894,7,636,Yes
C38895,4,568,Yes
C38896,2,588,Yes
C38897,3,633,Yes
C38898,4,620,Yes
C38899,3,711,No
C38900,3,656,No
C38901,4,679,Yes
C38902,3,700,Yes
C38903,10,636,No
C38904,3,646,No
C38905,5,663,No
C38906,10,616,Yes
C38907,6,618,Yes
C38908,4,668,Yes
C38909,7,687,Yes
C38910,14,599,Yes
C38911,9,667,Yes
C38912,8,665,Yes
C38913,7,658,Yes
C38914,10,666,Yes
C38915,4,584,No
C38916,4,600,No
C38917,2,648,Yes
C38918,3,648,Yes
C38919,5,579,Yes
C38920,9,674,No
C38921,8,544,Yes
C38922,11,640,No
C38923,5,610,Yes
C38924,11,738,No
C38925,3,669,Yes
C38926,4,687,No
C38927,8,600,Yes
C38928,4,615,Yes
C38929,7,583,Yes
C38930,6,645,Yes
C38931,4,565,Yes
C38932,4,644,Yes
C38933,4,594,Yes
C38934,4,619,Yes
C38935,3,599,Yes
C38936,3,692,Yes
C38937,5,638,Yes
C38938,4,630,No
C38939,9,565,Yes
C38940,5,574,No
C38941,4,695,Yes
C38942,5,693,No
C38943,3,710,No
C38944,10,633,Yes
C38945,11,612,Yes
C38946,2,629,No
C38947,15,665,Yes
C38948,4,678,Yes
C38949,3,684,No
C38950,7,675,Yes
C38951,3,723,Yes
C38952,6,635,No
C38953,8,654,Yes
C38954,8,537,Yes
C38955,6,639,No
C38956,3,664,Yes
C38957,4,686,Yes
C38958,4,618,No
C38959,4,567,Yes
C38960,8,548,Yes
C38961,11,591,No
C38962,9,483,Yes
C38963,4,671,No
C38964,8,611,Yes
C38965,10,659,Yes
C38966,4,639,No
C38967,8,578,Yes
C38968,3,633,No
C38969,2,631,Yes
C38970,4,659,No
C38971,3,672,No
C38972,10,665,Yes
C38973,3,594,Yes
C38974,4,653,Yes
C38975,6,559,Yes
C38976,5,677,No
C38977,4,613,Yes
C38978,5,616,Yes
C38979,2,692,Yes
C38980,6,695,No
C38981,4,544,Yes
C38982,7,641,Yes
C38983,5,561,Yes
C38984,11,694,No
C38985,6,642,Yes
C38986,6,675,No
C38987,5,505,Yes
C38988,6,571,Yes
C38989,4,651,Yes
C38990,5,557,Yes
C38991,6,626,Yes
C38992,4,619,No
C38993,7,641,Yes
C38994,7,590,Yes
C38995,5,614,Yes
C38996,3,604,Yes
C38997,8,582,Yes
C38998,6,611,Yes
C38999,4,545,Yes
C39000,7,567,Yes
C39001,8,668,Yes
C39002,4,498,Yes
C39003,5,695,Yes
C39004,10,633,Yes
C39005,9,623,Yes
C39006,7,578,Yes
C39007,3,538,Yes
C39008,4,697,No
C39009,9,595,No
C39010,3,646,No
C39011,4,553,No
C39012,4,668,No
C39013,6,541,Yes
C39014,4,566,Yes
C39015,10,585,Yes
C39016,6,678,No
C39017,16,714,No
C39018,4,585,Yes
C39019,4,683,No
C39020,4,632,No
C39021,4,548,Yes
C39022,6,597,Yes
C39023,3,624,Yes
C39024,5,581,Yes
C39025,4,627,Yes
C39026,3,571,Yes
C39027,5,623,No
C39028,6,576,Yes
C39029,8,590,Yes
C39030,4,643,Yes
C39031,3,698,No
C39032,5,699,Yes
C39033,3,678,Yes
C39034,13,673,No
C39035,9,675,Yes
C39036,14,702,No
C39037,3,655,Yes
C39038,3,667,No
C39039,12,671,No
C39040,4,593,No
C39041,8,639,Yes
C39042,4,574,Yes
C39043,3,643,Yes
C39044,10,603,Yes
C39045,9,585,Yes
C39046,3,659,Yes
C39047,5,591,Yes
C39048,5,514,Yes
C39049,4,655,Yes
C39050,3,470,Yes
C39051,12,651,Yes
C39052,10,695,Yes
C39053,2,704,Yes
C39054,2,650,Yes
C39055,9,692,Yes
C39056,11,625,Yes
C39057,4,634,Yes
C39058,13,540,Yes
C39059,7,664,No
C39060,12,626,Yes
C39061,3,614,No
C39062,3,647,Yes
C39063,7,610,Yes
C39064,10,535,Yes
C39065,6,590,Yes
C39066,6,683,No
C39067,4,635,No
C39068,6,671,Yes
C39069,13,632,Yes
C39070,6,658,Yes
C39071,2,599,No
C39072,6,653,No
C39073,2,660,No
C39074,4,666,No
C39075,6,667,No
C39076,7,563,Yes
C39077,4,682,Yes
C39078,3,609,Yes
C39079,4,670,No
C39080,4,532,Yes
C39081,7,601,Yes
C39082,11,693,No
C39083,6,641,Yes
C39084,3,626,No
C39085,3,666,Yes
C39086,4,633,No
C39087,3,596,Yes
C39088,2,673,Yes
C39089,10,562,Yes
C39090,3,625,Yes
C39091,3,627,No
C39092,3,665,No
C39093,3,659,Yes
C39094,3,657,Yes
C39095,6,595,Yes
C39096,3,625,Yes
C39097,5,558,Yes
C39098,3,596,Yes
C39099,6,661,No
C39100,10,693,Yes
C39101,3,653,Yes
C39102,4,618,Yes
C39103,3,524,Yes
C39104,6,626,Yes
C39105,4,624,Yes
C39106,5,631,Yes
C39107,4,584,Yes
C39108,7,630,Yes
C39109,3,691,Yes
C39110,7,566,Yes
C39111,4,623,Yes
C39112,10,647,No
C39113,8,551,Yes
C39114,3,593,Yes
C39115,8,585,Yes
C39116,4,677,No
C39117,8,623,Yes
C39118,7,650,No
C39119,6,615,Yes
C39120,3,688,Yes
C39121,4,657,Yes
C39122,3,644,Yes
C39123,5,552,Yes
C39124,5,584,No
C39125,6,658,Yes
C39126,6,650,Yes
C39127,5,566,Yes
C39128,4,524,No
C39129,3,569,No
C39130,6,670,No
C39131,3,603,Yes
C39132,5,612,No
C39133,7,504,Yes
C39134,3,699,No
C39135,7,667,Yes
C39136,8,668,Yes
C39137,10,672,Yes
C39138,7,544,Yes
C39139,7,555,Yes
C39140,3,625,No
C39141,4,674,No
C39142,7,654,Yes
C39143,11,670,No
C39144,5,636,Yes
C39145,8,669,Yes
C39146,6,621,Yes
C39147,4,655,Yes
C39148,3,629,Yes
C39149,3,648,No
C39150,3,582,Yes
C39151,4,642,No
C39152,6,603,No
C39153,4,684,No
C39154,9,570,Yes
C39155,2,711,No
C39156,7,637,Yes
C39157,9,648,Yes
C39158,4,597,Yes
C39159,6,609,Yes
C39160,3,615,No
C39161,9,624,Yes
C39162,7,675,No
C39163,6,648,No
C39164,8,689,No
C39165,4,606,No
C39166,4,607,No
C39167,8,627,Yes
C39168,3,612,Yes
C39169,5,661,Yes
C39170,13,649,Yes
C39171,4,651,Yes
C39172,4,608,Yes
C39173,7,677,No
C39174,3,596,Yes
C39175,4,624,Yes
C39176,7,657,Yes
C39177,10,641,Yes
C39178,9,591,Yes
C39179,3,623,No
C39180,10,675,Yes
C39181,3,614,No
C39182,15,647,Yes
C39183,7,702,No
C39184,9,515,Yes
C39185,7,613,Yes
C39186,3,501,Yes
C39187,6,566,Yes
C39188,9,592,No
C39189,5,636,Yes
C39190,4,502,Yes
C39191,4,576,No
C39192,5,701,Yes
C39193,7,587,Yes
C39194,3,612,Yes
C39195,3,626,No
C39196,3,561,Yes
C39197,4,653,Yes
C39198,8,687,No
C39199,4,689,Yes
C39200,10,659,No
C39201,4,651,No
C39202,3,592,No
C39203,3,680,Yes
C39204,4,590,Yes
C39205,4,569,No
C39206,3,693,Yes
C39207,4,674,Yes
C39208,12,643,No
C39209,4,641,Yes
C39210,3,586,Yes
C39211,12,542,Yes
C39212,7,644,No
C39213,9,674,No
C39214,4,606,Yes
C39215,10,544,Yes
C39216,7,644,Yes
C39217,3,724,No
C39218,8,565,Yes
C39219,12,659,Yes
C39220,5,604,Yes
C39221,5,654,No
C39222,4,662,No
C39223,4,658,Yes
C39224,8,723,Yes
C39225,6,625,Yes
C39226,3,659,No
C39227,12,653,Yes
C39228,4,681,No
C39229,4,704,Yes
C39230,10,660,Yes
C39231,3,620,Yes
C39232,4,683,Yes
C39233,9,634,No
C39234,10,554,No
C39235,3,639,Yes
C39236,10,683,Yes
C39237,8,534,Yes
C39238,10,647,Yes
C39239,3,573,Yes
C39240,4,573,Yes
C39241,9,628,Yes
C39242,5,723,No
C39243,6,628,Yes
C39244,9,553,Yes
C39245,12,664,Yes
C39246,4,597,Yes
C39247,21,610,Yes
C39248,7,640,Yes
C39249,8,574,Yes
C39250,6,574,No
C39251,6,718,No
C39252,6,577,Yes
C39253,2,641,No
C39254,4,655,Yes
C39255,5,536,Yes
C39256,4,616,Yes
C39257,3,651,Yes
C39258,7,677,Yes
C39259,10,667,Yes
C39260,26,620,No
C39261,5,559,No
C39262,5,663,No
C39263,5,630,Yes
C39264,3,602,Yes
C39265,9,682,No
C39266,8,637,Yes
C39267,6,676,No
C39268,12,658,Yes
C39269,10,621,Yes
C39270,4,590,Yes
C39271,12,626,No
C39272,6,679,No
C39273,6,676,No
C39274,3,643,Yes
C39275,3,547,No
C39276,3,629,Yes
C39277,3,567,No
C39278,5,645,Yes
C39279,3,617,Yes
C39280,3,624,Yes
C39281,4,644,Yes
C39282,10,587,No
C39283,8,623,Yes
C39284,3,634,No
C39285,4,673,No
C39286,5,624,Yes
C39287,5,540,Yes
C39288,4,674,No
C39289,3,516,Yes
C39290,4,622,Yes
C39291,4,654,Yes
C39292,4,667,No
C39293,4,531,Yes
C39294,9,700,Yes
C39295,3,686,Yes
C39296,12,732,No
C39297,12,768,No
C39298,4,586,Yes
C39299,3,597,Yes
C39300,6,625,Yes
C39301,9,590,Yes
C39302,4,653,Yes
C39303,5,738,Yes
C39304,3,676,Yes
C39305,12,655,No
C39306,6,683,No
C39307,7,666,No
C39308,5,597,No
C39309,5,587,Yes
C39310,10,589,Yes
C39311,4,650,Yes
C39312,7,671,No
C39313,13,550,Yes
C39314,6,684,Yes
C39315,4,677,Yes
C39316,3,480,Yes
C39317,4,617,Yes
C39318,2,521,Yes
C39319,4,632,Yes
C39320,4,684,No
C39321,10,617,Yes
C39322,6,653,Yes
C39323,10,709,Yes
C39324,15,715,No
C39325,2,618,Yes
C39326,3,642,Yes
C39327,4,651,No
C39328,5,610,Yes
C39329,5,501,Yes
C39330,8,608,No
C39331,11,714,No
C39332,9,611,Yes
C39333,9,616,Yes
C39334,4,626,No
C39335,2,601,Yes
C39336,3,714,Yes
C39337,4,634,No
C39338,10,613,No
C39339,4,665,Yes
C39340,7,576,Yes
C39341,3,491,Yes
C39342,4,673,Yes
C39343,4,542,Yes
C39344,7,610,Yes
C39345,3,516,Yes
C39346,15,721,No
C39347,15,693,No
C39348,5,622,Yes
C39349,4,687,No
C39350,3,658,Yes
C39351,2,552,Yes
C39352,10,677,Yes
C39353,5,564,Yes
C39354,12,654,Yes
C39355,4,623,No
C39356,6,687,Yes
C39357,8,678,No
C39358,4,627,No
C39359,3,536,Yes
C39360,5,679,Yes
C39361,4,663,Yes
C39362,3,622,Yes
C39363,8,661,No
C39364,4,646,Yes
C39365,3,622,Yes
C39366,7,665,Yes
C39367,3,589,Yes
C39368,4,637,Yes
C39369,10,550,Yes
C39370,9,572,Yes
C39371,4,647,Yes
C39372,12,641,No
C39373,10,655,No
C39374,10,652,Yes
C39375,5,645,Yes
C39376,3,656,No
C39377,3,627,No
C39378,10,603,Yes
C39379,3,666,No
C39380,7,660,Yes
C39381,5,601,Yes
C39382,4,661,Yes
C39383,11,636,Yes
C39384,5,684,Yes
C39385,4,658,No
C39386,10,663,Yes
C39387,4,705,Yes
C39388,7,606,No
C39389,13,682,No
C39390,3,622,Yes
C39391,4,677,Yes
C39392,5,653,No
C39393,8,716,Yes
C39394,3,703,No
C39395,5,655,No
C39396,3,588,Yes
C39397,4,641,Yes
C39398,2,611,Yes
C39399,7,650,No
C39400,3,645,No
C39401,6,561,Yes
C39402,4,681,No
C39403,2,631,No
C39404,13,600,No
C39405,9,546,Yes
C39406,9,580,Yes
C39407,6,606,Yes
C39408,8,599,Yes
C39409,2,553,Yes
C39410,5,578,Yes
C39411,10,635,Yes
C39412,16,657,Yes
C39413,5,538,No
C39414,4,619,Yes
C39415,5,695,No
C39416,5,606,Yes
C39417,4,663,No
C39418,13,591,No
C39419,8,705,No
C39420,4,667,No
C39421,9,683,Yes
C39422,8,644,Yes
C39423,4,599,Yes
C39424,6,669,Yes
C39425,7,556,Yes
C39426,7,636,No
C39427,3,673,No
C39428,5,586,Yes
C39429,11,608,Yes
C39430,2,644,Yes
C39431,7,695,No
C39432,5,621,Yes
C39433,4,714,Yes
C39434,4,597,No
C39435,4,601,No
C39436,10,654,No
C39437,2,613,Yes
C39438,5,673,Yes
C39439,10,514,Yes
C39440,5,643,Yes
C39441,3,589,Yes
C39442,17,737,No
C39443,3,723,Yes
C39444,5,532,Yes
C39445,4,647,Yes
C39446,4,676,Yes
C39447,5,654,Yes
C39448,4,687,Yes
C39449,3,626,Yes
C39450,6,660,Yes
C39451,5,586,Yes
C39452,6,636,Yes
C39453,3,668,Yes
C39454,13,479,Yes
C39455,2,655,Yes
C39456,8,633,Yes
C39457,4,476,Yes
C39458,7,671,No
C39459,15,681,No
C39460,4,600,Yes
C39461,4,492,Yes
C39462,4,563,Yes
C39463,3,648,Yes
C39464,2,638,Yes
C39465,8,514,Yes
C39466,6,651,Yes
C39467,6,647,Yes
C39468,6,693,No
C39469,5,668,No
C39470,4,607,Yes
C39471,4,598,No
C39472,3,458,Yes
C39473,4,688,No
C39474,13,596,Yes
C39475,6,633,No
C39476,2,639,Yes
C39477,5,662,No
C39478,4,541,Yes
C39479,4,633,Yes
C39480,4,701,No
C39481,4,606,Yes
C39482,6,656,Yes
C39483,8,654,No
C39484,4,710,Yes
C39485,3,639,Yes
C39486,4,655,No
C39487,4,663,Yes
C39488,8,691,Yes
C39489,3,607,No
C39490,14,686,No
C39491,6,687,No
C39492,6,636,No
C39493,4,580,Yes
C39494,4,658,No
C39495,13,651,Yes
C39496,4,588,No
C39497,6,692,Yes
C39498,8,535,Yes
C39499,3,566,Yes
C39500,5,673,No
C39501,8,677,No
C39502,7,574,No
C39503,3,640,No
C39504,13,626,Yes
C39505,14,704,No
C39506,6,619,Yes
C39507,8,643,Yes
C39508,5,653,Yes
C39509,7,614,Yes
C39510,3,639,Yes
C39511,3,512,Yes
C39512,3,646,Yes
C39513,2,666,No
C39514,4,625,Yes
C39515,9,658,No
C39516,7,676,Yes
C39517,17,701,No
C39518,4,568,No
C39519,4,674,Yes
C39520,9,629,Yes
C39521,8,675,No
C39522,4,660,Yes
C39523,12,704,No
C39524,7,645,Yes
C39525,5,591,No
C39526,9,654,Yes
C39527,9,698,No
C39528,3,646,Yes
C39529,5,572,Yes
C39530,3,571,Yes
C39531,8,550,Yes
C39532,6,710,Yes
C39533,2,686,No
C39534,3,594,No
C39535,7,681,Yes
C39536,3,649,Yes
C39537,14,569,Yes
C39538,6,701,Yes
C39539,9,714,Yes
C39540,4,649,Yes
C39541,3,641,Yes
C39542,2,650,Yes
C39543,4,673,No
C39544,7,549,Yes
C39545,8,630,Yes
C39546,4,654,Yes
C39547,3,649,Yes
C39548,9,708,Yes
C39549,5,674,Yes
C39550,4,658,Yes
C39551,3,496,Yes
C39552,6,658,Yes
C39553,4,590,Yes
C39554,9,700,No
C39555,4,691,Yes
C39556,3,685,No
C39557,7,577,Yes
C39558,11,649,No
C39559,3,574,Yes
C39560,3,604,Yes
C39561,11,699,No
C39562,4,694,Yes
C39563,4,565,Yes
C39564,10,546,No
C39565,4,625,Yes
C39566,4,691,Yes
C39567,3,678,Yes
C39568,5,559,Yes
C39569,9,552,Yes
C39570,9,641,No
C39571,8,683,No
C39572,3,697,No
C39573,4,622,No
C39574,8,589,Yes
C39575,3,632,Yes
C39576,13,586,Yes
C39577,5,664,No
C39578,3,497,Yes
C39579,6,570,No
C39580,13,654,No
C39581,12,693,No
C39582,5,596,Yes
C39583,6,584,Yes
C39584,6,667,Yes
C39585,7,614,No
C39586,3,662,Yes
C39587,4,515,Yes
C39588,6,595,Yes
C39589,7,623,No
C39590,7,666,No
C39591,4,504,Yes
C39592,4,665,Yes
C39593,4,617,Yes
C39594,9,689,Yes
C39595,6,723,Yes
C39596,4,663,Yes
C39597,10,631,Yes
C39598,11,698,Yes
C39599,2,486,Yes
C39600,7,666,Yes
C39601,11,615,Yes
C39602,9,580,Yes
C39603,7,625,No
C39604,3,678,Yes
C39605,2,504,Yes
C39606,5,593,No
C39607,7,622,No
C39608,3,583,Yes
C39609,14,683,Yes
C39610,4,627,Yes
C39611,14,507,Yes
C39612,4,675,No
C39613,4,645,No
C39614,12,603,No
C39615,3,508,Yes
C39616,4,637,Yes
C39617,7,648,No
C39618,2,625,Yes
C39619,10,682,Yes
C39620,5,692,No
C39621,4,573,Yes
C39622,7,687,No
C39623,6,664,No
C39624,7,600,Yes
C39625,15,687,Yes
C39626,7,641,No
C39627,4,643,Yes
C39628,2,601,Yes
C39629,3,606,Yes
C39630,7,546,Yes
C39631,6,675,Yes
C39632,4,640,Yes
C39633,3,699,No
C39634,6,647,Yes
C39635,3,693,Yes
C39636,4,565,Yes
C39637,8,656,Yes
C39638,4,638,Yes
C39639,6,551,Yes
C39640,6,664,Yes
C39641,4,624,No
C39642,5,714,Yes
C39643,3,475,Yes
C39644,3,540,Yes
C39645,11,657,No
C39646,14,653,Yes
C39647,7,678,No
C39648,9,631,Yes
C39649,10,689,Yes
C39650,5,671,Yes
C39651,9,677,Yes
C39652,5,553,Yes
C39653,9,655,No
C39654,9,642,No
C39655,4,610,No
C39656,6,691,No
C39657,4,628,Yes
C39658,5,633,No
C39659,9,622,No
C39660,5,656,No
C39661,9,633,Yes
C39662,10,552,Yes
C39663,2,634,No
C39664,3,667,Yes
C39665,9,696,Yes
C39666,7,632,Yes
C39667,6,603,No
C39668,8,690,No
C39669,3,560,Yes
C39670,6,639,Yes
C39671,8,683,No
C39672,3,576,Yes
C39673,6,640,Yes
C39674,4,614,No
C39675,6,672,Yes
C39676,6,613,No
C39677,9,671,Yes
C39678,3,685,No
C39679,6,598,Yes
C39680,4,598,Yes
C39681,9,707,No
C39682,5,636,No
C39683,4,633,No
C39684,3,672,Yes
C39685,4,684,No
C39686,8,627,Yes
C39687,6,654,Yes
C39688,9,649,Yes
C39689,5,592,Yes
C39690,4,573,Yes
C39691,5,648,Yes
C39692,6,639,No
C39693,4,585,No
C39694,13,712,No
C39695,17,655,No
C39696,5,552,Yes
C39697,8,682,No
C39698,3,623,Yes
C39699,4,642,Yes
C39700,11,654,No
C39701,5,646,No
C39702,4,685,Yes
C39703,4,607,Yes
C39704,4,653,Yes
C39705,3,590,Yes
C39706,3,637,Yes
C39707,3,606,Yes
C39708,2,641,No
C39709,12,674,No
C39710,3,700,No
C39711,4,637,Yes
C39712,10,632,Yes
C39713,9,603,Yes
C39714,10,678,No
C39715,3,491,Yes
C39716,8,656,Yes
C39717,3,507,Yes
C39718,7,643,No
C39719,8,635,No
C39720,3,624,No
C39721,8,606,Yes
C39722,4,575,Yes
C39723,3,596,Yes
C39724,3,583,Yes
C39725,4,605,Yes
C39726,6,691,No
C39727,10,603,Yes
C39728,7,587,Yes
C39729,12,682,No
C39730,3,616,Yes
C39731,9,465,Yes
C39732,3,618,Yes
C39733,4,665,No
C39734,7,560,Yes
C39735,6,601,Yes
C39736,3,661,Yes
C39737,9,613,Yes
C39738,9,576,No
C39739,7,632,Yes
C39740,8,646,Yes
C39741,4,545,Yes
C39742,13,635,No
C39743,3,638,Yes
C39744,3,630,Yes
C39745,7,679,Yes
C39746,7,580,Yes
C39747,4,695,Yes
C39748,3,687,Yes
C39749,9,674,Yes
C39750,6,581,Yes
C39751,3,626,Yes
C39752,5,625,Yes
C39753,8,663,No
C39754,11,663,No
C39755,8,664,No
C39756,3,611,Yes
C39757,7,635,No
C39758,3,685,Yes
C39759,3,627,No
C39760,5,565,Yes
C39761,5,701,No
C39762,4,604,Yes
C39763,3,628,No
C39764,4,589,Yes
C39765,5,595,Yes
C39766,7,684,No
C39767,8,642,No
C39768,4,667,Yes
C39769,3,682,Yes
C39770,7,625,Yes
C39771,4,556,Yes
C39772,3,665,No
C39773,8,573,Yes
C39774,4,547,No
C39775,10,653,Yes
C39776,5,528,Yes
C39777,6,552,Yes
C39778,6,653,Yes
C39779,12,637,No
C39780,3,630,Yes
C39781,5,700,Yes
C39782,14,560,Yes
C39783,3,660,Yes
C39784,7,593,No
C39785,3,561,Yes
C39786,9,625,Yes
C39787,13,687,Yes
C39788,8,692,No
C39789,3,638,No
C39790,6,673,No
C39791,2,680,No
C39792,5,623,Yes
C39793,4,610,Yes
C39794,9,663,Yes
C39795,3,653,Yes
C39796,5,643,Yes
C39797,4,545,Yes
C39798,7,520,Yes
C39799,8,689,Yes
C39800,4,664,No
C39801,9,654,No
C39802,7,701,Yes
C39803,5,598,Yes
C39804,7,638,Yes
C39805,4,625,No
C39806,8,572,Yes
C39807,4,661,Yes
C39808,12,614,Yes
C39809,2,623,No
C39810,4,658,Yes
C39811,3,615,Yes
C39812,10,703,No
C39813,2,617,Yes
C39814,6,524,Yes
C39815,9,666,Yes
C39816,4,671,Yes
C39817,3,618,No
C39818,3,539,Yes
C39819,4,599,Yes
C39820,7,609,No
C39821,5,615,No
C39822,8,642,Yes
C39823,9,638,No
C39824,12,708,Yes
C39825,3,690,No
C39826,8,672,No
C39827,2,651,No
C39828,5,630,Yes
C39829,8,723,Yes
C39830,3,699,No
C39831,6,686,Yes
C39832,7,648,Yes
C39833,15,656,Yes
C39834,8,586,No
C39835,5,585,Yes
C39836,6,651,No
C39837,10,695,No
C39838,3,659,No
C39839,2,669,Yes
C39840,4,654,No
C39841,5,620,Yes
C39842,8,631,Yes
C39843,7,700,No
C39844,4,570,Yes
C39845,10,667,No
C39846,15,610,No
C39847,7,620,Yes
C39848,4,675,No
C39849,3,595,Yes
C39850,9,596,Yes
C39851,6,605,Yes
C39852,5,592,No
C39853,6,554,Yes
C39854,15,661,No
C39855,3,578,Yes
C39856,3,524,Yes
C39857,13,679,No
C39858,3,680,No
C39859,7,638,No
C39860,4,634,No
C39861,3,576,Yes
C39862,4,656,No
C39863,3,566,Yes
C39864,3,676,No
C39865,9,595,Yes
C39866,7,586,Yes
C39867,5,683,Yes
C39868,4,611,No
C39869,5,658,Yes
C39870,8,680,Yes
C39871,18,697,Yes
C39872,5,661,Yes
C39873,10,659,Yes
C39874,3,596,Yes
C39875,12,584,Yes
C39876,4,699,Yes
C39877,2,625,No
C39878,4,686,Yes
C39879,10,631,Yes
C39880,15,681,Yes
C39881,2,682,No
C39882,3,545,Yes
C39883,2,587,Yes
C39884,3,573,No
C39885,6,662,No
C39886,10,655,Yes
C39887,9,635,Yes
C39888,10,581,Yes
C39889,4,602,Yes
C39890,6,672,No
C39891,3,492,Yes
C39892,10,577,Yes
C39893,8,735,Yes
C39894,15,561,Yes
C39895,8,566,Yes
C39896,3,616,Yes
C39897,9,560,Yes
C39898,8,607,No
C39899,4,614,Yes
C39900,3,622,No
C39901,4,612,Yes
C39902,3,577,Yes
C39903,14,657,Yes
C39904,4,634,No
C39905,3,610,Yes
C39906,4,539,Yes
C39907,8,667,No
C39908,4,693,No
C39909,3,613,Yes
C39910,3,631,No
C39911,14,673,Yes
C39912,4,623,Yes
C39913,10,714,No
C39914,8,636,Yes
C39915,3,671,Yes
C39916,10,644,No
C39917,3,698,No
C39918,3,675,Yes
C39919,13,634,Yes
C39920,2,633,Yes
C39921,5,562,Yes
C39922,14,611,Yes
C39923,4,690,Yes
C39924,3,662,Yes
C39925,6,697,No
C39926,11,700,No
C39927,3,676,No
C39928,3,587,Yes
C39929,10,658,Yes
C39930,2,587,Yes
C39931,8,516,Yes
C39932,3,676,No
C39933,10,584,Yes
C39934,6,675,Yes
C39935,5,632,No
C39936,4,604,Yes
C39937,4,655,No
C39938,14,507,Yes
C39939,5,567,No
C39940,7,679,No
C39941,5,669,No
C39942,5,576,No
C39943,4,703,No
C39944,9,622,No
C39945,7,612,Yes
C39946,13,560,Yes
C39947,3,613,No
C39948,5,582,Yes
C39949,3,668,Yes
C39950,10,724,No
C39951,3,603,Yes
C39952,4,652,No
C39953,9,653,No
C39954,10,575,No
C39955,3,630,Yes
C39956,9,599,Yes
C39957,4,656,No
C39958,8,633,Yes
C39959,10,581,Yes
C39960,13,670,Yes
C39961,3,716,Yes
C39962,5,614,No
C39963,7,594,Yes
C39964,4,661,Yes
C39965,3,677,Yes
C39966,3,644,Yes
C39967,3,594,Yes
C39968,6,646,Yes
C39969,4,686,No
C39970,6,662,No
C39971,8,639,No
C39972,4,672,Yes
C39973,3,649,No
C39974,6,684,Yes
C39975,4,709,Yes
C39976,10,669,Yes
C39977,12,601,No
C39978,2,635,Yes
C39979,8,618,No
C39980,4,521,Yes
C39981,10,598,Yes
C39982,6,646,Yes
C39983,3,599,Yes
C39984,8,646,Yes
C39985,9,656,Yes
C39986,7,495,Yes
C39987,13,686,No
C39988,11,537,Yes
C39989,10,657,No
C39990,10,681,Yes
C39991,4,676,Yes
C39992,9,561,Yes
C39993,4,597,No
C39994,4,597,Yes
C39995,7,677,Yes
C39996,5,644,No
C39997,9,672,Yes
C39998,3,596,Yes
C39999,15,615,Yes
C40000,4,621,Yes
C40001,4,646,No
C40002,4,650,No
C40003,4,667,Yes
C40004,4,607,Yes
C40005,5,656,Yes
C40006,8,672,No
C40007,4,638,Yes
C40008,3,636,No
C40009,5,680,Yes
C40010,11,611,Yes
C40011,4,624,Yes
C40012,3,588,No
C40013,6,645,Yes
C40014,14,640,Yes
C40015,5,631,No
C40016,8,667,Yes
C40017,4,696,No
C40018,2,580,Yes
C40019,11,648,No
C40020,10,645,Yes
C40021,15,627,Yes
C40022,4,678,Yes
C40023,4,663,Yes
C40024,9,608,Yes
C40025,7,643,Yes
C40026,5,655,No
C40027,9,672,Yes
C40028,3,632,No
C40029,3,593,No
C40030,4,653,Yes
C40031,9,648,Yes
C40032,3,663,Yes
C40033,3,547,Yes
C40034,12,642,Yes
C40035,3,600,Yes
C40036,10,623,No
C40037,4,650,Yes
C40038,4,643,No
C40039,3,644,No
C40040,13,651,No
C40041,4,558,Yes
C40042,8,652,No
C40043,7,697,No
C40044,10,702,No
C40045,4,597,Yes
C40046,8,679,Yes
C40047,10,706,No
C40048,4,493,Yes
C40049,3,623,Yes
C40050,5,676,No
C40051,3,482,Yes
C40052,4,569,Yes
C40053,6,617,Yes
C40054,8,566,Yes
C40055,3,626,Yes
C40056,4,552,Yes
C40057,3,571,Yes
C40058,4,654,Yes
C40059,5,556,Yes
C40060,4,696,Yes
C40061,6,630,Yes
C40062,3,531,Yes
C40063,8,673,Yes
C40064,8,618,Yes
C40065,4,635,Yes
C40066,3,627,Yes
C40067,8,622,No
C40068,5,648,No
C40069,10,625,No
C40070,2,694,No
C40071,3,702,Yes
C40072,4,596,Yes
C40073,3,576,Yes
C40074,4,644,Yes
C40075,5,435,Yes
C40076,3,684,Yes
C40077,8,650,Yes
C40078,6,655,Yes
C40079,10,630,No
C40080,6,660,Yes
C40081,3,658,No
C40082,14,619,Yes
C40083,5,643,Yes
C40084,12,686,Yes
C40085,5,575,Yes
C40086,2,553,Yes
C40087,3,560,Yes
C40088,7,666,Yes
C40089,3,510,Yes
C40090,6,699,No
C40091,7,704,Yes
C40092,4,689,Yes
C40093,5,525,Yes
C40094,7,594,Yes
C40095,2,606,Yes
C40096,8,563,Yes
C40097,5,618,Yes
C40098,4,627,No
C40099,3,645,Yes
C40100,3,685,Yes
C40101,10,668,Yes
C40102,6,571,Yes
C40103,4,622,Yes
C40104,4,655,Yes
C40105,8,644,Yes
C40106,3,640,Yes
C40107,7,684,No
C40108,9,616,No
C40109,4,643,Yes
C40110,4,624,No
C40111,4,586,Yes
C40112,9,528,Yes
C40113,3,673,Yes
C40114,2,600,Yes
C40115,8,637,Yes
C40116,12,711,Yes
C40117,9,659,Yes
C40118,7,638,Yes
C40119,15,728,Yes
C40120,4,626,Yes
C40121,3,573,Yes
C40122,6,631,Yes
C40123,16,576,No
C40124,3,667,Yes
C40125,10,673,Yes
C40126,8,615,Yes
C40127,3,671,Yes
C40128,3,656,No
C40129,7,576,Yes
C40130,11,660,No
C40131,5,584,Yes
C40132,3,640,Yes
C40133,4,582,Yes
C40134,5,675,No
C40135,3,565,Yes
C40136,4,688,No
C40137,4,588,Yes
C40138,3,711,No
C40139,2,667,No
C40140,12,616,No
C40141,11,685,No
C40142,5,695,Yes
C40143,3,541,Yes
C40144,3,613,No
C40145,8,572,Yes
C40146,7,649,No
C40147,4,690,Yes
C40148,5,638,Yes
C40149,6,636,No
C40150,8,692,No
C40151,6,551,Yes
C40152,3,644,Yes
C40153,8,687,Yes
C40154,8,612,Yes
C40155,2,680,Yes
C40156,4,607,Yes
C40157,8,660,No
C40158,3,681,No
C40159,4,623,Yes
C40160,4,586,No
C40161,4,695,Yes
C40162,15,639,Yes
C40163,4,642,No
C40164,8,596,Yes
C40165,16,687,No
C40166,4,606,Yes
C40167,7,570,Yes
C40168,3,574,Yes
C40169,6,529,Yes
C40170,6,596,No
C40171,4,655,Yes
C40172,9,615,Yes
C40173,4,595,Yes
C40174,5,651,No
C40175,3,607,Yes
C40176,9,694,No
C40177,15,587,No
C40178,4,622,Yes
C40179,10,624,Yes
C40180,4,670,No
C40181,4,659,Yes
C40182,10,679,Yes
C40183,10,510,Yes
C40184,9,681,No
C40185,5,684,Yes
C40186,4,592,Yes
C40187,6,689,Yes
C40188,17,683,Yes
C40189,5,674,No
C40190,8,669,Yes
C40191,9,711,No
C40192,3,575,Yes
C40193,10,663,Yes
C40194,4,589,Yes
C40195,2,558,Yes
C40196,5,649,Yes
C40197,4,620,Yes
C40198,4,676,No
C40199,6,688,Yes
C40200,4,675,No
C40201,4,656,Yes
C40202,7,620,Yes
C40203,5,698,Yes
C40204,9,663,No
C40205,2,586,Yes
C40206,3,537,Yes
C40207,3,661,No
C40208,6,655,Yes
C40209,4,609,No
C40210,9,649,Yes
C40211,4,647,Yes
C40212,16,603,Yes
C40213,2,645,Yes
C40214,3,647,No
C40215,3,529,No
C40216,3,535,Yes
C40217,4,502,Yes
C40218,3,567,Yes
C40219,5,578,Yes
C40220,7,652,Yes
C40221,12,509,Yes
C40222,6,670,Yes
C40223,7,543,No
C40224,5,617,Yes
C40225,6,630,No
C40226,10,582,No
C40227,2,688,No
C40228,10,663,No
C40229,4,694,Yes
C40230,4,673,No
C40231,5,633,No
C40232,5,583,Yes
C40233,13,564,Yes
C40234,4,697,Yes
C40235,4,663,No
C40236,3,617,Yes
C40237,11,673,Yes
C40238,4,695,No
C40239,6,618,Yes
C40240,3,666,Yes
C40241,3,496,Yes
C40242,9,564,Yes
C40243,9,654,Yes
C40244,10,623,Yes
C40245,5,679,Yes
C40246,9,697,No
C40247,6,527,Yes
C40248,4,558,Yes
C40249,5,628,Yes
C40250,3,623,Yes
C40251,6,687,No
C40252,5,612,Yes
C40253,2,639,Yes
C40254,6,706,Yes
C40255,9,705,No
C40256,14,657,Yes
C40257,11,688,Yes
C40258,4,687,No
C40259,7,560,Yes
C40260,7,603,Yes
C40261,11,663,No
C40262,10,586,Yes
C40263,4,586,No
C40264,8,493,Yes
C40265,3,568,Yes
C40266,6,616,No
C40267,4,656,Yes
C40268,8,707,Yes
C40269,3,672,Yes
C40270,9,606,No
C40271,7,695,Yes
C40272,10,668,Yes
C40273,5,667,No
C40274,5,607,Yes
C40275,3,571,No
C40276,3,665,Yes
C40277,4,535,Yes
C40278,2,587,Yes
C40279,10,689,No
C40280,4,701,Yes
C40281,10,567,Yes
C40282,5,674,Yes
C40283,6,605,Yes
C40284,3,700,No
C40285,2,595,No
C40286,4,645,Yes
C40287,8,630,No
C40288,7,556,Yes
C40289,3,610,No
C40290,4,666,Yes
C40291,2,675,No
C40292,10,648,Yes
C40293,8,658,Yes
C40294,6,681,Yes
C40295,7,687,Yes
C40296,4,622,Yes
C40297,8,600,Yes
C40298,3,645,No
C40299,4,670,No
C40300,3,684,Yes
C40301,5,681,No
C40302,3,546,Yes
C40303,4,637,Yes
C40304,3,577,Yes
C40305,10,612,Yes
C40306,8,674,No
C40307,10,607,No
C40308,10,648,Yes
C40309,4,686,No
C40310,3,635,Yes
C40311,4,439,Yes
C40312,6,498,Yes
C40313,4,636,No
C40314,15,493,Yes
C40315,3,659,Yes
C40316,8,688,No
C40317,3,493,Yes
C40318,5,723,No
C40319,3,602,Yes
C40320,4,524,Yes
C40321,10,610,Yes
C40322,2,681,Yes
C40323,3,508,Yes
C40324,4,676,Yes
C40325,4,629,Yes
C40326,7,582,Yes
C40327,7,708,Yes
C40328,9,586,Yes
C40329,4,683,Yes
C40330,3,618,Yes
C40331,5,613,Yes
C40332,3,534,Yes
C40333,7,591,Yes
C40334,6,612,No
C40335,3,581,Yes
C40336,6,675,Yes
C40337,5,696,Yes
C40338,4,628,No
C40339,9,679,Yes
C40340,4,549,Yes
C40341,17,606,No
C40342,4,655,Yes
C40343,4,657,Yes
C40344,5,646,Yes
C40345,9,582,Yes
C40346,3,571,No
C40347,7,557,Yes
C40348,11,665,Yes
C40349,4,638,Yes
C40350,10,674,Yes
C40351,14,698,Yes
C40352,6,682,Yes
C40353,10,576,Yes
C40354,6,599,No
C40355,3,668,Yes
C40356,7,571,Yes
C40357,3,552,No
C40358,14,647,Yes
C40359,5,586,Yes
C40360,3,634,Yes
C40361,6,652,Yes
C40362,4,627,Yes
C40363,5,657,Yes
C40364,2,580,Yes
C40365,15,596,Yes
C40366,3,598,No
C40367,9,599,No
C40368,10,641,Yes
C40369,8,639,No
C40370,5,557,Yes
C40371,13,600,Yes
C40372,8,704,Yes
C40373,4,606,Yes
C40374,7,653,Yes
C40375,12,655,Yes
C40376,6,674,Yes
C40377,3,682,Yes
C40378,6,634,No
C40379,4,652,No
C40380,4,676,No
C40381,3,663,Yes
C40382,4,528,Yes
C40383,10,638,Yes
C40384,4,581,Yes
C40385,18,649,No
C40386,9,652,Yes
C40387,5,558,Yes
C40388,3,647,Yes
C40389,3,604,Yes
C40390,3,666,Yes
C40391,23,716,Yes
C40392,12,617,No
C40393,3,648,Yes
C40394,2,675,Yes
C40395,6,702,Yes
C40396,7,729,No
C40397,9,691,Yes
C40398,3,491,Yes
C40399,5,620,No
C40400,12,610,Yes
C40401,8,659,No
C40402,9,627,Yes
C40403,3,620,No
C40404,5,589,Yes
C40405,13,666,Yes
C40406,7,631,No
C40407,3,602,Yes
C40408,3,659,Yes
C40409,9,605,No
C40410,4,608,Yes
C40411,5,565,No
C40412,3,564,Yes
C40413,3,573,Yes
C40414,7,603,No
C40415,2,632,Yes
C40416,7,640,No
C40417,4,520,Yes
C40418,15,635,Yes
C40419,6,667,Yes
C40420,3,648,No
C40421,8,526,Yes
C40422,12,720,Yes
C40423,6,637,Yes
C40424,3,580,Yes
C40425,4,573,Yes
C40426,3,662,No
C40427,5,652,Yes
C40428,4,649,No
C40429,5,610,No
C40430,6,659,No
C40431,7,629,Yes
C40432,11,709,No
C40433,17,713,Yes
C40434,5,573,No
C40435,7,549,Yes
C40436,3,573,No
C40437,4,671,Yes
C40438,8,589,No
C40439,3,608,Yes
C40440,4,594,Yes
C40441,8,597,Yes
C40442,3,566,Yes
C40443,3,664,Yes
C40444,9,647,No
C40445,3,631,No
C40446,12,624,Yes
C40447,14,688,Yes
C40448,8,679,Yes
C40449,4,628,Yes
C40450,7,633,Yes
C40451,5,648,Yes
C40452,9,455,Yes
C40453,8,684,Yes
C40454,10,629,Yes
C40455,4,608,Yes
C40456,4,678,No
C40457,14,680,Yes
C40458,2,579,Yes
C40459,7,539,Yes
C40460,3,688,No
C40461,9,660,Yes
C40462,4,567,Yes
C40463,12,624,No
C40464,3,576,Yes
C40465,2,672,Yes
C40466,8,610,Yes
C40467,5,680,No
C40468,9,727,No
C40469,5,670,Yes
C40470,2,632,Yes
C40471,5,619,Yes
C40472,8,571,Yes
C40473,5,596,Yes
C40474,4,624,Yes
C40475,4,641,Yes
C40476,5,613,Yes
C40477,9,607,Yes
C40478,6,593,Yes
C40479,4,616,Yes
C40480,2,597,Yes
C40481,8,664,Yes
C40482,3,551,Yes
C40483,7,694,No
C40484,11,663,Yes
C40485,3,636,Yes
C40486,12,617,No
C40487,3,708,No
C40488,3,660,No
C40489,7,694,Yes
C40490,7,660,No
C40491,3,635,No
C40492,3,637,Yes
C40493,9,624,Yes
C40494,7,582,Yes
C40495,4,646,Yes
C40496,9,649,No
C40497,3,593,Yes
C40498,3,696,Yes
C40499,9,616,Yes
C40500,4,662,Yes
C40501,5,657,No
C40502,6,608,Yes
C40503,8,704,No
C40504,3,676,No
C40505,4,625,No
C40506,5,510,Yes
C40507,3,669,Yes
C40508,3,649,No
C40509,7,649,No
C40510,4,586,No
C40511,11,690,Yes
C40512,8,576,Yes
C40513,3,671,Yes
C40514,4,640,No
C40515,7,674,No
C40516,4,489,Yes
C40517,4,599,Yes
C40518,7,656,No
C40519,3,560,Yes
C40520,8,550,Yes
C40521,3,556,Yes
C40522,5,712,No
C40523,3,601,Yes
C40524,7,706,No
C40525,4,584,No
C40526,7,688,Yes
C40527,9,629,No
C40528,8,613,Yes
C40529,6,621,Yes
C40530,2,679,Yes
C40531,11,658,No
C40532,7,648,Yes
C40533,10,594,Yes
C40534,4,635,Yes
C40535,2,619,No
C40536,5,593,Yes
C40537,7,618,Yes
C40538,4,628,No
C40539,4,635,Yes
C40540,8,580,Yes
C40541,8,695,Yes
C40542,10,525,Yes
C40543,12,640,Yes
C40544,3,615,No
C40545,6,581,Yes
C40546,3,651,Yes
C40547,3,572,Yes
C40548,4,620,No
C40549,3,632,Yes
C40550,6,707,No
C40551,3,681,Yes
C40552,8,697,No
C40553,4,682,No
C40554,4,518,Yes
C40555,8,660,No
C40556,13,620,Yes
C40557,5,568,No
C40558,4,694,Yes
C40559,8,689,Yes
C40560,7,559,Yes
C40561,3,679,Yes
C40562,5,670,No
C40563,3,617,Yes
C40564,4,577,Yes
C40565,3,571,Yes
C40566,2,573,No
C40567,2,638,Yes
C40568,5,618,No
C40569,9,728,No
C40570,6,610,Yes
C40571,3,605,Yes
C40572,4,621,No
C40573,2,670,No
C40574,4,644,Yes
C40575,3,609,No
C40576,3,676,Yes
C40577,9,711,Yes
C40578,3,570,Yes
C40579,6,569,No
C40580,9,704,No
C40581,3,644,No
C40582,2,591,Yes
C40583,4,583,Yes
C40584,10,597,Yes
C40585,3,686,No
C40586,6,621,Yes
C40587,6,688,No
C40588,6,620,Yes
C40589,3,638,Yes
C40590,4,634,No
C40591,9,679,Yes
C40592,3,569,Yes
C40593,5,608,Yes
C40594,10,718,No
C40595,11,652,Yes
C40596,6,522,Yes
C40597,4,634,Yes
C40598,8,680,No
C40599,4,684,Yes
C40600,10,635,Yes
C40601,9,618,Yes
C40602,8,659,Yes
C40603,4,657,No
C40604,9,643,Yes
C40605,4,586,No
C40606,4,607,No
C40607,8,667,Yes
C40608,3,682,Yes
C40609,5,640,Yes
C40610,8,677,Yes
C40611,3,691,Yes
C40612,4,667,Yes
C40613,6,638,Yes
C40614,3,689,Yes
C40615,3,656,Yes
C40616,6,647,No
C40617,3,618,Yes
C40618,11,578,Yes
C40619,3,570,Yes
C40620,5,683,Yes
C40621,7,564,Yes
C40622,4,637,Yes
C40623,4,619,Yes
C40624,8,728,No
C40625,18,689,No
C40626,7,583,Yes
C40627,5,632,Yes
C40628,10,650,No
C40629,4,587,Yes
C40630,9,498,Yes
C40631,10,665,No
C40632,9,503,Yes
C40633,5,566,Yes
C40634,9,540,Yes
C40635,10,584,Yes
C40636,6,643,Yes
C40637,15,593,Yes
C40638,15,615,Yes
C40639,3,664,No
C40640,4,676,No
C40641,4,659,Yes
C40642,4,631,Yes
C40643,5,674,Yes
C40644,8,642,Yes
C40645,4,612,Yes
C40646,14,706,No
C40647,7,661,No
C40648,6,691,Yes
C40649,11,623,Yes
C40650,5,619,Yes
C40651,4,680,No
C40652,4,669,No
C40653,10,665,Yes
C40654,10,669,Yes
C40655,6,575,No
C40656,6,668,Yes
C40657,3,577,No
C40658,3,626,Yes
C40659,11,646,No
C40660,4,668,Yes
C40661,5,663,Yes
C40662,9,562,Yes
C40663,9,601,No
C40664,13,684,Yes
C40665,6,704,No
C40666,4,644,No
C40667,9,518,Yes
C40668,4,624,No
C40669,10,648,Yes
C40670,3,564,No
C40671,4,624,No
C40672,12,697,Yes
C40673,5,541,No
C40674,3,558,Yes
C40675,4,618,No
C40676,4,589,No
C40677,3,657,No
C40678,7,569,Yes
C40679,3,678,No
C40680,4,684,Yes
C40681,4,646,Yes
C40682,10,580,No
C40683,6,658,No
C40684,4,676,Yes
C40685,4,584,No
C40686,7,695,Yes
C40687,7,636,No
C40688,6,708,No
C40689,4,574,Yes
C40690,9,582,Yes
C40691,9,595,Yes
C40692,6,670,Yes
C40693,2,641,Yes
C40694,6,658,No
C40695,4,688,No
C40696,4,582,Yes
C40697,17,652,Yes
C40698,4,495,Yes
C40699,3,592,Yes
C40700,10,650,No
C40701,3,691,Yes
C40702,8,615,No
C40703,7,627,No
C40704,14,617,Yes
C40705,5,668,Yes
C40706,2,573,Yes
C40707,6,684,Yes
C40708,9,603,Yes
C40709,6,625,No
C40710,10,613,No
C40711,4,550,Yes
C40712,4,542,Yes
C40713,5,646,Yes
C40714,7,685,Yes
C40715,11,563,Yes
C40716,3,591,Yes
C40717,8,571,No
C40718,5,601,Yes
C40719,4,601,No
C40720,4,607,No
C40721,5,709,Yes
C40722,6,710,No
C40723,3,655,Yes
C40724,3,631,No
C40725,3,672,Yes
C40726,7,577,Yes
C40727,4,663,Yes
C40728,4,550,No
C40729,5,685,No
C40730,15,571,No
C40731,8,606,Yes
C40732,7,659,Yes
C40733,4,690,No
C40734,2,692,Yes
C40735,10,645,Yes
C40736,7,665,Yes
C40737,6,509,Yes
C40738,2,554,Yes
C40739,3,492,Yes
C40740,4,662,Yes
C40741,8,641,Yes
C40742,9,512,Yes
C40743,8,672,No
C40744,7,647,No
C40745,6,640,Yes
C40746,4,649,No
C40747,4,521,Yes
C40748,8,686,No
C40749,4,666,Yes
C40750,3,650,No
C40751,10,651,Yes
C40752,3,677,No
C40753,8,685,Yes
C40754,4,632,Yes
C40755,8,573,Yes
C40756,3,620,Yes
C40757,3,669,No
C40758,3,642,No
C40759,3,646,No
C40760,12,595,Yes
C40761,4,630,No
C40762,10,652,Yes
C40763,3,643,Yes
C40764,17,687,No
C40765,14,702,No
C40766,7,723,No
C40767,4,539,Yes
C40768,5,636,Yes
C40769,7,643,No
C40770,3,589,Yes
C40771,4,648,Yes
C40772,6,539,Yes
C40773,4,570,Yes
C40774,7,668,No
C40775,4,648,Yes
C40776,3,581,No
C40777,12,554,Yes
C40778,10,651,Yes
C40779,4,717,No
C40780,6,664,Yes
C40781,8,670,No
C40782,13,684,No
C40783,5,615,No
C40784,9,685,Yes
C40785,5,598,Yes
C40786,16,627,No
C40787,5,668,No
C40788,7,696,Yes
C40789,4,625,Yes
C40790,4,586,Yes
C40791,6,685,Yes
C40792,6,688,No
C40793,15,689,Yes
C40794,4,680,Yes
C40795,5,708,Yes
C40796,3,686,Yes
C40797,3,559,Yes
C40798,4,626,Yes
C40799,16,560,Yes
C40800,5,602,No
C40801,4,539,Yes
C40802,8,644,No
C40803,4,655,Yes
C40804,9,630,No
C40805,5,610,Yes
C40806,4,656,No
C40807,7,693,No
C40808,8,610,Yes
C40809,7,625,Yes
C40810,4,627,Yes
C40811,4,547,Yes
C40812,6,623,Yes
C40813,4,574,Yes
C40814,6,563,Yes
C40815,7,585,Yes
C40816,7,656,Yes
C40817,4,584,Yes
C40818,9,639,Yes
C40819,3,657,No
C40820,3,629,Yes
C40821,14,579,Yes
C40822,10,669,No
C40823,6,545,Yes
C40824,2,548,Yes
C40825,7,696,Yes
C40826,4,553,Yes
C40827,8,628,No
C40828,10,716,Yes
C40829,2,649,Yes
C40830,3,646,No
C40831,2,545,Yes
C40832,3,663,No
C40833,15,704,No
C40834,7,628,No
C40835,9,599,No
C40836,9,572,Yes
C40837,5,674,No
C40838,3,591,Yes
C40839,3,652,No
C40840,7,636,Yes
C40841,7,689,Yes
C40842,4,675,Yes
C40843,8,684,Yes
C40844,7,679,No
C40845,5,578,Yes
C40846,10,669,Yes
C40847,6,590,Yes
C40848,3,568,No
C40849,2,678,No
C40850,4,703,Yes
C40851,5,640,Yes
C40852,10,661,No
C40853,4,608,Yes
C40854,2,670,No
C40855,4,587,No
C40856,4,615,No
C40857,10,685,Yes
C40858,3,579,Yes
C40859,9,638,No
C40860,2,638,No
C40861,4,535,Yes
C40862,4,495,Yes
C40863,7,658,No
C40864,4,602,Yes
C40865,9,693,Yes
C40866,3,622,Yes
C40867,4,661,Yes
C40868,4,569,Yes
C40869,3,706,Yes
C40870,3,648,Yes
C40871,9,602,Yes
C40872,3,613,No
C40873,3,593,Yes
C40874,3,665,No
C40875,9,643,No
C40876,8,636,No
C40877,3,557,Yes
C40878,6,627,Yes
C40879,3,608,Yes
C40880,9,636,No
C40881,3,602,Yes
C40882,2,605,Yes
C40883,3,590,Yes
C40884,3,675,Yes
C40885,4,619,Yes
C40886,7,536,Yes
C40887,15,686,No
C40888,4,627,Yes
C40889,5,716,No
C40890,2,693,Yes
C40891,4,590,Yes
C40892,3,619,Yes
C40893,9,679,No
C40894,12,706,No
C40895,9,618,Yes
C40896,3,684,Yes
C40897,2,653,No
C40898,5,699,No
C40899,3,531,Yes
C40900,4,637,Yes
C40901,8,579,Yes
C40902,10,572,Yes
C40903,6,533,Yes
C40904,9,675,No
C40905,9,568,Yes
C40906,3,622,Yes
C40907,4,444,Yes
C40908,6,648,Yes
C40909,2,611,Yes
C40910,6,675,Yes
C40911,2,662,Yes
C40912,3,587,Yes
C40913,10,645,Yes
C40914,5,568,Yes
C40915,3,572,Yes
C40916,12,694,Yes
C40917,7,700,No
C40918,10,695,No
C40919,5,556,Yes
C40920,10,621,Yes
C40921,7,639,No
C40922,8,588,Yes
C40923,3,650,Yes
C40924,12,558,Yes
C40925,8,641,Yes
C40926,5,603,No
C40927,6,669,Yes
C40928,4,658,No
C40929,4,665,No
C40930,14,702,No
C40931,11,648,No
C40932,4,632,Yes
C40933,4,520,Yes
C40934,11,703,No
C40935,3,636,No
C40936,5,681,Yes
C40937,4,652,Yes
C40938,6,693,No
C40939,8,650,Yes
C40940,2,689,Yes
C40941,2,631,Yes
C40942,4,690,No
C40943,5,714,No
C40944,7,637,Yes
C40945,5,664,Yes
C40946,4,652,Yes
C40947,7,683,Yes
C40948,3,612,Yes
C40949,6,656,Yes
C40950,3,651,No
C40951,3,650,Yes
C40952,7,677,No
C40953,2,591,Yes
C40954,9,661,Yes
C40955,7,675,No
C40956,4,618,Yes
C40957,5,644,Yes
C40958,12,544,Yes
C40959,12,599,Yes
C40960,10,688,No
C40961,3,642,No
C40962,7,618,Yes
C40963,6,688,No
C40964,11,704,No
C40965,10,722,Yes
C40966,3,585,Yes
C40967,8,565,Yes
C40968,7,589,Yes
C40969,11,627,No
C40970,5,706,Yes
C40971,4,627,Yes
C40972,5,668,No
C40973,4,631,Yes
C40974,3,621,Yes
C40975,29,721,No
C40976,3,594,Yes
C40977,9,661,No
C40978,4,686,Yes
C40979,3,691,No
C40980,7,658,Yes
C40981,13,555,Yes
C40982,3,657,Yes
C40983,5,656,Yes
C40984,5,572,Yes
C40985,9,615,Yes
C40986,4,682,Yes
C40987,5,648,Yes
C40988,4,674,Yes
C40989,4,634,Yes
C40990,3,674,No
C40991,4,676,Yes
C40992,4,583,Yes
C40993,5,612,Yes
C40994,9,707,No
C40995,3,673,No
C40996,3,669,Yes
C40997,5,537,Yes
C40998,5,659,Yes
C40999,4,687,Yes
C41000,12,629,Yes
C41001,4,556,Yes
C41002,12,695,Yes
C41003,7,649,No
C41004,3,596,Yes
C41005,3,645,Yes
C41006,14,696,Yes
C41007,3,651,Yes
C41008,4,681,Yes
C41009,4,617,Yes
C41010,4,598,No
C41011,2,670,No
C41012,3,673,Yes
C41013,4,550,Yes
C41014,4,552,Yes
C41015,10,710,No
C41016,4,503,Yes
C41017,9,602,Yes
C41018,12,595,Yes
C41019,3,622,Yes
C41020,6,657,Yes
C41021,5,650,No
C41022,9,664,Yes
C41023,5,620,No
C41024,4,698,Yes
C41025,4,527,Yes
C41026,9,675,Yes
C41027,8,583,Yes
C41028,6,617,Yes
C41029,7,578,Yes
C41030,7,618,Yes
C41031,3,648,Yes
C41032,3,674,Yes
C41033,8,563,Yes
C41034,4,667,Yes
C41035,4,679,Yes
C41036,4,636,No
C41037,5,561,Yes
C41038,4,676,Yes
C41039,4,522,Yes
C41040,6,683,No
C41041,9,601,No
C41042,9,538,Yes
C41043,3,606,No
C41044,4,548,Yes
C41045,9,608,Yes
C41046,3,625,Yes
C41047,6,675,Yes
C41048,12,615,Yes
C41049,17,480,Yes
C41050,8,588,Yes
C41051,4,600,Yes
C41052,9,674,No
C41053,17,711,No
C41054,4,669,No
C41055,6,707,No
C41056,9,704,Yes
C41057,4,666,Yes
C41058,2,623,Yes
C41059,3,614,Yes
C41060,9,694,Yes
C41061,8,633,No
C41062,7,554,Yes
C41063,10,660,Yes
C41064,8,592,Yes
C41065,5,645,No
C41066,12,686,Yes
C41067,4,599,No
C41068,5,702,No
C41069,11,608,Yes
C41070,10,614,Yes
C41071,14,601,Yes
C41072,11,711,No
C41073,14,677,No
C41074,4,688,Yes
C41075,5,683,Yes
C41076,5,580,Yes
C41077,7,490,Yes
C41078,6,697,Yes
C41079,4,634,No
C41080,7,676,No
C41081,3,643,No
C41082,4,544,No
C41083,4,574,Yes
C41084,8,648,Yes
C41085,5,585,Yes
C41086,8,657,Yes
C41087,3,627,No
C41088,2,573,Yes
C41089,16,687,Yes
C41090,2,620,Yes
C41091,4,731,No
C41092,5,674,No
C41093,5,656,No
C41094,12,712,No
C41095,3,640,Yes
C41096,7,720,No
C41097,5,631,Yes
C41098,3,642,No
C41099,4,593,Yes
C41100,4,671,Yes
C41101,6,602,No
C41102,5,643,No
C41103,6,660,Yes
C41104,4,651,Yes
C41105,7,623,Yes
C41106,18,651,No
C41107,5,654,Yes
C41108,4,600,Yes
C41109,4,668,Yes
C41110,3,619,Yes
C41111,14,720,Yes
C41112,6,647,No
C41113,8,623,Yes
C41114,2,646,Yes
C41115,4,601,Yes
C41116,10,606,Yes
C41117,8,647,No
C41118,2,582,Yes
C41119,3,592,No
C41120,10,679,No
C41121,3,629,Yes
C41122,3,530,Yes
C41123,5,569,Yes
C41124,2,619,Yes
C41125,10,591,No
C41126,3,664,Yes
C41127,6,613,No
C41128,4,697,Yes
C41129,4,649,Yes
C41130,8,694,No
C41131,6,662,Yes
C41132,3,654,Yes
C41133,8,586,No
C41134,4,680,Yes
C41135,8,619,Yes
C41136,12,652,Yes
C41137,3,678,Yes
C41138,8,605,Yes
C41139,8,674,Yes
C41140,8,517,Yes
C41141,4,637,Yes
C41142,8,656,Yes
C41143,3,619,Yes
C41144,3,616,Yes
C41145,9,609,Yes
C41146,13,507,Yes
C41147,12,690,Yes
C41148,4,667,Yes
C41149,9,692,No
C41150,3,659,No
C41151,10,646,No
C41152,5,608,Yes
C41153,8,683,Yes
C41154,5,657,Yes
C41155,4,554,Yes
C41156,4,651,Yes
C41157,4,646,Yes
C41158,9,737,No
C41159,3,673,Yes
C41160,4,640,No
C41161,4,617,Yes
C41162,2,547,Yes
C41163,17,747,No
C41164,5,694,No
C41165,10,648,Yes
C41166,8,623,No
C41167,16,594,Yes
C41168,3,627,Yes
C41169,4,672,No
C41170,6,646,Yes
C41171,3,711,No
C41172,7,639,Yes
C41173,4,605,Yes
C41174,4,653,No
C41175,9,619,No
C41176,10,678,Yes
C41177,17,622,No
C41178,4,657,No
C41179,3,574,No
C41180,6,633,No
C41181,3,641,Yes
C41182,3,611,Yes
C41183,3,513,Yes
C41184,6,640,Yes
C41185,6,648,No
C41186,4,674,Yes
C41187,17,679,Yes
C41188,7,582,No
C41189,7,618,Yes
C41190,6,575,Yes
C41191,2,659,No
C41192,5,557,Yes
C41193,8,681,Yes
C41194,3,643,No
C41195,4,653,Yes
C41196,3,577,Yes
C41197,4,648,No
C41198,2,617,Yes
C41199,4,681,Yes
C41200,12,599,Yes
C41201,5,628,Yes
C41202,7,676,No
C41203,10,652,Yes
C41204,6,572,Yes
C41205,14,683,Yes
C41206,5,710,No
C41207,8,588,Yes
C41208,4,649,Yes
C41209,5,658,No
C41210,4,624,No
C41211,3,694,No
C41212,8,661,No
C41213,14,687,No
C41214,8,593,Yes
C41215,17,558,No
C41216,8,606,Yes
C41217,4,632,Yes
C41218,4,647,Yes
C41219,4,673,No
C41220,3,597,No
C41221,5,610,Yes
C41222,4,722,No
C41223,6,641,Yes
C41224,5,636,Yes
C41225,5,647,Yes
C41226,6,642,Yes
C41227,3,623,Yes
C41228,4,642,No
C41229,3,659,Yes
C41230,5,683,Yes
C41231,17,676,Yes
C41232,3,630,Yes
C41233,4,698,Yes
C41234,4,645,No
C41235,5,682,No
C41236,4,678,No
C41237,3,596,Yes
C41238,9,650,No
C41239,3,697,Yes
C41240,4,688,Yes
C41241,2,564,Yes
C41242,17,659,Yes
C41243,6,660,No
C41244,10,601,Yes
C41245,8,701,Yes
C41246,9,601,Yes
C41247,3,680,Yes
C41248,10,679,Yes
C41249,7,501,Yes
C41250,15,658,No
C41251,3,679,Yes
C41252,14,643,Yes
C41253,9,698,No
C41254,4,629,No
C41255,3,522,Yes
C41256,3,604,Yes
C41257,6,585,Yes
C41258,5,572,Yes
C41259,10,712,No
C41260,3,639,Yes
C41261,3,580,Yes
C41262,19,716,Yes
C41263,5,593,Yes
C41264,7,637,Yes
C41265,3,673,Yes
C41266,5,644,No
C41267,4,598,No
C41268,8,671,Yes
C41269,7,618,No
C41270,2,662,No
C41271,3,631,Yes
C41272,4,599,Yes
C41273,3,532,Yes
C41274,9,656,No
C41275,3,722,Yes
C41276,3,569,No
C41277,9,670,Yes
C41278,5,653,No
C41279,7,689,Yes
C41280,3,576,Yes
C41281,17,521,Yes
C41282,4,698,Yes
C41283,10,637,Yes
C41284,14,660,Yes
C41285,6,634,Yes
C41286,4,626,Yes
C41287,3,620,No
C41288,5,699,No
C41289,18,655,Yes
C41290,2,668,No
C41291,3,663,No
C41292,3,663,Yes
C41293,8,607,Yes
C41294,4,617,Yes
C41295,5,625,Yes
C41296,3,665,Yes
C41297,7,685,Yes
C41298,4,672,Yes
C41299,4,605,Yes
C41300,8,647,Yes
C41301,5,569,Yes
C41302,4,503,Yes
C41303,16,694,No
C41304,6,658,No
C41305,4,598,Yes
C41306,4,652,Yes
C41307,4,614,Yes
C41308,6,526,Yes
C41309,8,644,Yes
C41310,4,667,No
C41311,5,603,Yes
C41312,5,675,No
C41313,4,605,Yes
C41314,4,585,Yes
C41315,3,537,Yes
C41316,4,642,No
C41317,10,695,No
C41318,4,649,Yes
C41319,7,610,Yes
C41320,13,716,No
C41321,3,637,No
C41322,4,667,No
C41323,3,552,Yes
C41324,4,572,Yes
C41325,4,617,No
C41326,7,598,Yes
C41327,3,600,No
C41328,6,645,Yes
C41329,3,660,No
C41330,7,584,Yes
C41331,4,654,Yes
C41332,3,500,Yes
C41333,10,682,Yes
C41334,8,603,No
C41335,3,653,Yes
C41336,3,661,Yes
C41337,5,715,No
C41338,3,648,Yes
C41339,2,631,Yes
C41340,3,616,Yes
C41341,5,686,No
C41342,10,660,Yes
C41343,6,624,Yes
C41344,3,675,Yes
C41345,8,640,Yes
C41346,6,694,Yes
C41347,10,675,Yes
C41348,5,665,Yes
C41349,9,720,No
C41350,8,660,Yes
C41351,4,522,Yes
C41352,8,630,Yes
C41353,6,691,No
C41354,6,614,Yes
C41355,6,622,No
C41356,6,646,Yes
C41357,5,610,Yes
C41358,5,665,Yes
C41359,11,708,Yes
C41360,8,622,Yes
C41361,10,595,No
C41362,14,626,No
C41363,8,645,Yes
C41364,8,671,Yes
C41365,6,678,No
C41366,8,616,Yes
C41367,2,634,Yes
C41368,11,599,Yes
C41369,8,595,No
C41370,2,538,No
C41371,11,663,Yes
C41372,5,528,Yes
C41373,6,700,Yes
C41374,4,599,Yes
C41375,13,668,Yes
C41376,19,741,No
C41377,3,589,Yes
C41378,10,696,No
C41379,3,596,Yes
C41380,4,578,Yes
C41381,14,658,Yes
C41382,13,630,Yes
C41383,8,596,Yes
C41384,4,678,Yes
C41385,4,523,Yes
C41386,8,667,Yes
C41387,3,602,Yes
C41388,3,548,Yes
C41389,2,635,Yes
C41390,6,654,Yes
C41391,3,656,Yes
C41392,8,678,Yes
C41393,4,667,No
C41394,8,627,No
C41395,19,730,Yes
C41396,4,676,Yes
C41397,13,677,Yes
C41398,5,594,Yes
C41399,4,680,Yes
C41400,5,570,Yes
C41401,10,676,Yes
C41402,5,691,No
C41403,4,711,Yes
C41404,2,513,Yes
C41405,15,699,Yes
C41406,7,686,Yes
C41407,4,610,Yes
C41408,5,556,Yes
C41409,9,544,No
C41410,2,707,No
C41411,7,658,Yes
C41412,6,704,No
C41413,4,678,Yes
C41414,4,608,Yes
C41415,11,700,Yes
C41416,2,633,No
C41417,9,655,Yes
C41418,8,651,No
C41419,10,701,Yes
C41420,2,593,No
C41421,12,649,No
C41422,3,617,Yes
C41423,5,599,Yes
C41424,4,671,Yes
C41425,13,618,Yes
C41426,7,655,No
C41427,6,633,No
C41428,4,568,Yes
C41429,5,596,No
C41430,4,604,Yes
C41431,7,612,No
C41432,6,682,No
C41433,7,618,Yes
C41434,6,677,Yes
C41435,2,664,No
C41436,7,594,Yes
C41437,10,645,No
C41438,4,589,No
C41439,7,602,Yes
C41440,3,660,Yes
C41441,4,718,Yes
C41442,15,645,Yes
C41443,6,661,Yes
C41444,3,631,Yes
C41445,3,660,No
C41446,4,647,Yes
C41447,3,645,Yes
C41448,10,607,Yes
C41449,8,639,No
C41450,6,646,Yes
C41451,3,606,Yes
C41452,6,637,No
C41453,8,691,No
C41454,5,669,No
C41455,5,680,No
C41456,3,625,No
C41457,4,625,Yes
C41458,6,666,No
C41459,5,649,Yes
C41460,4,486,Yes
C41461,8,687,No
C41462,8,608,No
C41463,7,602,Yes
C41464,7,615,Yes
C41465,4,611,Yes
C41466,7,624,Yes
C41467,4,672,No
C41468,6,623,Yes
C41469,6,613,No
C41470,8,726,No
C41471,8,659,Yes
C41472,6,612,No
C41473,6,650,Yes
C41474,4,581,Yes
C41475,6,644,Yes
C41476,4,605,Yes
C41477,9,623,Yes
C41478,3,686,Yes
C41479,4,544,Yes
C41480,3,569,Yes
C41481,4,625,Yes
C41482,13,574,Yes
C41483,4,696,Yes
C41484,7,671,No
C41485,4,622,Yes
C41486,10,611,Yes
C41487,3,499,Yes
C41488,9,693,Yes
C41489,4,598,Yes
C41490,5,678,No
C41491,17,688,No
C41492,3,689,No
C41493,12,645,No
C41494,3,618,Yes
C41495,3,670,No
C41496,13,613,Yes
C41497,3,532,Yes
C41498,4,561,Yes
C41499,4,667,No
C41500,7,609,Yes
C41501,13,595,No
C41502,4,685,No
C41503,5,676,Yes
C41504,3,642,No
C41505,13,668,Yes
C41506,9,665,Yes
C41507,11,577,Yes
C41508,4,644,No
C41509,4,584,Yes
C41510,4,649,No
C41511,4,618,No
C41512,4,646,Yes
C41513,8,653,Yes
C41514,3,617,No
C41515,8,647,No
C41516,10,607,Yes
C41517,8,674,No
C41518,5,557,Yes
C41519,8,662,Yes
C41520,4,630,Yes
C41521,3,544,Yes
C41522,6,662,Yes
C41523,3,556,Yes
C41524,9,630,No
C41525,9,651,No
C41526,3,697,No
C41527,4,643,Yes
C41528,4,641,Yes
C41529,16,635,Yes
C41530,2,603,No
C41531,3,698,Yes
C41532,6,649,Yes
C41533,7,678,No
C41534,6,570,Yes
C41535,6,639,Yes
C41536,4,540,Yes
C41537,4,591,No
C41538,8,704,No
C41539,4,667,No
C41540,3,620,Yes
C41541,3,597,No
C41542,9,649,Yes
C41543,3,653,No
C41544,7,685,No
C41545,8,597,Yes
C41546,3,671,No
C41547,13,660,Yes
C41548,6,659,Yes
C41549,9,656,Yes
C41550,5,652,Yes
C41551,13,553,Yes
C41552,4,497,Yes
C41553,3,571,Yes
C41554,2,588,Yes
C41555,10,592,Yes
C41556,4,523,Yes
C41557,15,615,Yes
C41558,10,730,No
C41559,3,611,Yes
C41560,4,592,Yes
C41561,5,570,Yes
C41562,7,607,No
C41563,13,689,Yes
C41564,9,624,No
C41565,3,661,Yes
C41566,4,638,Yes
C41567,3,676,Yes
C41568,3,711,No
C41569,9,561,Yes
C41570,6,581,Yes
C41571,5,626,No
C41572,6,690,No
C41573,4,642,No
C41574,6,650,No
C41575,6,655,No
C41576,16,719,No
C41577,7,603,Yes
C41578,4,625,No
C41579,7,705,No
C41580,10,630,Yes
C41581,4,643,No
C41582,3,695,No
C41583,10,619,Yes
C41584,4,585,Yes
C41585,3,659,Yes
C41586,3,580,No
C41587,5,705,Yes
C41588,15,635,No
C41589,3,571,No
C41590,5,631,Yes
C41591,4,467,Yes
C41592,2,662,Yes
C41593,2,635,No
C41594,4,516,Yes
C41595,6,646,Yes
C41596,4,629,Yes
C41597,4,678,No
C41598,8,562,Yes
C41599,5,590,No
C41600,9,669,No
C41601,7,564,Yes
C41602,11,684,No
C41603,3,606,Yes
C41604,12,680,No
C41605,4,590,Yes
C41606,6,635,Yes
C41607,3,598,Yes
C41608,7,609,Yes
C41609,12,655,No
C41610,7,556,No
C41611,4,661,No
C41612,5,703,No
C41613,10,601,No
C41614,8,633,Yes
C41615,9,597,Yes
C41616,9,645,Yes
C41617,3,587,Yes
C41618,3,670,Yes
C41619,4,667,Yes
C41620,7,658,Yes
C41621,4,677,No
C41622,8,637,Yes
C41623,9,563,Yes
C41624,4,613,Yes
C41625,7,730,No
C41626,6,661,Yes
C41627,6,535,Yes
C41628,4,710,No
C41629,9,610,Yes
C41630,6,481,Yes
C41631,7,643,Yes
C41632,6,610,Yes
C41633,4,656,Yes
C41634,17,673,Yes
C41635,3,644,No
C41636,3,549,Yes
C41637,6,668,No
C41638,4,662,Yes
C41639,10,661,No
C41640,4,646,Yes
C41641,4,708,No
C41642,5,552,Yes
C41643,7,579,Yes
C41644,6,597,Yes
C41645,4,678,No
C41646,6,622,Yes
C41647,8,679,Yes
C41648,9,686,No
C41649,4,624,Yes
C41650,4,681,Yes
C41651,3,677,No
C41652,11,549,Yes
C41653,6,656,No
C41654,6,609,Yes
C41655,3,546,Yes
C41656,3,681,Yes
C41657,8,624,Yes
C41658,14,504,Yes
C41659,4,652,Yes
C41660,3,586,Yes
C41661,3,622,Yes
C41662,4,617,Yes
C41663,3,625,No
C41664,5,667,Yes
C41665,2,572,Yes
C41666,15,671,Yes
C41667,15,518,Yes
C41668,3,634,Yes
C41669,5,706,Yes
C41670,3,622,Yes
C41671,5,640,Yes
C41672,9,647,No
C41673,6,666,Yes
C41674,3,630,Yes
C41675,4,482,Yes
C41676,17,633,Yes
C41677,2,616,Yes
C41678,5,667,No
C41679,10,712,No
C41680,4,712,Yes
C41681,2,572,Yes
C41682,4,676,Yes
C41683,12,660,Yes
C41684,11,665,Yes
C41685,12,530,Yes
C41686,8,647,Yes
C41687,8,615,Yes
C41688,12,692,No
C41689,3,700,Yes
C41690,8,668,No
C41691,3,647,Yes
C41692,14,595,Yes
C41693,4,678,Yes
C41694,7,571,Yes
C41695,10,642,Yes
C41696,6,680,No
C41697,6,588,Yes
C41698,8,605,Yes
C41699,7,612,Yes
C41700,9,528,Yes
C41701,6,685,No
C41702,8,538,Yes
C41703,5,648,No
C41704,7,595,Yes
C41705,6,666,Yes
C41706,3,696,No
C41707,9,610,Yes
C41708,3,656,Yes
C41709,3,654,No
C41710,4,560,No
C41711,6,659,Yes
C41712,3,612,Yes
C41713,3,636,Yes
C41714,8,689,Yes
C41715,7,647,Yes
C41716,4,640,No
C41717,3,642,No
C41718,4,596,No
C41719,12,664,Yes
C41720,3,626,No
C41721,3,651,Yes
C41722,9,542,Yes
C41723,3,570,Yes
C41724,4,673,No
C41725,3,624,Yes
C41726,11,684,No
C41727,2,669,No
C41728,2,668,Yes
C41729,11,619,Yes
C41730,6,649,Yes
C41731,10,698,No
C41732,7,568,Yes
C41733,14,610,No
C41734,4,620,No
C41735,3,520,Yes
C41736,4,549,Yes
C41737,4,647,No
C41738,10,691,Yes
C41739,4,686,No
C41740,4,675,Yes
C41741,7,689,No
C41742,4,588,Yes
C41743,3,611,Yes
C41744,9,672,Yes
C41745,5,697,Yes
C41746,4,614,Yes
C41747,5,557,Yes
C41748,4,640,Yes
C41749,3,668,Yes
C41750,4,514,Yes
C41751,9,621,No
C41752,10,555,Yes
C41753,6,649,Yes
C41754,4,594,Yes
C41755,10,575,Yes
C41756,3,627,No
C41757,4,593,Yes
C41758,4,565,No
C41759,13,545,Yes
C41760,4,605,Yes
C41761,13,639,No
C41762,5,636,Yes
C41763,3,584,Yes
C41764,5,610,Yes
C41765,3,703,Yes
C41766,3,585,No
C41767,9,648,Yes
C41768,9,610,Yes
C41769,4,665,Yes
C41770,7,695,No
C41771,12,689,No
C41772,4,630,Yes
C41773,3,625,Yes
C41774,6,549,Yes
C41775,10,697,Yes
C41776,3,441,Yes
C41777,6,516,Yes
C41778,3,690,No
C41779,14,603,Yes
C41780,3,684,No
C41781,8,714,Yes
C41782,8,651,Yes
C41783,4,687,No
C41784,5,668,Yes
C41785,8,634,Yes
C41786,3,611,No
C41787,11,675,Yes
C41788,14,683,No
C41789,4,665,No
C41790,3,588,No
C41791,3,655,No
C41792,4,622,Yes
C41793,2,595,Yes
C41794,3,630,No
C41795,4,561,Yes
C41796,10,725,Yes
C41797,13,694,Yes
C41798,6,576,Yes
C41799,4,692,Yes
C41800,4,580,Yes
C41801,6,624,Yes
C41802,7,684,No
C41803,2,662,No
C41804,3,476,Yes
C41805,2,611,No
C41806,5,614,No
C41807,3,630,Yes
C41808,14,592,Yes
C41809,3,634,Yes
C41810,5,694,No
C41811,7,669,No
C41812,3,624,Yes
C41813,14,604,No
C41814,3,590,Yes
C41815,8,680,No
C41816,2,650,Yes
C41817,4,553,Yes
C41818,5,552,Yes
C41819,7,718,No
C41820,12,683,Yes
C41821,3,697,Yes
C41822,9,693,Yes
C41823,6,669,No
C41824,7,627,No
C41825,4,631,No
C41826,10,665,No
C41827,15,683,No
C41828,5,640,No
C41829,3,604,No
C41830,4,697,Yes
C41831,7,638,No
C41832,4,657,Yes
C41833,3,538,Yes
C41834,3,617,No
C41835,8,679,No
C41836,3,599,No
C41837,3,669,No
C41838,9,683,No
C41839,10,733,No
C41840,3,630,No
C41841,4,630,Yes
C41842,7,660,Yes
C41843,3,682,Yes
C41844,4,605,Yes
C41845,3,598,Yes
C41846,6,531,Yes
C41847,8,659,Yes
C41848,3,685,Yes
C41849,8,634,No
C41850,7,504,Yes
C41851,10,691,Yes
C41852,10,591,Yes
C41853,4,618,Yes
C41854,5,540,No
C41855,3,633,No
C41856,13,637,No
C41857,3,652,No
C41858,7,680,Yes
C41859,9,687,Yes
C41860,3,634,No
C41861,6,669,No
C41862,3,657,Yes
C41863,4,636,No
C41864,5,642,Yes
C41865,9,731,No
C41866,17,630,No
C41867,11,607,No
C41868,2,686,No
C41869,4,702,No
C41870,4,494,Yes
C41871,3,528,Yes
C41872,9,634,Yes
C41873,8,618,Yes
C41874,8,664,Yes
C41875,10,604,No
C41876,5,662,Yes
C41877,4,617,Yes
C41878,2,608,Yes
C41879,10,601,Yes
C41880,3,543,No
C41881,9,680,No
C41882,3,679,No
C41883,2,636,Yes
C41884,9,572,Yes
C41885,5,671,No
C41886,9,652,No
C41887,3,675,Yes
C41888,4,606,Yes
C41889,9,637,Yes
C41890,6,564,Yes
C41891,3,694,No
C41892,9,562,Yes
C41893,4,651,Yes
C41894,8,550,Yes
C41895,2,662,Yes
C41896,8,609,Yes
C41897,4,566,Yes
C41898,7,615,Yes
C41899,5,648,Yes
C41900,5,675,Yes
C41901,7,677,Yes
C41902,4,668,No
C41903,4,679,No
C41904,5,680,Yes
C41905,6,604,No
C41906,7,709,Yes
C41907,13,704,No
C41908,3,659,Yes
C41909,3,593,Yes
C41910,6,652,No
C41911,3,681,Yes
C41912,4,642,No
C41913,7,609,Yes
C41914,3,595,No
C41915,11,681,No
C41916,6,678,No
C41917,12,628,No
C41918,3,469,Yes
C41919,5,626,No
C41920,3,666,Yes
C41921,7,651,Yes
C41922,4,565,Yes
C41923,4,675,Yes
C41924,7,694,Yes
C41925,5,641,Yes
C41926,4,593,Yes
C41927,4,629,Yes
C41928,6,600,Yes
C41929,4,602,Yes
C41930,4,629,No
C41931,3,498,Yes
C41932,7,679,Yes
C41933,3,675,No
C41934,3,707,No
C41935,5,651,Yes
C41936,11,514,Yes
C41937,3,693,No
C41938,2,674,No
C41939,4,594,No
C41940,3,602,Yes
C41941,4,607,Yes
C41942,12,677,No
C41943,4,610,Yes
C41944,8,637,No
C41945,8,686,Yes
C41946,10,711,No
C41947,13,532,Yes
C41948,3,651,Yes
C41949,3,601,Yes
C41950,7,696,No
C41951,4,662,No
C41952,4,664,Yes
C41953,4,541,Yes
C41954,8,615,Yes
C41955,5,701,No
C41956,8,647,Yes
C41957,3,673,Yes
C41958,6,693,No
C41959,7,669,No
C41960,4,708,Yes
C41961,3,643,No
C41962,3,525,Yes
C41963,6,689,No
C41964,6,673,No
C41965,6,621,Yes
C41966,5,656,Yes
C41967,3,687,Yes
C41968,12,679,No
C41969,10,665,No
C41970,3,669,Yes
C41971,4,666,Yes
C41972,11,596,Yes
C41973,10,574,Yes
C41974,5,666,Yes
C41975,11,594,No
C41976,6,679,Yes
C41977,5,528,Yes
C41978,3,594,Yes
C41979,9,521,Yes
C41980,15,659,No
C41981,3,632,Yes
C41982,12,623,Yes
C41983,9,648,No
C41984,9,659,No
C41985,10,650,No
C41986,5,666,Yes
C41987,6,702,No
C41988,4,553,Yes
C41989,8,587,Yes
C41990,4,662,Yes
C41991,4,656,Yes
C41992,13,636,No
C41993,5,594,Yes
C41994,4,589,Yes
C41995,4,630,No
C41996,5,577,Yes
C41997,2,600,No
C41998,8,732,Yes
C41999,6,660,No
C42000,6,604,Yes
C42001,8,678,Yes
C42002,6,615,Yes
C42003,3,684,No
C42004,11,675,No
C42005,4,676,No
C42006,6,607,Yes
C42007,10,505,No
C42008,4,699,Yes
C42009,5,606,No
C42010,10,630,No
C42011,4,634,Yes
C42012,5,657,Yes
C42013,16,668,Yes
C42014,8,601,Yes
C42015,12,671,Yes
C42016,3,655,Yes
C42017,8,661,Yes
C42018,6,727,No
C42019,10,661,Yes
C42020,13,637,Yes
C42021,9,694,No
C42022,5,678,No
C42023,2,609,Yes
C42024,4,609,Yes
C42025,10,658,No
C42026,4,554,Yes
C42027,6,615,No
C42028,3,657,No
C42029,17,649,Yes
C42030,3,647,Yes
C42031,4,692,No
C42032,8,593,No
C42033,10,560,Yes
C42034,6,664,Yes
C42035,5,585,Yes
C42036,9,506,Yes
C42037,5,623,Yes
C42038,5,625,No
C42039,4,678,Yes
C42040,4,667,No
C42041,8,648,No
C42042,10,628,No
C42043,4,531,Yes
C42044,3,567,No
C42045,11,655,Yes
C42046,4,619,Yes
C42047,4,632,Yes
C42048,3,661,No
C42049,7,631,Yes
C42050,3,670,Yes
C42051,7,682,Yes
C42052,2,703,No
C42053,7,614,Yes
C42054,7,477,Yes
C42055,3,655,Yes
C42056,6,586,Yes
C42057,11,504,Yes
C42058,9,638,Yes
C42059,3,647,Yes
C42060,3,515,Yes
C42061,14,671,No
C42062,6,593,Yes
C42063,7,611,No
C42064,3,620,Yes
C42065,10,633,No
C42066,4,641,No
C42067,3,637,Yes
C42068,3,573,No
C42069,7,617,Yes
C42070,6,637,No
C42071,3,512,Yes
C42072,4,552,Yes
C42073,6,584,No
C42074,4,605,No
C42075,4,618,Yes
C42076,7,646,No
C42077,4,510,Yes
C42078,10,660,Yes
C42079,4,644,Yes
C42080,6,580,Yes
C42081,5,661,Yes
C42082,15,692,No
C42083,5,653,No
C42084,3,631,Yes
C42085,5,627,Yes
C42086,9,618,No
C42087,2,644,Yes
C42088,6,597,No
C42089,3,558,Yes
C42090,3,600,Yes
C42091,6,663,Yes
C42092,8,628,No
C42093,8,548,Yes
C42094,5,628,No
C42095,4,664,Yes
C42096,3,712,Yes
C42097,7,681,Yes
C42098,9,648,Yes
C42099,4,509,Yes
C42100,4,648,No
C42101,8,593,Yes
C42102,5,611,Yes
C42103,6,526,Yes
C42104,9,609,Yes
C42105,3,625,Yes
C42106,12,690,Yes
C42107,6,631,Yes
C42108,4,550,Yes
C42109,3,556,No
C42110,3,587,No
C42111,4,572,No
C42112,7,728,No
C42113,5,602,No
C42114,5,680,No
C42115,3,614,No
C42116,4,666,No
C42117,4,621,No
C42118,4,682,No
C42119,7,664,No
C42120,7,527,No
C42121,3,666,No
C42122,14,634,No
C42123,4,656,No
C42124,8,725,No
C42125,7,655,No
C42126,3,643,No
C42127,4,661,No
C42128,3,582,No
C42129,3,678,No
C42130,3,633,No
C42131,4,673,No
C42132,2,624,No
C42133,10,611,No
C42134,6,685,No
C42135,8,707,No
C42136,4,611,No
C42137,6,678,No
C42138,3,641,No
C42139,7,664,No
C42140,7,598,No
C42141,3,676,No
C42142,7,614,No
C42143,3,602,No
C42144,7,591,No
C42145,3,687,No
C42146,6,642,No
C42147,3,622,No
C42148,3,649,No
C42149,5,668,No
C42150,9,547,No
C42151,4,584,No
C42152,8,663,No
C42153,2,655,No
C42154,3,642,No
C42155,15,707,No
C42156,3,651,No
C42157,8,613,No
C42158,3,637,No
C42159,2,686,No
C42160,3,661,No
C42161,4,675,No
C42162,9,723,No
C42163,11,627,No
C42164,3,619,No
C42165,3,611,No
C42166,6,627,No
C42167,2,610,No
C42168,8,666,No
C42169,8,626,No
C42170,10,604,No
C42171,8,691,No
C42172,4,656,No
C42173,7,654,No
C42174,4,588,No
C42175,12,633,No
C42176,3,648,No
C42177,6,591,No
C42178,3,687,No
C42179,3,559,No
C42180,4,656,No
C42181,11,667,No
C42182,4,606,No
C42183,4,701,No
C42184,10,625,No
C42185,5,681,No
C42186,4,651,No
C42187,6,571,No
C42188,9,543,No
C42189,4,646,No
C42190,3,629,No
C42191,7,687,No
C42192,4,663,No
C42193,8,615,No
C42194,9,689,No
C42195,11,545,No
C42196,7,543,No
C42197,7,560,No
C42198,4,546,No
C42199,4,564,No
C42200,6,657,No
C42201,2,522,No
C42202,10,662,No
C42203,4,637,No
C42204,7,654,No
C42205,11,610,No
C42206,3,614,No
C42207,9,585,No
C42208,2,617,No
C42209,8,623,No
C42210,3,676,No
C42211,5,634,No
C42212,4,614,No
C42213,7,619,No
C42214,7,690,No
C42215,4,681,No
C42216,4,477,No
C42217,3,655,No
C42218,4,572,No
C42219,13,601,No
C42220,3,661,No
C42221,6,601,No
C42222,8,614,No
C42223,7,500,No
C42224,4,639,No
C42225,8,621,No
C42226,9,713,No
C42227,2,560,No
C42228,11,594,No
C42229,5,715,No
C42230,7,655,No
C42231,6,669,No
C42232,4,589,No
C42233,5,645,No
C42234,8,632,No
C42235,5,653,No
C42236,8,614,No
C42237,11,569,No
C42238,9,689,No
C42239,8,719,No
C42240,3,656,No
C42241,4,533,No
C42242,4,679,No
C42243,7,666,No
C42244,5,612,No
C42245,7,637,No
C42246,5,596,No
C42247,4,480,No
C42248,5,661,No
C42249,5,698,No
C42250,2,633,No
C42251,4,575,No
C42252,6,660,No
C42253,3,629,No
C42254,2,661,No
C42255,10,585,No
C42256,4,699,No
C42257,7,682,No
C42258,4,685,No
C42259,5,631,No
C42260,8,671,No
C42261,6,601,No
C42262,2,661,No
C42263,10,650,No
C42264,4,523,No
C42265,6,615,No
C42266,6,669,No
C42267,10,705,No
C42268,4,567,No
C42269,10,710,No
C42270,6,617,No
C42271,4,633,No
C42272,4,649,No
C42273,9,618,No
C42274,5,683,No
C42275,11,592,No
C42276,7,589,No
C42277,9,637,No
C42278,7,587,No
C42279,9,494,No
C42280,5,643,No
C42281,14,657,No
C42282,5,564,No
C42283,5,657,No
C42284,9,584,No
C42285,23,693,No
C42286,16,678,No
C42287,2,538,No
C42288,3,667,No
C42289,4,672,No
C42290,4,559,No
C42291,3,648,No
C42292,3,644,No
C42293,3,653,No
C42294,5,573,No
C42295,8,660,No
C42296,14,615,No
C42297,5,677,No
C42298,4,566,No
C42299,8,650,No
C42300,3,582,No
C42301,5,637,No
C42302,6,628,No
C42303,4,659,No
C42304,4,576,No
C42305,8,726,No
C42306,6,623,No
C42307,3,620,No
C42308,4,582,No
C42309,4,619,No
C42310,7,589,No
C42311,9,641,No
C42312,8,654,No
C42313,3,646,No
C42314,6,602,No
C42315,10,547,No
C42316,3,561,No
C42317,6,668,No
C42318,6,627,No
C42319,9,638,No
C42320,5,613,No
C42321,2,525,No
C42322,3,639,No
C42323,3,656,No
C42324,3,538,No
C42325,7,646,No
C42326,4,561,No
C42327,10,637,No
C42328,5,613,No
C42329,3,674,No
C42330,4,530,No
C42331,8,626,No
C42332,9,635,No
C42333,7,654,No
C42334,4,708,No
C42335,7,709,No
C42336,4,642,No
C42337,8,655,No
C42338,16,626,No
C42339,8,516,No
C42340,4,668,No
C42341,2,580,No
C42342,4,652,No
C42343,8,686,No
C42344,3,667,No
C42345,3,501,No
C42346,4,661,No
C42347,3,654,No
C42348,5,624,No
C42349,3,667,No
C42350,4,671,No
C42351,13,544,No
C42352,9,658,No
C42353,4,630,No
C42354,5,557,No
C42355,8,663,No
C42356,2,626,No
C42357,3,543,No
C42358,3,590,No
C42359,5,518,No
C42360,12,641,No
C42361,13,559,No
C42362,7,644,No
C42363,3,561,No
C42364,9,613,No
C42365,3,578,No
C42366,3,656,No
C42367,16,690,No
C42368,3,479,No
C42369,4,635,No
C42370,8,696,No
C42371,8,550,No
C42372,16,680,No
C42373,11,634,No
C42374,7,601,No
C42375,3,618,No
C42376,13,634,No
C42377,2,634,No
C42378,4,644,No
C42379,3,600,No
C42380,4,631,No
C42381,2,682,No
C42382,4,614,No
C42383,8,612,No
C42384,4,636,No
C42385,8,671,No
C42386,3,660,No
C42387,3,568,No
C42388,4,666,No
C42389,10,654,No
C42390,4,547,No
C42391,3,624,No
C42392,7,621,No
C42393,7,637,No
C42394,4,587,No
C42395,3,638,No
C42396,6,622,No
C42397,3,618,No
C42398,4,666,No
C42399,4,676,No
C42400,3,610,No
C42401,7,625,No
C42402,3,684,No
C42403,3,636,No
C42404,12,637,No
C42405,4,643,No
C42406,4,706,No
C42407,8,592,No
C42408,4,609,No
C42409,6,645,No
C42410,5,590,No
C42411,9,549,No
C42412,5,633,No
C42413,5,587,No
C42414,4,607,No
C42415,3,694,No
C42416,7,598,No
C42417,4,623,No
C42418,3,654,No
C42419,4,618,No
C42420,5,652,No
C42421,10,647,No
C42422,5,638,No
C42423,15,498,No
C42424,4,714,No
C42425,3,668,No
C42426,4,586,No
C42427,4,651,No
C42428,8,631,No
C42429,3,593,No
C42430,3,600,No
C42431,4,624,No
C42432,9,598,No
C42433,4,584,No
C42434,6,695,No
C42435,2,595,No
C42436,8,671,No
C42437,10,599,No
C42438,8,687,No
C42439,13,646,No
C42440,3,676,No
C42441,3,660,No
C42442,3,585,No
C42443,10,634,No
C42444,7,581,No
C42445,3,472,No
C42446,3,674,No
C42447,6,652,No
C42448,4,646,No
C42449,4,603,No
C42450,2,689,No
C42451,4,577,No
C42452,15,670,No
C42453,4,639,No
C42454,6,603,No
C42455,3,606,No
C42456,3,650,No
C42457,3,599,No
C42458,4,645,No
C42459,4,660,No
C42460,3,677,No
C42461,4,534,No
C42462,4,616,No
C42463,9,639,No
C42464,4,687,No
C42465,7,577,No
C42466,4,535,No
C42467,5,703,No
C42468,2,688,No
C42469,6,541,No
C42470,6,660,No
C42471,20,700,No
C42472,4,717,No
C42473,9,492,No
C42474,10,709,No
C42475,4,690,No
C42476,3,630,No
C42477,17,739,No
C42478,8,713,No
C42479,3,609,No
C42480,4,552,No
C42481,19,634,No
C42482,4,620,No
C42483,3,663,No
C42484,4,523,No
C42485,2,663,No
C42486,8,687,No
C42487,7,650,No
C42488,7,679,No
C42489,9,614,No
C42490,5,620,No
C42491,4,657,No
C42492,3,705,No
C42493,3,634,No
C42494,6,626,No
C42495,4,667,No
C42496,4,586,No
C42497,3,644,No
C42498,3,674,No
C42499,9,681,No
C42500,10,704,No
C42501,11,617,No
C42502,4,623,No
C42503,5,597,No
C42504,4,673,No
C42505,10,665,No
C42506,5,674,No
C42507,5,572,No
C42508,2,628,No
C42509,15,556,No
C42510,6,684,No
C42511,12,683,No
C42512,5,668,No
C42513,10,677,No
C42514,9,696,No
C42515,9,641,No
C42516,7,639,No
C42517,5,583,No
C42518,6,506,No
C42519,6,647,No
C42520,3,687,No
C42521,8,581,No
C42522,5,659,No
C42523,2,655,No
C42524,10,686,No
C42525,11,665,No
C42526,4,646,No
C42527,3,628,No
C42528,5,608,No
C42529,11,630,No
C42530,7,681,No
C42531,11,618,No
C42532,3,580,No
C42533,4,623,No
C42534,6,687,No
C42535,3,599,No
C42536,3,580,No
C42537,11,567,No
C42538,5,654,No
C42539,7,714,No
C42540,10,678,No
C42541,3,586,No
C42542,4,606,No
C42543,3,644,No
C42544,8,647,No
C42545,4,624,No
C42546,4,626,No
C42547,2,619,No
C42548,4,674,No
C42549,4,646,No
C42550,5,589,No
C42551,8,695,No
C42552,2,653,No
C42553,22,619,No
C42554,3,621,No
C42555,16,584,No
C42556,3,503,No
C42557,3,657,No
C42558,7,664,No
C42559,6,673,No
C42560,8,654,No
C42561,4,670,No
C42562,10,626,No
C42563,9,688,No
C42564,10,556,No
C42565,7,721,No
C42566,4,645,No
C42567,5,549,No
C42568,9,569,No
C42569,8,667,No
C42570,4,625,No
C42571,4,608,No
C42572,10,476,No
C42573,5,648,No
C42574,3,634,No
C42575,8,680,No
C42576,4,617,No
C42577,2,587,No
C42578,6,552,No
C42579,3,621,No
C42580,13,649,No
C42581,3,655,No
C42582,5,680,No
C42583,2,556,No
C42584,6,692,No
C42585,3,664,No
C42586,6,614,No
C42587,3,567,No
C42588,4,614,No
C42589,9,679,No
C42590,10,548,No
C42591,8,627,No
C42592,2,633,No
C42593,7,534,No
C42594,3,648,No
C42595,5,669,No
C42596,4,659,No
C42597,13,667,No
C42598,4,580,No
C42599,4,641,No
C42600,13,600,No
C42601,2,612,No
C42602,4,640,No
C42603,8,602,No
C42604,10,658,No
C42605,9,619,No
C42606,3,591,No
C42607,5,622,No
C42608,7,624,No
C42609,5,613,No
C42610,4,544,No
C42611,3,639,No
C42612,7,681,No
C42613,3,597,No
C42614,9,672,No
C42615,2,683,No
C42616,5,635,No
C42617,7,571,No
C42618,9,689,No
C42619,4,634,No
C42620,7,650,No
C42621,5,657,No
C42622,4,609,No
C42623,5,623,No
C42624,9,598,No
C42625,6,703,No
C42626,7,621,No
C42627,10,626,No
C42628,14,614,No
C42629,3,537,No
C42630,10,667,No
C42631,6,642,No
C42632,8,653,No
C42633,3,670,No
C42634,4,663,No
C42635,3,669,No
C42636,4,685,No
C42637,4,654,No
C42638,10,658,No
C42639,3,664,No
C42640,6,703,No
C42641,12,664,No
C42642,3,648,No
C42643,3,685,No
C42644,4,595,No
C42645,12,618,No
C42646,9,605,No
C42647,9,601,No
C42648,9,677,No
C42649,2,657,No
C42650,4,663,No
C42651,10,689,No
C42652,11,730,No
C42653,5,618,No
C42654,3,662,No
C42655,4,646,No
C42656,3,665,No
C42657,9,626,No
C42658,3,612,No
C42659,5,663,No
C42660,9,685,No
C42661,3,632,No
C42662,4,579,No
C42663,5,634,No
C42664,3,478,No
C42665,4,636,No
C42666,7,656,No
C42667,4,728,No
C42668,3,545,No
C42669,10,647,No
C42670,11,674,No
C42671,6,693,No
C42672,4,703,No
C42673,7,703,No
C42674,7,632,No
C42675,3,567,No
C42676,4,676,No
C42677,9,678,No
C42678,7,587,No
C42679,7,637,No
C42680,7,691,No
C42681,3,598,No
C42682,6,600,No
C42683,2,501,No
C42684,7,603,No
C42685,4,637,No
C42686,4,610,No
C42687,11,691,No
C42688,4,682,No
C42689,4,477,No
C42690,9,613,No
C42691,6,635,No
C42692,3,577,No
C42693,3,676,No
C42694,16,531,No
C42695,10,606,No
C42696,3,613,No
C42697,14,715,No
C42698,3,675,No
C42699,8,556,No
C42700,3,608,No
C42701,9,660,No
C42702,4,590,No
C42703,5,644,No
C42704,6,678,No
C42705,6,633,No
C42706,5,656,No
C42707,3,719,No
C42708,5,631,No
C42709,6,551,No
C42710,4,569,No
C42711,3,657,No
C42712,4,494,No
C42713,4,597,No
C42714,8,649,No
C42715,3,494,No
C42716,4,609,No
C42717,3,637,No
C42718,4,615,No
C42719,9,515,No
C42720,5,667,No
C42721,7,595,No
C42722,7,610,No
C42723,3,545,No
C42724,5,687,No
C42725,8,653,No
C42726,4,620,No
C42727,7,656,No
C42728,7,599,No
C42729,6,610,No
C42730,15,676,No
C42731,5,522,No
C42732,3,581,No
C42733,4,607,No
C42734,8,654,No
C42735,3,618,No
C42736,2,706,No
C42737,5,633,No
C42738,6,688,No
C42739,3,593,No
C42740,3,604,No
C42741,5,686,No
C42742,2,591,No
C42743,3,692,No
C42744,7,686,No
C42745,9,594,No
C42746,3,653,No
C42747,15,700,No
C42748,9,678,No
C42749,3,679,No
C42750,4,702,No
C42751,2,633,No
C42752,6,508,No
C42753,5,640,No
C42754,8,711,No
C42755,6,703,No
C42756,2,660,No
C42757,4,624,No
C42758,4,661,No
C42759,7,637,No
C42760,12,685,No
C42761,3,677,No
C42762,4,626,No
C42763,4,583,No
C42764,5,571,No
C42765,3,599,No
C42766,4,550,No
C42767,6,622,No
C42768,10,597,No
C42769,4,646,No
C42770,5,643,No
C42771,4,637,No
C42772,7,636,No
C42773,6,683,No
C42774,3,673,No
C42775,5,634,No
C42776,2,620,No
C42777,2,693,No
C42778,5,725,No
C42779,3,548,No
C42780,3,712,No
C42781,3,528,No
C42782,5,640,No
C42783,4,635,No
C42784,2,638,No
C42785,7,586,No
C42786,4,683,No
C42787,3,615,No
C42788,5,635,No
C42789,4,653,No
C42790,5,675,No
C42791,12,633,No
C42792,11,631,No
C42793,5,557,No
C42794,8,690,No
C42795,7,543,No
C42796,4,602,No
C42797,4,656,No
C42798,4,638,No
C42799,3,663,No
C42800,8,615,No
C42801,4,641,No
C42802,4,547,No
C42803,4,682,No
C42804,10,537,No
C42805,5,633,No
C42806,5,613,No
C42807,6,705,No
C42808,3,561,No
C42809,3,573,No
C42810,2,652,No
C42811,3,641,No
C42812,8,657,No
C42813,4,633,No
C42814,4,616,No
C42815,30,669,No
C42816,7,663,No
C42817,15,653,No
C42818,5,663,No
C42819,4,586,No
C42820,4,631,No
C42821,2,616,No
C42822,8,623,No
C42823,5,634,No
C42824,6,658,No
C42825,5,670,No
C42826,3,616,No
C42827,6,595,No
C42828,5,642,No
C42829,3,627,No
C42830,10,610,No
C42831,4,646,No
C42832,2,575,No
C42833,9,616,No
C42834,4,533,No
C42835,8,697,No
C42836,9,646,No
C42837,3,614,No
C42838,4,666,No
C42839,4,662,No
C42840,7,653,No
C42841,3,576,No
C42842,3,654,No
C42843,6,620,No
C42844,3,673,No
C42845,3,603,No
C42846,6,590,No
C42847,8,667,No
C42848,4,663,No
C42849,6,660,No
C42850,9,650,No
C42851,12,634,No
C42852,3,644,No
C42853,7,650,No
C42854,7,527,No
C42855,9,718,No
C42856,4,557,No
C42857,19,594,No
C42858,3,667,No
C42859,7,673,No
C42860,10,634,No
C42861,3,650,No
C42862,3,503,No
C42863,4,639,No
C42864,9,515,No
C42865,4,633,No
C42866,4,657,No
C42867,4,610,No
C42868,11,652,No
C42869,9,670,No
C42870,3,646,No
C42871,4,663,No
C42872,4,638,No
C42873,8,625,No
C42874,8,577,No
C42875,8,635,No
C42876,5,617,No
C42877,3,647,No
C42878,9,578,No
C42879,6,561,No
C42880,10,657,No
C42881,3,633,No
C42882,4,650,No
C42883,4,693,No
C42884,4,678,No
C42885,2,608,No
C42886,4,705,No
C42887,5,687,No
C42888,8,611,No
C42889,15,678,No
C42890,14,698,No
C42891,8,619,No
C42892,9,544,No
C42893,5,645,No
C42894,4,702,No
C42895,4,578,No
C42896,5,610,No
C42897,8,687,No
C42898,4,654,No
C42899,4,693,No
C42900,3,634,No
C42901,4,515,No
C42902,4,640,No
C42903,7,690,No
C42904,5,543,No
C42905,2,624,No
C42906,5,656,No
C42907,4,697,No
C42908,5,613,No
C42909,6,673,No
C42910,3,611,No
C42911,3,509,No
C42912,3,604,No
C42913,4,673,No
C42914,6,690,No
C42915,3,509,No
C42916,4,609,No
C42917,6,649,No
C42918,2,611,No
C42919,3,576,No
C42920,2,650,No
C42921,6,682,No
C42922,9,579,No
C42923,8,586,No
C42924,4,658,No
C42925,7,549,No
C42926,9,567,No
C42927,7,599,No
C42928,3,676,No
C42929,5,675,No
C42930,6,646,No
C42931,4,651,No
C42932,4,687,No
C42933,11,679,No
C42934,3,604,No
C42935,13,653,No
C42936,2,629,No
C42937,8,687,No
C42938,3,620,No
C42939,8,699,No
C42940,5,588,No
C42941,6,697,No
C42942,14,611,No
C42943,8,666,No
C42944,5,620,No
C42945,7,596,No
C42946,3,624,No
C42947,4,709,No
C42948,5,681,No
C42949,4,580,No
C42950,14,641,No
C42951,9,655,No
C42952,4,507,No
C42953,13,601,No
C42954,3,681,No
C42955,8,669,No
C42956,8,680,No
C42957,4,699,No
C42958,4,655,No
C42959,10,668,No
C42960,9,715,No
C42961,3,652,No
C42962,3,496,No
C42963,7,632,No
C42964,6,691,No
C42965,4,650,No
C42966,4,663,No
C42967,2,592,No
C42968,3,696,No
C42969,7,557,No
C42970,5,637,No
C42971,7,668,No
C42972,17,742,No
C42973,4,637,No
C42974,4,653,No
C42975,4,634,No
C42976,2,543,No
C42977,4,680,No
C42978,7,682,No
C42979,5,629,No
C42980,3,645,No
C42981,6,547,No
C42982,6,580,No
C42983,3,565,No
C42984,7,629,No
C42985,3,671,No
C42986,4,675,No
C42987,11,697,No
C42988,5,672,No
C42989,9,727,No
C42990,4,565,No
C42991,10,659,No
C42992,16,582,No
C42993,4,681,No
C42994,6,555,No
C42995,9,544,No
C42996,2,563,No
C42997,3,567,No
C42998,4,582,No
C42999,3,626,No
C43000,4,593,No
C43001,6,620,No
C43002,3,626,No
C43003,2,641,No
C43004,4,617,No
C43005,3,668,No
C43006,7,569,No
C43007,8,707,No
C43008,4,563,No
C43009,3,646,No
C43010,3,666,No
C43011,4,539,No
C43012,10,680,No
C43013,3,558,No
C43014,4,709,No
C43015,10,658,No
C43016,8,694,No
C43017,5,519,No
C43018,3,602,No
C43019,8,671,No
C43020,10,668,No
C43021,2,601,No
C43022,9,724,No
C43023,3,633,No
C43024,6,683,No
C43025,14,703,No
C43026,5,671,No
C43027,7,717,No
C43028,4,695,No
C43029,8,689,No
C43030,8,667,No
C43031,6,680,No
C43032,4,668,No
C43033,8,617,No
C43034,6,577,No
C43035,7,642,No
C43036,7,635,No
C43037,7,653,No
C43038,3,695,No
C43039,10,677,No
C43040,3,587,No
C43041,5,606,No
C43042,3,669,No
C43043,2,594,No
C43044,12,705,No
C43045,6,604,No
C43046,3,632,No
C43047,9,651,No
C43048,2,514,No
C43049,12,645,No
C43050,5,661,No
C43051,9,712,No
C43052,15,595,No
C43053,3,651,No
C43054,6,648,No
C43055,4,672,No
C43056,3,580,No
C43057,3,684,No
C43058,3,457,No
C43059,7,561,No
C43060,3,649,No
C43061,2,616,No
C43062,11,657,No
C43063,5,670,No
C43064,7,644,No
C43065,2,677,No
C43066,6,656,No
C43067,3,570,No
C43068,7,649,No
C43069,3,586,No
C43070,7,677,No
C43071,2,593,No
C43072,2,593,No
C43073,7,680,No
C43074,4,680,No
C43075,8,679,No
C43076,4,607,No
C43077,5,548,No
C43078,3,640,No
C43079,7,701,No
C43080,6,621,No
C43081,3,660,No
C43082,5,676,No
C43083,7,666,No
C43084,7,484,No
C43085,3,638,No
C43086,5,633,No
C43087,10,682,No
C43088,3,654,No
C43089,3,687,No
C43090,4,559,No
C43091,4,623,No
C43092,6,495,No
C43093,3,628,No
C43094,3,665,No
C43095,10,618,No
C43096,6,491,No
C43097,6,621,No
C43098,8,574,No
C43099,3,649,No
C43100,3,680,No
C43101,13,630,No
C43102,12,710,No
C43103,8,584,No
C43104,3,667,No
C43105,4,680,No
C43106,3,648,No
C43107,3,657,No
C43108,7,625,No
C43109,9,635,No
C43110,6,658,No
C43111,9,696,No
C43112,7,679,No
C43113,10,697,No
C43114,3,596,No
C43115,4,700,No
C43116,4,499,No
C43117,12,652,No
C43118,10,609,No
C43119,10,609,No
C43120,4,669,No
C43121,7,711,No
C43122,4,682,No
C43123,4,682,No
C43124,3,507,No
C43125,5,658,No
C43126,9,652,No
C43127,9,577,No
C43128,4,706,No
C43129,5,598,No
C43130,3,553,No
C43131,7,696,No
C43132,4,523,No
C43133,3,602,No
C43134,3,669,No
C43135,3,680,No
C43136,7,597,No
C43137,3,570,No
C43138,7,718,No
C43139,9,654,No
C43140,5,714,No
C43141,4,628,No
C43142,7,622,No
C43143,8,680,No
C43144,3,613,No
C43145,6,646,No
C43146,4,615,No
C43147,3,498,No
C43148,13,582,No
C43149,4,679,No
C43150,2,686,No
C43151,9,672,No
C43152,3,676,No
C43153,10,572,No
C43154,3,647,No
C43155,7,615,No
C43156,4,632,No
C43157,12,638,No
C43158,7,625,No
C43159,7,554,No
C43160,4,683,No
C43161,2,684,No
C43162,2,596,No
C43163,9,663,No
C43164,9,606,No
C43165,15,678,No
C43166,10,666,No
C43167,4,622,No
C43168,4,619,No
C43169,6,691,No
C43170,7,724,No
C43171,9,655,No
C43172,7,674,No
C43173,4,638,No
C43174,4,668,No
C43175,7,669,No
C43176,15,652,No
C43177,5,525,No
C43178,3,576,No
C43179,4,512,No
C43180,3,594,No
C43181,3,695,No
C43182,4,582,No
C43183,2,676,No
C43184,3,562,No
C43185,3,699,No
C43186,4,528,No
C43187,9,635,No
C43188,4,618,No
C43189,10,542,No
C43190,12,676,No
C43191,4,657,No
C43192,3,591,No
C43193,4,582,No
C43194,8,586,No
C43195,3,551,No
C43196,6,633,No
C43197,3,585,No
C43198,4,584,No
C43199,7,633,No
C43200,5,626,No
C43201,4,626,No
C43202,8,643,No
C43203,5,654,No
C43204,5,601,No
C43205,4,623,No
C43206,9,631,No
C43207,3,634,No
C43208,6,654,No
C43209,3,630,No
C43210,3,657,No
C43211,4,676,No
C43212,6,701,No
C43213,12,699,No
C43214,9,588,No
C43215,22,644,No
C43216,4,628,No
C43217,4,677,No
C43218,5,626,No
C43219,7,460,No
C43220,4,663,No
C43221,8,573,No
C43222,7,633,No
C43223,6,604,No
C43224,3,613,No
C43225,5,631,No
C43226,4,640,No
C43227,8,692,No
C43228,2,653,No
C43229,6,616,No
C43230,7,687,No
C43231,4,643,No
C43232,10,506,No
C43233,6,707,No
C43234,3,606,No
C43235,4,588,No
C43236,7,644,No
C43237,3,582,No
C43238,6,592,No
C43239,6,730,No
C43240,3,635,No
C43241,4,658,No
C43242,10,551,No
C43243,4,660,No
C43244,7,679,No
C43245,20,697,No
C43246,4,585,No
C43247,10,554,No
C43248,3,613,No
C43249,3,671,No
C43250,3,619,No
C43251,6,624,No
C43252,3,632,No
C43253,3,656,No
C43254,4,649,No
C43255,13,689,No
C43256,6,682,No
C43257,3,702,No
C43258,8,573,No
C43259,8,688,No
C43260,5,650,No
C43261,16,688,No
C43262,7,670,No
C43263,5,619,No
C43264,10,650,No
C43265,15,665,No
C43266,11,670,No
C43267,4,598,No
C43268,10,692,No
C43269,4,650,No
C43270,7,580,No
C43271,11,674,No
C43272,10,668,No
C43273,3,674,No
C43274,5,696,No
C43275,12,633,No
C43276,2,662,No
C43277,8,655,No
C43278,4,660,No
C43279,6,603,No
C43280,11,613,No
C43281,4,567,No
C43282,7,707,No
C43283,7,642,No
C43284,3,664,No
C43285,3,655,No
C43286,4,590,No
C43287,3,680,No
C43288,4,577,No
C43289,4,549,No
C43290,2,573,No
C43291,6,697,No
C43292,6,598,No
C43293,6,636,No
C43294,4,577,No
C43295,6,675,No
C43296,9,710,No
C43297,9,455,No
C43298,11,599,No
C43299,3,571,No
C43300,4,600,No
C43301,7,658,No
C43302,2,604,No
C43303,10,627,No
C43304,4,660,No
C43305,3,615,No
C43306,7,698,No
C43307,10,626,No
C43308,16,681,No
C43309,6,662,No
C43310,4,607,No
C43311,7,567,No
C43312,7,562,No
C43313,9,594,No
C43314,3,682,No
C43315,6,615,No
C43316,5,662,No
C43317,3,631,No
C43318,4,558,No
C43319,5,650,No
C43320,5,637,No
C43321,4,579,No
C43322,5,648,No
C43323,14,619,No
C43324,4,590,No
C43325,10,684,No
C43326,6,637,No
C43327,8,648,No
C43328,5,662,No
C43329,4,512,No
C43330,4,692,No
C43331,11,683,No
C43332,5,663,No
C43333,8,662,No
C43334,5,663,No
C43335,9,719,No
C43336,8,695,No
C43337,9,687,No
C43338,10,549,No
C43339,4,686,No
C43340,2,646,No
C43341,8,664,No
C43342,11,589,No
C43343,17,651,No
C43344,14,686,No
C43345,6,686,No
C43346,4,619,No
C43347,2,557,No
C43348,2,679,No
C43349,6,665,No
C43350,5,658,No
C43351,6,627,No
C43352,4,603,No
C43353,4,556,No
C43354,8,648,No
C43355,3,594,No
C43356,8,629,No
C43357,5,644,No
C43358,7,663,No
C43359,6,616,No
C43360,16,588,No
C43361,5,678,No
C43362,8,570,No
C43363,8,673,No
C43364,7,632,No
C43365,4,672,No
C43366,13,638,No
C43367,7,602,No
C43368,4,566,No
C43369,4,697,No
C43370,6,617,No
C43371,4,634,No
C43372,4,611,No
C43373,5,664,No
C43374,6,581,No
C43375,5,689,No
C43376,4,667,No
C43377,4,632,No
C43378,6,658,No
C43379,14,669,No
C43380,6,580,No
C43381,4,687,No
C43382,2,676,No
C43383,3,638,No
C43384,4,662,No
C43385,4,581,No
C43386,3,671,No
C43387,4,711,No
C43388,4,700,No
C43389,5,656,No
C43390,3,674,No
C43391,4,664,No
C43392,7,507,No
C43393,3,590,No
C43394,9,560,No
C43395,7,593,No
C43396,10,700,No
C43397,5,647,No
C43398,8,595,No
C43399,10,617,No
C43400,7,707,No
C43401,18,593,No
C43402,10,617,No
C43403,9,735,No
C43404,5,630,No
C43405,9,577,No
C43406,9,702,No
C43407,9,660,No
C43408,7,589,No
C43409,5,637,No
C43410,3,645,No
C43411,6,575,No
C43412,3,613,No
C43413,2,709,No
C43414,6,636,No
C43415,6,578,No
C43416,8,667,No
C43417,5,640,No
C43418,7,631,No
C43419,5,716,No
C43420,4,622,No
C43421,6,696,No
C43422,4,710,No
C43423,6,613,No
C43424,4,586,No
C43425,5,706,No
C43426,5,706,No
C43427,10,671,No
C43428,11,593,No
C43429,3,673,No
C43430,4,660,No
C43431,12,682,No
C43432,11,676,No
C43433,4,681,No
C43434,3,648,No
C43435,3,650,No
C43436,2,630,No
C43437,3,676,No
C43438,3,613,No
C43439,9,566,No
C43440,4,610,No
C43441,3,626,No
C43442,5,683,No
C43443,4,638,No
C43444,4,678,No
C43445,3,667,No
C43446,16,665,No
C43447,5,631,No
C43448,4,695,No
C43449,4,610,No
C43450,3,557,No
C43451,3,642,No
C43452,5,685,No
C43453,3,566,No
C43454,6,697,No
C43455,2,575,No
C43456,3,622,No
C43457,5,649,No
C43458,6,538,No
C43459,4,662,No
C43460,3,580,No
C43461,7,658,No
C43462,6,674,No
C43463,10,676,No
C43464,3,567,No
C43465,8,621,No
C43466,5,638,No
C43467,13,719,No
C43468,3,649,No
C43469,6,505,No
C43470,5,560,No
C43471,9,605,No
C43472,4,560,No
C43473,4,530,No
C43474,4,668,No
C43475,11,595,No
C43476,2,684,No
C43477,7,620,No
C43478,5,623,No
C43479,8,663,No
C43480,12,665,No
C43481,7,632,No
C43482,4,614,No
C43483,4,643,No
C43484,8,591,No
C43485,7,628,No
C43486,20,657,No
C43487,3,611,No
C43488,4,595,No
C43489,7,676,No
C43490,10,619,No
C43491,9,653,No
C43492,5,604,No
C43493,7,671,No
C43494,4,581,No
C43495,6,637,No
C43496,7,652,No
C43497,2,500,No
C43498,4,675,No
C43499,5,629,No
C43500,4,666,No
C43501,2,554,No
C43502,8,607,No
C43503,2,639,No
C43504,4,619,No
C43505,3,670,No
C43506,5,597,No
C43507,8,646,No
C43508,10,716,No
C43509,4,607,No
C43510,10,714,No
C43511,11,648,No
C43512,6,664,No
C43513,8,558,No
C43514,17,617,No
C43515,5,590,No
C43516,15,633,No
C43517,7,701,No
C43518,3,591,No
C43519,9,697,No
C43520,7,654,No
C43521,3,579,No
C43522,3,627,No
C43523,9,614,No
C43524,8,670,No
C43525,7,666,No
C43526,6,609,No
C43527,2,639,No
C43528,3,550,No
C43529,3,509,No
C43530,5,542,No
C43531,4,553,No
C43532,3,617,No
C43533,3,571,No
C43534,9,664,No
C43535,11,679,No
C43536,2,589,No
C43537,3,583,No
C43538,4,682,No
C43539,7,487,No
C43540,15,691,No
C43541,3,699,No
C43542,6,633,No
C43543,6,562,No
C43544,4,640,No
C43545,4,648,No
C43546,5,482,No
C43547,4,694,No
C43548,4,627,No
C43549,9,639,No
C43550,3,646,No
C43551,6,652,No
C43552,8,612,No
C43553,7,637,No
C43554,12,586,No
C43555,6,544,No
C43556,4,630,No
C43557,3,637,No
C43558,12,728,No
C43559,4,687,No
C43560,3,623,No
C43561,6,661,No
C43562,13,628,No
C43563,3,513,No
C43564,4,637,No
C43565,3,565,No
C43566,7,690,No
C43567,9,477,No
C43568,7,548,No
C43569,7,659,No
C43570,4,610,No
C43571,8,632,No
C43572,5,676,No
C43573,4,660,No
C43574,2,686,No
C43575,7,693,No
C43576,7,552,No
C43577,8,620,No
C43578,12,689,No
C43579,4,624,No
C43580,6,656,No
C43581,2,666,No
C43582,4,634,No
C43583,9,627,No
C43584,4,668,No
C43585,3,576,No
C43586,4,555,No
C43587,3,611,No
C43588,4,568,No
C43589,5,687,No
C43590,4,579,No
C43591,11,644,No
C43592,13,629,No
C43593,10,691,No
C43594,13,674,No
C43595,12,652,No
C43596,7,640,No
C43597,13,712,No
C43598,7,635,No
C43599,7,654,No
C43600,4,687,No
C43601,3,686,No
C43602,9,588,No
C43603,7,631,No
C43604,17,713,No
C43605,4,551,No
C43606,4,617,No
C43607,3,661,No
C43608,4,673,No
C43609,3,684,No
C43610,11,678,No
C43611,3,629,No
C43612,6,564,No
C43613,3,662,No
C43614,9,753,No
C43615,5,697,No
C43616,4,665,No
C43617,3,625,No
C43618,4,610,No
C43619,4,587,No
C43620,3,694,No
C43621,7,610,No
C43622,5,652,No
C43623,5,670,No
C43624,6,616,No
C43625,5,648,No
C43626,4,625,No
C43627,3,621,No
C43628,4,605,No
C43629,4,618,No
C43630,3,574,No
C43631,16,587,No
C43632,8,684,No
C43633,5,642,No
C43634,4,627,No
C43635,5,654,No
C43636,7,600,No
C43637,2,618,No
C43638,10,535,No
C43639,6,704,No
C43640,7,676,No
C43641,10,678,No
C43642,4,655,No
C43643,11,617,No
C43644,9,576,No
C43645,3,613,No
C43646,14,714,No
C43647,7,624,No
C43648,16,549,No
C43649,2,596,No
C43650,2,642,No
C43651,5,644,No
C43652,2,627,No
C43653,4,682,No
C43654,4,674,No
C43655,3,654,No
C43656,4,690,No
C43657,4,528,No
C43658,4,663,No
C43659,7,677,No
C43660,10,654,No
C43661,10,593,No
C43662,3,653,No
C43663,3,631,No
C43664,4,679,No
C43665,7,567,No
C43666,7,595,No
C43667,3,608,No
C43668,3,673,No
C43669,6,698,No
C43670,7,670,No
C43671,4,713,No
C43672,5,693,No
C43673,3,562,No
C43674,8,607,No
C43675,7,669,No
C43676,4,641,No
C43677,14,664,No
C43678,3,683,No
C43679,3,639,No
C43680,2,686,No
C43681,10,613,No
C43682,4,575,No
C43683,2,656,No
C43684,5,625,No
C43685,6,574,No
C43686,5,665,No
C43687,7,641,No
C43688,7,666,No
C43689,7,532,No
C43690,6,653,No
C43691,4,489,No
C43692,9,637,No
C43693,6,609,No
C43694,11,680,No
C43695,6,630,No
C43696,3,579,No
C43697,2,537,No
C43698,8,528,No
C43699,10,679,No
C43700,6,557,No
C43701,3,687,No
C43702,5,645,No
C43703,5,709,No
C43704,10,532,No
C43705,3,565,No
C43706,15,618,No
C43707,5,685,No
C43708,5,648,No
C43709,5,658,No
C43710,4,579,No
C43711,8,623,No
C43712,3,591,No
C43713,4,666,No
C43714,6,674,No
C43715,10,557,No
C43716,6,553,No
C43717,4,647,No
C43718,3,668,No
C43719,4,673,No
C43720,4,541,No
C43721,9,623,No
C43722,7,663,No
C43723,4,550,No
C43724,8,720,No
C43725,8,639,No
C43726,6,666,No
C43727,4,711,No
C43728,5,650,No
C43729,7,674,No
C43730,2,683,No
C43731,2,617,No
C43732,6,643,No
C43733,8,446,No
C43734,8,655,No
C43735,7,543,No
C43736,6,696,No
C43737,6,692,No
C43738,4,664,No
C43739,3,539,No
C43740,10,679,No
C43741,11,632,No
C43742,2,675,No
C43743,4,540,No
C43744,5,655,No
C43745,3,583,No
C43746,4,693,No
C43747,5,556,No
C43748,4,581,No
C43749,8,617,No
C43750,8,714,No
C43751,3,633,No
C43752,4,652,No
C43753,10,605,No
C43754,6,641,No
C43755,7,639,No
C43756,15,597,No
C43757,7,653,No
C43758,11,689,No
C43759,5,680,No
C43760,6,668,No
C43761,3,664,No
C43762,6,630,No
C43763,3,640,No
C43764,3,691,No
C43765,3,570,No
C43766,4,585,No
C43767,6,643,No
C43768,7,646,No
C43769,12,683,No
C43770,7,549,No
C43771,4,622,No
C43772,3,619,No
C43773,3,600,No
C43774,7,598,No
C43775,7,616,No
C43776,4,656,No
C43777,9,681,No
C43778,7,625,No
C43779,4,632,No
C43780,5,631,No
C43781,4,581,No
C43782,2,578,No
C43783,4,599,No
C43784,7,517,No
C43785,8,601,No
C43786,6,563,No
C43787,4,649,No
C43788,15,583,No
C43789,6,541,No
C43790,3,649,No
C43791,2,627,No
C43792,5,578,No
C43793,5,522,No
C43794,4,627,No
C43795,8,567,No
C43796,4,639,No
C43797,3,565,No
C43798,7,720,No
C43799,10,618,No
C43800,5,658,No
C43801,5,634,No
C43802,16,655,No
C43803,10,689,No
C43804,5,695,No
C43805,4,634,No
C43806,8,657,No
C43807,3,643,No
C43808,5,657,No
C43809,14,625,No
C43810,4,669,No
C43811,3,669,No
C43812,9,628,No
C43813,15,713,No
C43814,10,589,No
C43815,14,650,No
C43816,10,512,No
C43817,3,552,No
C43818,5,555,No
C43819,13,532,No
C43820,2,702,No
C43821,10,578,No
C43822,4,649,No
C43823,5,640,No
C43824,7,661,No
C43825,3,668,No
C43826,3,581,No
C43827,8,633,No
C43828,3,677,No
C43829,3,638,No
C43830,8,632,No
C43831,3,500,No
C43832,4,657,No
C43833,4,551,No
C43834,3,616,No
C43835,5,607,No
C43836,4,624,No
C43837,11,652,No
C43838,3,590,No
C43839,26,733,No
C43840,3,621,No
C43841,17,650,No
C43842,3,653,No
C43843,8,653,No
C43844,26,745,No
C43845,11,676,No
C43846,4,567,No
C43847,10,669,No
C43848,3,633,No
C43849,4,689,No
C43850,7,667,No
C43851,5,639,No
C43852,3,619,No
C43853,24,576,No
C43854,7,631,No
C43855,12,695,No
C43856,4,677,No
C43857,3,684,No
C43858,4,670,No
C43859,9,676,No
C43860,8,689,No
C43861,4,664,No
C43862,10,690,No
C43863,3,634,No
C43864,7,652,No
C43865,8,597,No
C43866,9,660,No
C43867,16,581,No
C43868,4,653,No
C43869,6,642,No
C43870,4,554,No
C43871,11,612,No
C43872,5,638,No
C43873,4,581,No
C43874,3,687,No
C43875,5,653,No
C43876,3,584,No
C43877,3,527,No
C43878,2,614,No
C43879,4,653,No
C43880,8,630,No
C43881,4,630,No
C43882,16,640,No
C43883,4,593,No
C43884,3,627,No
C43885,7,623,No
C43886,4,621,No
C43887,6,675,No
C43888,2,597,No
C43889,5,603,No
C43890,4,685,No
C43891,8,690,No
C43892,7,587,No
C43893,17,688,No
C43894,9,707,No
C43895,8,568,No
C43896,5,629,No
C43897,11,695,No
C43898,3,679,No
C43899,4,691,No
C43900,4,616,No
C43901,5,625,No
C43902,6,620,No
C43903,4,668,No
C43904,4,593,No
C43905,6,604,No
C43906,16,668,No
C43907,3,643,No
C43908,9,633,No
C43909,3,565,No
C43910,6,713,No
C43911,4,674,No
C43912,4,614,No
C43913,15,616,No
C43914,4,650,No
C43915,4,533,No
C43916,9,623,No
C43917,4,644,No
C43918,9,568,No
C43919,4,520,No
C43920,6,690,No
C43921,4,640,No
C43922,20,624,No
C43923,5,664,No
C43924,3,641,No
C43925,13,709,No
C43926,3,585,No
C43927,10,668,No
C43928,6,671,No
C43929,3,584,No
C43930,7,579,No
C43931,8,641,No
C43932,4,657,No
C43933,9,601,No
C43934,3,665,No
C43935,10,669,No
C43936,12,694,No
C43937,4,683,No
C43938,3,653,No
C43939,3,589,No
C43940,10,662,No
C43941,6,653,No
C43942,8,715,No
C43943,4,488,No
C43944,4,625,No
C43945,8,582,No
C43946,5,593,No
C43947,7,677,No
C43948,9,653,No
C43949,6,660,No
C43950,4,489,No
C43951,5,680,No
C43952,9,668,No
C43953,3,666,No
C43954,3,605,No
C43955,9,667,No
C43956,15,737,No
C43957,17,635,No
C43958,16,604,No
C43959,5,611,No
C43960,4,650,No
C43961,13,649,No
C43962,2,610,No
C43963,9,670,No
C43964,3,594,No
C43965,4,670,No
C43966,17,634,No
C43967,9,683,No
C43968,13,697,No
C43969,3,675,No
C43970,6,640,No
C43971,6,687,No
C43972,9,641,No
C43973,8,610,No
C43974,12,586,No
C43975,7,574,No
C43976,3,544,No
C43977,4,691,No
C43978,3,680,No
C43979,4,692,No
C43980,10,533,No
C43981,4,632,No
C43982,3,688,No
C43983,4,585,No
C43984,10,595,No
C43985,4,731,No
C43986,5,676,No
C43987,6,613,No
C43988,8,688,No
C43989,6,604,No
C43990,5,613,No
C43991,13,647,No
C43992,3,652,No
C43993,15,693,No
C43994,3,690,No
C43995,4,663,No
C43996,4,659,No
C43997,8,702,No
C43998,10,657,No
C43999,9,650,No
C44000,8,556,No
C44001,7,694,No
C44002,5,683,No
C44003,13,684,No
C44004,5,525,No
C44005,4,670,No
C44006,2,631,No
C44007,7,596,No
C44008,7,649,No
C44009,9,733,No
C44010,7,669,No
C44011,5,622,No
C44012,15,673,No
C44013,4,698,No
C44014,9,619,No
C44015,6,511,No
C44016,4,592,No
C44017,3,651,No
C44018,8,667,No
C44019,6,657,No
C44020,13,569,No
C44021,4,658,No
C44022,8,662,No
C44023,7,566,No
C44024,4,655,No
C44025,4,638,No
C44026,14,653,No
C44027,2,667,No
C44028,3,639,No
C44029,7,708,No
C44030,8,660,No
C44031,6,642,No
C44032,8,605,No
C44033,6,684,No
C44034,3,623,No
C44035,10,667,No
C44036,10,657,No
C44037,10,610,No
C44038,6,683,No
C44039,13,677,No
C44040,8,599,No
C44041,2,555,No
C44042,4,656,No
C44043,5,689,No
C44044,5,604,No
C44045,3,534,No
C44046,8,582,No
C44047,3,666,No
C44048,6,642,No
C44049,8,635,No
C44050,4,656,No
C44051,16,754,No
C44052,4,637,No
C44053,7,645,No
C44054,5,627,No
C44055,9,666,No
C44056,4,605,No
C44057,7,576,No
C44058,5,593,No
C44059,4,657,No
C44060,8,684,No
C44061,11,550,No
C44062,3,543,No
C44063,7,649,No
C44064,3,526,No
C44065,5,650,No
C44066,2,641,No
C44067,12,683,No
C44068,3,670,No
C44069,5,686,No
C44070,4,658,No
C44071,5,628,No
C44072,4,600,No
C44073,12,689,No
C44074,3,616,No
C44075,2,647,No
C44076,5,581,No
C44077,4,692,No
C44078,8,568,No
C44079,8,568,No
C44080,5,551,No
C44081,5,666,No
C44082,8,657,No
C44083,7,567,No
C44084,3,547,No
C44085,2,581,No
C44086,4,594,No
C44087,3,603,No
C44088,12,699,No
C44089,8,630,No
C44090,4,661,No
C44091,3,686,No
C44092,6,653,No
C44093,8,556,No
C44094,10,624,No
C44095,9,633,No
C44096,5,563,No
C44097,5,564,No
C44098,9,722,No
C44099,6,673,No
C44100,4,695,No
C44101,7,591,No
C44102,3,692,No
C44103,5,680,No
C44104,8,672,No
C44105,5,595,No
C44106,8,675,No
C44107,9,664,No
C44108,4,643,No
C44109,5,552,No
C44110,7,546,No
C44111,4,545,No
C44112,4,641,No
C44113,4,627,No
C44114,6,687,No
C44115,4,625,No
C44116,7,593,No
C44117,3,668,No
C44118,6,672,No
C44119,2,652,No
C44120,3,675,No
C44121,5,674,No
C44122,9,661,No
C44123,3,617,No
C44124,3,667,No
C44125,6,525,No
C44126,5,598,No
C44127,7,693,No
C44128,8,695,No
C44129,4,611,No
C44130,8,685,No
C44131,4,675,No
C44132,4,671,No
C44133,3,604,No
C44134,5,652,No
C44135,3,647,No
C44136,3,640,No
C44137,6,618,No
C44138,4,697,No
C44139,7,726,No
C44140,4,623,No
C44141,3,606,No
C44142,2,665,No
C44143,4,613,No
C44144,7,631,No
C44145,5,576,No
C44146,4,594,No
C44147,5,668,No
C44148,4,600,No
C44149,6,606,No
C44150,6,679,No
C44151,4,648,No
C44152,6,635,No
C44153,3,543,No
C44154,4,653,No
C44155,12,611,No
C44156,3,567,No
C44157,5,579,No
C44158,2,598,No
C44159,6,700,No
C44160,13,639,No
C44161,6,538,No
C44162,3,635,No
C44163,2,640,No
C44164,4,631,No
C44165,6,601,No
C44166,14,630,No
C44167,3,552,No
C44168,5,608,No
C44169,6,655,No
C44170,8,627,No
C44171,3,562,No
C44172,2,641,No
C44173,9,564,No
C44174,6,605,No
C44175,6,632,No
C44176,8,678,No
C44177,4,689,No
C44178,3,647,No
C44179,3,611,No
C44180,8,532,No
C44181,6,531,No
C44182,3,588,No
C44183,10,638,No
C44184,4,506,No
C44185,4,604,No
C44186,5,592,No
C44187,3,650,No
C44188,4,663,No
C44189,3,677,No
C44190,7,566,No
C44191,4,676,No
C44192,3,588,No
C44193,2,685,No
C44194,4,550,No
C44195,9,563,No
C44196,17,549,No
C44197,3,617,No
C44198,3,574,No
C44199,6,644,No
C44200,5,673,No
C44201,4,567,No
C44202,4,649,No
C44203,10,608,No
C44204,7,694,No
C44205,3,695,No
C44206,4,643,No
C44207,12,640,No
C44208,9,643,No
C44209,3,645,No
C44210,14,690,No
C44211,4,672,No
C44212,3,658,No
C44213,3,651,No
C44214,12,669,No
C44215,6,595,No
C44216,6,623,No
C44217,12,705,No
C44218,6,632,No
C44219,3,599,No
C44220,11,594,No
C44221,22,710,No
C44222,3,601,No
C44223,7,565,No
C44224,3,688,No
C44225,7,540,No
C44226,10,691,No
C44227,6,613,No
C44228,7,623,No
C44229,3,649,No
C44230,7,655,No
C44231,3,683,No
C44232,8,593,No
C44233,3,577,No
C44234,6,570,No
C44235,4,570,No
C44236,3,554,No
C44237,9,572,No
C44238,3,658,No
C44239,4,674,No
C44240,3,579,No
C44241,4,641,No
C44242,5,490,No
C44243,3,528,No
C44244,3,671,No
C44245,4,642,No
C44246,3,655,No
C44247,5,668,No
C44248,3,643,No
C44249,3,598,No
C44250,6,553,No
C44251,4,674,No
C44252,4,653,No
C44253,3,622,No
C44254,6,619,No
C44255,3,462,No
C44256,7,639,No
C44257,12,661,No
C44258,10,627,No
C44259,15,668,No
C44260,5,651,No
C44261,4,619,No
C44262,7,626,No
C44263,8,598,No
C44264,7,691,No
C44265,3,730,No
C44266,5,719,No
C44267,11,643,No
C44268,9,621,No
C44269,3,502,No
C44270,10,706,No
C44271,4,605,No
C44272,5,669,No
C44273,3,694,No
C44274,3,672,No
C44275,13,696,No
C44276,9,636,No
C44277,10,732,No
C44278,3,664,No
C44279,7,590,No
C44280,4,655,No
C44281,4,675,No
C44282,3,561,No
C44283,4,638,No
C44284,11,594,No
C44285,3,602,No
C44286,5,564,No
C44287,4,663,No
C44288,6,582,No
C44289,9,605,No
C44290,10,664,No
C44291,3,511,No
C44292,4,666,No
C44293,7,624,No
C44294,8,652,No
C44295,3,660,No
C44296,2,648,No
C44297,6,666,No
C44298,7,576,No
C44299,4,632,No
C44300,10,714,No
C44301,4,657,No
C44302,9,646,No
C44303,7,614,No
C44304,4,557,No
C44305,14,635,No
C44306,3,668,No
C44307,10,659,No
C44308,3,706,No
C44309,12,721,No
C44310,5,643,No
C44311,4,622,No
C44312,4,659,No
C44313,12,656,No
C44314,3,670,No
C44315,10,615,No
C44316,5,637,No
C44317,4,637,No
C44318,11,673,No
C44319,3,696,No
C44320,5,671,No
C44321,9,695,No
C44322,3,689,No
C44323,3,684,No
C44324,4,589,No
C44325,9,700,No
C44326,3,692,No
C44327,4,617,No
C44328,9,688,No
C44329,10,544,No
C44330,6,638,No
C44331,8,582,No
C44332,8,581,No
C44333,6,627,No
C44334,10,684,No
C44335,7,689,No
C44336,7,671,No
C44337,2,597,No
C44338,8,641,No
C44339,3,651,No
C44340,6,656,No
C44341,4,641,No
C44342,7,672,No
C44343,3,615,No
C44344,4,625,No
C44345,4,514,No
C44346,3,657,No
C44347,2,645,No
C44348,4,696,No
C44349,9,652,No
C44350,3,585,No
C44351,3,645,No
C44352,4,616,No
C44353,9,643,No
C44354,4,658,No
C44355,2,663,No
C44356,6,644,No
C44357,14,718,No
C44358,6,602,No
C44359,9,567,No
C44360,3,691,No
C44361,7,615,No
C44362,9,608,No
C44363,9,656,No
C44364,2,667,No
C44365,6,699,No
C44366,8,562,No
C44367,7,675,No
C44368,4,653,No
C44369,13,686,No
C44370,5,689,No
C44371,7,647,No
C44372,4,652,No
C44373,3,580,No
C44374,8,636,No
C44375,6,609,No
C44376,6,534,No
C44377,4,614,No
C44378,4,684,No
C44379,8,580,No
C44380,8,714,No
C44381,4,672,No
C44382,3,635,No
C44383,3,641,No
C44384,5,653,No
C44385,6,524,No
C44386,4,652,No
C44387,4,613,No
C44388,4,545,No
C44389,3,572,No
C44390,7,715,No
C44391,8,649,No
C44392,4,649,No
C44393,2,619,No
C44394,3,547,No
C44395,6,682,No
C44396,4,664,No
C44397,4,713,No
C44398,4,612,No
C44399,7,672,No
C44400,11,546,No
C44401,4,594,No
C44402,6,609,No
C44403,5,689,No
C44404,3,639,No
C44405,5,631,No
C44406,3,703,No
C44407,3,614,No
C44408,7,670,No
C44409,4,588,No
C44410,3,585,No
C44411,4,627,No
C44412,7,650,No
C44413,4,648,No
C44414,3,651,No
C44415,7,544,No
C44416,7,551,No
C44417,4,621,No
C44418,3,671,No
C44419,4,626,No
C44420,3,622,No
C44421,5,564,No
C44422,5,689,No
C44423,8,687,No
C44424,6,625,No
C44425,8,631,No
C44426,3,660,No
C44427,3,666,No
C44428,12,707,No
C44429,3,569,No
C44430,7,663,No
C44431,4,576,No
C44432,6,502,No
C44433,4,643,No
C44434,10,625,No
C44435,8,609,No
C44436,6,545,No
C44437,3,677,No
C44438,2,619,No
C44439,3,658,No
C44440,3,644,No
C44441,4,627,No
C44442,10,651,No
C44443,3,666,No
C44444,6,673,No
C44445,9,692,No
C44446,7,677,No
C44447,5,654,No
C44448,3,590,No
C44449,4,619,No
C44450,3,664,No
C44451,5,607,No
C44452,3,649,No
C44453,6,634,No
C44454,2,612,No
C44455,12,663,No
C44456,3,646,No
C44457,4,640,No
C44458,2,663,No
C44459,6,521,No
C44460,3,671,No
C44461,3,564,No
C44462,3,603,No
C44463,6,658,No
C44464,9,544,No
C44465,8,624,No
C44466,4,636,No
C44467,3,625,No
C44468,4,690,No
C44469,5,632,No
C44470,4,702,No
C44471,3,585,No
C44472,7,645,No
C44473,4,659,No
C44474,10,649,No
C44475,4,566,No
C44476,8,672,No
C44477,6,651,No
C44478,3,611,No
C44479,8,647,No
C44480,14,683,No
C44481,5,689,No
C44482,4,523,No
C44483,8,613,No
C44484,10,696,No
C44485,7,666,No
C44486,9,596,No
C44487,5,640,No
C44488,4,579,No
C44489,9,605,No
C44490,4,709,No
C44491,4,584,No
C44492,3,647,No
C44493,5,624,No
C44494,4,576,No
C44495,6,620,No
C44496,2,705,No
C44497,8,645,No
C44498,2,674,No
C44499,2,650,No
C44500,7,635,No
C44501,4,606,No
C44502,6,678,No
C44503,4,657,No
C44504,4,671,No
C44505,3,619,No
C44506,3,689,No
C44507,14,725,No
C44508,3,660,No
C44509,4,701,No
C44510,3,579,No
C44511,3,600,No
C44512,8,607,No
C44513,8,656,No
C44514,3,609,No
C44515,3,630,No
C44516,7,691,No
C44517,2,636,No
C44518,5,616,No
C44519,9,714,No
C44520,3,673,No
C44521,4,614,No
C44522,4,589,No
C44523,4,599,No
C44524,4,587,No
C44525,3,647,No
C44526,8,646,No
C44527,3,623,No
C44528,4,567,No
C44529,4,631,No
C44530,4,704,No
C44531,13,618,No
C44532,6,620,No
C44533,14,680,No
C44534,3,687,No
C44535,11,697,No
C44536,9,633,No
C44537,5,672,No
C44538,4,676,No
C44539,8,639,No
C44540,3,601,No
C44541,8,653,No
C44542,11,575,No
C44543,21,704,No
C44544,5,590,No
C44545,8,618,No
C44546,3,722,No
C44547,3,708,No
C44548,8,700,No
C44549,13,668,No
C44550,8,552,No
C44551,4,600,No
C44552,3,609,No
C44553,4,539,No
C44554,2,511,No
C44555,4,573,No
C44556,3,696,No
C44557,3,648,No
C44558,10,619,No
C44559,10,616,No
C44560,5,718,No
C44561,6,660,No
C44562,5,677,No
C44563,12,620,No
C44564,4,578,No
C44565,11,654,No
C44566,11,605,No
C44567,2,561,No
C44568,3,558,No
C44569,7,697,No
C44570,6,658,No
C44571,3,720,No
C44572,5,663,No
C44573,3,667,No
C44574,7,683,No
C44575,5,627,No
C44576,4,540,No
C44577,5,615,No
C44578,3,639,No
C44579,7,631,No
C44580,7,561,No
C44581,12,564,No
C44582,8,718,No
C44583,6,633,No
C44584,4,664,No
C44585,3,644,No
C44586,5,669,No
C44587,13,672,No
C44588,6,607,No
C44589,2,629,No
C44590,13,680,No
C44591,10,644,No
C44592,4,676,No
C44593,9,576,No
C44594,10,580,No
C44595,3,518,No
C44596,8,577,No
C44597,5,595,No
C44598,4,562,No
C44599,4,642,No
C44600,5,560,No
C44601,5,525,No
C44602,4,676,No
C44603,3,610,No
C44604,7,557,No
C44605,4,645,No
C44606,3,682,No
C44607,4,687,No
C44608,3,614,No
C44609,8,682,No
C44610,3,640,No
C44611,6,664,No
C44612,5,664,No
C44613,3,586,No
C44614,2,655,No
C44615,9,621,No
C44616,8,629,No
C44617,5,617,No
C44618,3,552,No
C44619,5,492,No
C44620,9,656,No
C44621,7,537,No
C44622,4,578,No
C44623,7,652,No
C44624,9,573,No
C44625,3,686,No
C44626,3,617,No
C44627,4,649,No
C44628,22,735,No
C44629,3,687,No
C44630,7,685,No
C44631,4,583,No
C44632,6,653,No
C44633,7,536,No
C44634,4,554,No
C44635,4,612,No
C44636,14,677,No
C44637,4,557,No
C44638,8,673,No
C44639,2,685,No
C44640,2,672,No
C44641,4,573,No
C44642,8,673,No
C44643,11,695,No
C44644,2,659,No
C44645,5,624,No
C44646,4,521,No
C44647,3,616,No
C44648,4,679,No
C44649,4,670,No
C44650,5,586,No
C44651,4,602,No
C44652,7,623,No
C44653,2,654,No
C44654,3,663,No
C44655,3,573,No
C44656,5,666,No
C44657,3,609,No
C44658,13,661,No
C44659,12,767,No
C44660,4,636,No
C44661,3,665,No
C44662,4,657,No
C44663,9,558,No
C44664,4,635,No
C44665,8,639,No
C44666,2,658,No
C44667,5,676,No
C44668,3,598,No
C44669,4,577,No
C44670,9,593,No
C44671,4,640,No
C44672,4,553,No
C44673,3,583,No
C44674,4,674,No
C44675,4,658,No
C44676,3,637,No
C44677,2,462,No
C44678,5,589,No
C44679,9,666,No
C44680,11,723,No
C44681,13,672,No
C44682,4,675,No
C44683,12,578,No
C44684,4,646,No
C44685,7,646,No
C44686,4,587,No
C44687,8,618,No
C44688,7,648,No
C44689,5,584,No
C44690,13,626,No
C44691,12,690,No
C44692,4,651,No
C44693,8,617,No
C44694,3,626,No
C44695,4,659,No
C44696,5,532,No
C44697,3,658,No
C44698,4,648,No
C44699,14,726,No
C44700,3,599,No
C44701,4,590,No
C44702,5,643,No
C44703,15,665,No
C44704,13,574,No
C44705,11,669,No
C44706,20,751,No
C44707,5,714,No
C44708,8,612,No
C44709,4,607,No
C44710,4,582,No
C44711,7,592,No
C44712,4,640,No
C44713,4,637,No
C44714,3,646,No
C44715,3,657,No
C44716,4,647,No
C44717,3,622,No
C44718,7,593,No
C44719,6,658,No
C44720,3,676,No
C44721,3,626,No
C44722,6,642,No
C44723,15,673,No
C44724,7,709,No
C44725,8,648,No
C44726,3,585,No
C44727,5,636,No
C44728,4,552,No
C44729,4,638,No
C44730,4,558,No
C44731,7,643,No
C44732,3,620,No
C44733,4,647,No
C44734,5,642,No
C44735,16,723,No
C44736,4,598,No
C44737,4,570,No
C44738,6,702,No
C44739,6,704,No
C44740,5,570,No
C44741,4,597,No
C44742,7,715,No
C44743,3,629,No
C44744,3,635,No
C44745,12,627,No
C44746,10,595,No
C44747,15,708,No
C44748,5,588,No
C44749,3,682,No
C44750,5,682,No
C44751,5,618,No
C44752,3,578,No
C44753,8,677,No
C44754,3,636,No
C44755,3,488,No
C44756,2,673,No
C44757,4,644,No
C44758,10,682,No
C44759,4,685,No
C44760,3,684,No
C44761,3,623,No
C44762,10,600,No
C44763,10,663,No
C44764,9,604,No
C44765,6,659,No
C44766,3,702,No
C44767,5,524,No
C44768,3,581,No
C44769,2,592,No
C44770,8,676,No
C44771,5,551,No
C44772,5,599,No
C44773,8,673,No
C44774,4,583,No
C44775,10,668,No
C44776,4,691,No
C44777,2,609,No
C44778,3,618,No
C44779,6,708,No
C44780,2,677,No
C44781,4,672,No
C44782,3,636,No
C44783,3,547,No
C44784,4,660,No
C44785,6,614,No
C44786,2,674,No
C44787,4,684,No
C44788,5,662,No
C44789,4,670,No
C44790,3,607,No
C44791,7,505,No
C44792,3,672,No
C44793,4,641,No
C44794,4,655,No
C44795,12,671,No
C44796,15,709,No
C44797,6,555,No
C44798,4,559,No
C44799,6,654,No
C44800,5,541,No
C44801,3,623,No
C44802,6,604,No
C44803,9,667,No
C44804,4,539,No
C44805,4,702,No
C44806,3,527,No
C44807,13,720,No
C44808,3,608,No
C44809,12,562,No
C44810,7,648,No
C44811,11,586,No
C44812,6,574,No
C44813,4,622,No
C44814,3,636,No
C44815,7,687,No
C44816,4,650,No
C44817,5,675,No
C44818,3,592,No
C44819,4,594,No
C44820,6,602,No
C44821,6,644,No
C44822,9,679,No
C44823,13,529,No
C44824,3,507,No
C44825,6,647,No
C44826,5,637,No
C44827,3,671,No
C44828,2,622,No
C44829,6,712,No
C44830,4,607,No
C44831,11,662,No
C44832,4,604,No
C44833,8,683,No
C44834,4,590,No
C44835,4,561,No
C44836,4,539,No
C44837,4,689,No
C44838,8,630,No
C44839,2,640,No
C44840,4,622,No
C44841,5,649,No
C44842,3,576,No
C44843,6,651,No
C44844,5,668,No
C44845,3,534,No
C44846,6,610,No
C44847,6,523,No
C44848,3,669,No
C44849,3,629,No
C44850,5,644,No
C44851,8,658,No
C44852,15,571,No
C44853,3,667,No
C44854,11,642,No
C44855,8,621,No
C44856,4,565,No
C44857,7,553,No
C44858,3,672,No
C44859,7,691,No
C44860,9,591,No
C44861,3,621,No
C44862,15,728,No
C44863,5,652,No
C44864,9,681,No
C44865,7,664,No
C44866,14,706,No
C44867,7,652,No
C44868,6,640,No
C44869,8,627,No
C44870,3,659,No
C44871,5,642,No
C44872,10,573,No
C44873,4,557,No
C44874,3,653,No
C44875,4,587,No
C44876,3,629,No
C44877,4,677,No
C44878,7,591,No
C44879,5,664,No
C44880,4,630,No
C44881,2,629,No
C44882,3,628,No
C44883,2,571,No
C44884,2,601,No
C44885,2,670,No
C44886,4,614,No
C44887,14,590,No
C44888,13,599,No
C44889,4,635,No
C44890,9,620,No
C44891,3,630,No
C44892,6,619,No
C44893,6,644,No
C44894,4,585,No
C44895,3,657,No
C44896,5,666,No
C44897,5,692,No
C44898,4,612,No
C44899,9,530,No
C44900,4,671,No
C44901,5,554,No
C44902,3,675,No
C44903,4,571,No
C44904,5,668,No
C44905,2,600,No
C44906,4,716,No
C44907,3,642,No
C44908,10,591,No
C44909,4,591,No
C44910,3,641,No
C44911,5,676,No
C44912,6,663,No
C44913,4,542,No
C44914,8,547,No
C44915,11,597,No
C44916,3,649,No
C44917,14,665,No
C44918,4,647,No
C44919,6,637,No
C44920,11,691,No
C44921,3,603,No
C44922,3,676,No
C44923,9,634,No
C44924,18,705,No
C44925,3,599,No
C44926,4,642,No
C44927,5,632,No
C44928,7,613,No
C44929,5,655,No
C44930,6,690,No
C44931,4,647,No
C44932,8,623,No
C44933,13,616,No
C44934,10,674,No
C44935,8,614,No
C44936,6,634,No
C44937,4,626,No
C44938,4,603,No
C44939,3,711,No
C44940,10,645,No
C44941,7,535,No
C44942,3,619,No
C44943,8,650,No
C44944,7,605,No
C44945,3,666,No
C44946,4,668,No
C44947,4,634,No
C44948,16,689,No
C44949,10,691,No
C44950,2,706,No
C44951,3,674,No
C44952,8,696,No
C44953,3,656,No
C44954,15,576,No
C44955,4,482,No
C44956,3,575,No
C44957,4,528,No
C44958,7,711,No
C44959,4,712,No
C44960,4,636,No
C44961,9,660,No
C44962,4,640,No
C44963,2,657,No
C44964,6,686,No
C44965,8,694,No
C44966,8,655,No
C44967,5,620,No
C44968,5,654,No
C44969,6,587,No
C44970,7,622,No
C44971,5,641,No
C44972,7,664,No
C44973,15,720,No
C44974,3,648,No
C44975,3,653,No
C44976,4,679,No
C44977,3,645,No
C44978,14,594,No
C44979,3,509,No
C44980,4,668,No
C44981,8,648,No
C44982,4,604,No
C44983,5,609,No
C44984,7,626,No
C44985,4,592,No
C44986,12,718,No
C44987,8,707,No
C44988,7,662,No
C44989,6,677,No
C44990,3,624,No
C44991,7,722,No
C44992,4,612,No
C44993,4,487,No
C44994,5,505,No
C44995,4,678,No
C44996,3,645,No
C44997,11,621,No
C44998,10,668,No
C44999,6,604,No
C45000,3,628,No
